id_code,diagnosis,split_folder,path,label,cached_path
f8fc411092c7,2,test_images/test_images,/content/raw/test_images/test_images/f8fc411092c7.png,Moderate,/content/processed/images_320/f8fc411092c7.jpg
a384e688e228,0,train_images/train_images,/content/raw/train_images/train_images/a384e688e228.png,No DR,/content/processed/images_320/a384e688e228.jpg
e60e4edb3ca9,0,test_images/test_images,/content/raw/test_images/test_images/e60e4edb3ca9.png,No DR,/content/processed/images_320/e60e4edb3ca9.jpg
2a8a9e957a6c,1,train_images/train_images,/content/raw/train_images/train_images/2a8a9e957a6c.png,Mild,/content/processed/images_320/2a8a9e957a6c.jpg
8b26d3cd61e8,2,train_images/train_images,/content/raw/train_images/train_images/8b26d3cd61e8.png,Moderate,/content/processed/images_320/8b26d3cd61e8.jpg
236f56771ec6,2,train_images/train_images,/content/raw/train_images/train_images/236f56771ec6.png,Moderate,/content/processed/images_320/236f56771ec6.jpg
992599744a23,0,train_images/train_images,/content/raw/train_images/train_images/992599744a23.png,No DR,/content/processed/images_320/992599744a23.jpg
0afbeeef0ff7,0,val_images/val_images,/content/raw/val_images/val_images/0afbeeef0ff7.png,No DR,/content/processed/images_320/0afbeeef0ff7.jpg
eeaea2c5ff34,0,test_images/test_images,/content/raw/test_images/test_images/eeaea2c5ff34.png,No DR,/content/processed/images_320/eeaea2c5ff34.jpg
69df7ade0575,2,train_images/train_images,/content/raw/train_images/train_images/69df7ade0575.png,Moderate,/content/processed/images_320/69df7ade0575.jpg
0cbcc7b23613,0,val_images/val_images,/content/raw/val_images/val_images/0cbcc7b23613.png,No DR,/content/processed/images_320/0cbcc7b23613.jpg
d16e59a2b33a,0,train_images/train_images,/content/raw/train_images/train_images/d16e59a2b33a.png,No DR,/content/processed/images_320/d16e59a2b33a.jpg
84a72e15b23c,1,train_images/train_images,/content/raw/train_images/train_images/84a72e15b23c.png,Mild,/content/processed/images_320/84a72e15b23c.jpg
905cc86bf100,4,train_images/train_images,/content/raw/train_images/train_images/905cc86bf100.png,Proliferative DR,/content/processed/images_320/905cc86bf100.jpg
0a9ec1e99ce4,2,val_images/val_images,/content/raw/val_images/val_images/0a9ec1e99ce4.png,Moderate,/content/processed/images_320/0a9ec1e99ce4.jpg
7ec0e61a7e29,0,train_images/train_images,/content/raw/train_images/train_images/7ec0e61a7e29.png,No DR,/content/processed/images_320/7ec0e61a7e29.jpg
9e2ba2b979f1,0,train_images/train_images,/content/raw/train_images/train_images/9e2ba2b979f1.png,No DR,/content/processed/images_320/9e2ba2b979f1.jpg
cb02bb47fdc5,0,train_images/train_images,/content/raw/train_images/train_images/cb02bb47fdc5.png,No DR,/content/processed/images_320/cb02bb47fdc5.jpg
c5e238aa18be,4,train_images/train_images,/content/raw/train_images/train_images/c5e238aa18be.png,Proliferative DR,/content/processed/images_320/c5e238aa18be.jpg
1f63d44d9e3c,2,train_images/train_images,/content/raw/train_images/train_images/1f63d44d9e3c.png,Moderate,/content/processed/images_320/1f63d44d9e3c.jpg
f8f5942b690e,0,test_images/test_images,/content/raw/test_images/test_images/f8f5942b690e.png,No DR,/content/processed/images_320/f8f5942b690e.jpg
582115961a3d,1,train_images/train_images,/content/raw/train_images/train_images/582115961a3d.png,Mild,/content/processed/images_320/582115961a3d.jpg
af87d48ffe01,0,train_images/train_images,/content/raw/train_images/train_images/af87d48ffe01.png,No DR,/content/processed/images_320/af87d48ffe01.jpg
c546670d9684,0,train_images/train_images,/content/raw/train_images/train_images/c546670d9684.png,No DR,/content/processed/images_320/c546670d9684.jpg
894a37fc3738,0,train_images/train_images,/content/raw/train_images/train_images/894a37fc3738.png,No DR,/content/processed/images_320/894a37fc3738.jpg
8660e1864665,0,train_images/train_images,/content/raw/train_images/train_images/8660e1864665.png,No DR,/content/processed/images_320/8660e1864665.jpg
a188c60b93fb,0,train_images/train_images,/content/raw/train_images/train_images/a188c60b93fb.png,No DR,/content/processed/images_320/a188c60b93fb.jpg
e93394175a19,3,test_images/test_images,/content/raw/test_images/test_images/e93394175a19.png,Severe,/content/processed/images_320/e93394175a19.jpg
8dafa62f9322,0,train_images/train_images,/content/raw/train_images/train_images/8dafa62f9322.png,No DR,/content/processed/images_320/8dafa62f9322.jpg
2f42e20db938,3,train_images/train_images,/content/raw/train_images/train_images/2f42e20db938.png,Severe,/content/processed/images_320/2f42e20db938.jpg
c639d837f5e4,0,train_images/train_images,/content/raw/train_images/train_images/c639d837f5e4.png,No DR,/content/processed/images_320/c639d837f5e4.jpg
d4be0403e6ab,2,train_images/train_images,/content/raw/train_images/train_images/d4be0403e6ab.png,Moderate,/content/processed/images_320/d4be0403e6ab.jpg
ad1aa75d5630,0,train_images/train_images,/content/raw/train_images/train_images/ad1aa75d5630.png,No DR,/content/processed/images_320/ad1aa75d5630.jpg
5d9c841eb245,0,train_images/train_images,/content/raw/train_images/train_images/5d9c841eb245.png,No DR,/content/processed/images_320/5d9c841eb245.jpg
2376e5415458,2,train_images/train_images,/content/raw/train_images/train_images/2376e5415458.png,Moderate,/content/processed/images_320/2376e5415458.jpg
10a5026eb8e6,0,val_images/val_images,/content/raw/val_images/val_images/10a5026eb8e6.png,No DR,/content/processed/images_320/10a5026eb8e6.jpg
aabd867043cf,0,train_images/train_images,/content/raw/train_images/train_images/aabd867043cf.png,No DR,/content/processed/images_320/aabd867043cf.jpg
df5ce3ea7820,2,train_images/train_images,/content/raw/train_images/train_images/df5ce3ea7820.png,Moderate,/content/processed/images_320/df5ce3ea7820.jpg
a15590a7d774,2,train_images/train_images,/content/raw/train_images/train_images/a15590a7d774.png,Moderate,/content/processed/images_320/a15590a7d774.jpg
2f7fbdcc9a4b,0,train_images/train_images,/content/raw/train_images/train_images/2f7fbdcc9a4b.png,No DR,/content/processed/images_320/2f7fbdcc9a4b.jpg
527bea76116c,2,train_images/train_images,/content/raw/train_images/train_images/527bea76116c.png,Moderate,/content/processed/images_320/527bea76116c.jpg
5cc6dea19614,2,train_images/train_images,/content/raw/train_images/train_images/5cc6dea19614.png,Moderate,/content/processed/images_320/5cc6dea19614.jpg
a3132c8828e4,0,train_images/train_images,/content/raw/train_images/train_images/a3132c8828e4.png,No DR,/content/processed/images_320/a3132c8828e4.jpg
68ddb15a74de,0,train_images/train_images,/content/raw/train_images/train_images/68ddb15a74de.png,No DR,/content/processed/images_320/68ddb15a74de.jpg
9be71d6d7e59,0,train_images/train_images,/content/raw/train_images/train_images/9be71d6d7e59.png,No DR,/content/processed/images_320/9be71d6d7e59.jpg
0cae727cf119,0,val_images/val_images,/content/raw/val_images/val_images/0cae727cf119.png,No DR,/content/processed/images_320/0cae727cf119.jpg
addf66a50f42,0,train_images/train_images,/content/raw/train_images/train_images/addf66a50f42.png,No DR,/content/processed/images_320/addf66a50f42.jpg
1dfe599d12a9,0,train_images/train_images,/content/raw/train_images/train_images/1dfe599d12a9.png,No DR,/content/processed/images_320/1dfe599d12a9.jpg
838b3e4d0bb4,0,train_images/train_images,/content/raw/train_images/train_images/838b3e4d0bb4.png,No DR,/content/processed/images_320/838b3e4d0bb4.jpg
89ed6a0dd53f,1,train_images/train_images,/content/raw/train_images/train_images/89ed6a0dd53f.png,Mild,/content/processed/images_320/89ed6a0dd53f.jpg
0fcfc6301f3d,2,val_images/val_images,/content/raw/val_images/val_images/0fcfc6301f3d.png,Moderate,/content/processed/images_320/0fcfc6301f3d.jpg
0709652336e2,0,val_images/val_images,/content/raw/val_images/val_images/0709652336e2.png,No DR,/content/processed/images_320/0709652336e2.jpg
012a242ac6ff,2,val_images/val_images,/content/raw/val_images/val_images/012a242ac6ff.png,Moderate,/content/processed/images_320/012a242ac6ff.jpg
6155cf375354,0,train_images/train_images,/content/raw/train_images/train_images/6155cf375354.png,No DR,/content/processed/images_320/6155cf375354.jpg
1df1530b9b8d,0,train_images/train_images,/content/raw/train_images/train_images/1df1530b9b8d.png,No DR,/content/processed/images_320/1df1530b9b8d.jpg
a476fd984005,2,train_images/train_images,/content/raw/train_images/train_images/a476fd984005.png,Moderate,/content/processed/images_320/a476fd984005.jpg
4a05f81b3aba,0,train_images/train_images,/content/raw/train_images/train_images/4a05f81b3aba.png,No DR,/content/processed/images_320/4a05f81b3aba.jpg
61e301bd3c25,4,train_images/train_images,/content/raw/train_images/train_images/61e301bd3c25.png,Proliferative DR,/content/processed/images_320/61e301bd3c25.jpg
a654b25124c3,0,train_images/train_images,/content/raw/train_images/train_images/a654b25124c3.png,No DR,/content/processed/images_320/a654b25124c3.jpg
842d697884f6,2,train_images/train_images,/content/raw/train_images/train_images/842d697884f6.png,Moderate,/content/processed/images_320/842d697884f6.jpg
25b4080f598b,0,train_images/train_images,/content/raw/train_images/train_images/25b4080f598b.png,No DR,/content/processed/images_320/25b4080f598b.jpg
a688f20f8895,2,train_images/train_images,/content/raw/train_images/train_images/a688f20f8895.png,Moderate,/content/processed/images_320/a688f20f8895.jpg
d18e5b68f6d2,2,train_images/train_images,/content/raw/train_images/train_images/d18e5b68f6d2.png,Moderate,/content/processed/images_320/d18e5b68f6d2.jpg
b35cad8fe2d7,0,train_images/train_images,/content/raw/train_images/train_images/b35cad8fe2d7.png,No DR,/content/processed/images_320/b35cad8fe2d7.jpg
7c2f820a6425,2,train_images/train_images,/content/raw/train_images/train_images/7c2f820a6425.png,Moderate,/content/processed/images_320/7c2f820a6425.jpg
07e827469099,0,val_images/val_images,/content/raw/val_images/val_images/07e827469099.png,No DR,/content/processed/images_320/07e827469099.jpg
50d8a8fb7737,2,train_images/train_images,/content/raw/train_images/train_images/50d8a8fb7737.png,Moderate,/content/processed/images_320/50d8a8fb7737.jpg
aaaadb174012,0,train_images/train_images,/content/raw/train_images/train_images/aaaadb174012.png,No DR,/content/processed/images_320/aaaadb174012.jpg
48afe8c47454,2,train_images/train_images,/content/raw/train_images/train_images/48afe8c47454.png,Moderate,/content/processed/images_320/48afe8c47454.jpg
5ad3dabeb2cd,0,train_images/train_images,/content/raw/train_images/train_images/5ad3dabeb2cd.png,No DR,/content/processed/images_320/5ad3dabeb2cd.jpg
2cfe8703f265,0,train_images/train_images,/content/raw/train_images/train_images/2cfe8703f265.png,No DR,/content/processed/images_320/2cfe8703f265.jpg
848e66b9e199,0,train_images/train_images,/content/raw/train_images/train_images/848e66b9e199.png,No DR,/content/processed/images_320/848e66b9e199.jpg
499c8df39222,4,train_images/train_images,/content/raw/train_images/train_images/499c8df39222.png,Proliferative DR,/content/processed/images_320/499c8df39222.jpg
810ed108f5b7,0,train_images/train_images,/content/raw/train_images/train_images/810ed108f5b7.png,No DR,/content/processed/images_320/810ed108f5b7.jpg
27933cdbe0cc,0,train_images/train_images,/content/raw/train_images/train_images/27933cdbe0cc.png,No DR,/content/processed/images_320/27933cdbe0cc.jpg
7d1da90d3ca9,2,train_images/train_images,/content/raw/train_images/train_images/7d1da90d3ca9.png,Moderate,/content/processed/images_320/7d1da90d3ca9.jpg
9de9421f17e3,0,train_images/train_images,/content/raw/train_images/train_images/9de9421f17e3.png,No DR,/content/processed/images_320/9de9421f17e3.jpg
1ffaa51a6245,2,train_images/train_images,/content/raw/train_images/train_images/1ffaa51a6245.png,Moderate,/content/processed/images_320/1ffaa51a6245.jpg
9a9b21215c55,2,train_images/train_images,/content/raw/train_images/train_images/9a9b21215c55.png,Moderate,/content/processed/images_320/9a9b21215c55.jpg
308f7fce6f0d,2,train_images/train_images,/content/raw/train_images/train_images/308f7fce6f0d.png,Moderate,/content/processed/images_320/308f7fce6f0d.jpg
4927945ecfed,0,train_images/train_images,/content/raw/train_images/train_images/4927945ecfed.png,No DR,/content/processed/images_320/4927945ecfed.jpg
2bd4d4fbed5c,2,train_images/train_images,/content/raw/train_images/train_images/2bd4d4fbed5c.png,Moderate,/content/processed/images_320/2bd4d4fbed5c.jpg
e5197d77ec68,0,test_images/test_images,/content/raw/test_images/test_images/e5197d77ec68.png,No DR,/content/processed/images_320/e5197d77ec68.jpg
df6d13d04da1,0,train_images/train_images,/content/raw/train_images/train_images/df6d13d04da1.png,No DR,/content/processed/images_320/df6d13d04da1.jpg
5173d54fc214,2,train_images/train_images,/content/raw/train_images/train_images/5173d54fc214.png,Moderate,/content/processed/images_320/5173d54fc214.jpg
66375b3c64db,4,train_images/train_images,/content/raw/train_images/train_images/66375b3c64db.png,Proliferative DR,/content/processed/images_320/66375b3c64db.jpg
42a850acd2ac,2,train_images/train_images,/content/raw/train_images/train_images/42a850acd2ac.png,Moderate,/content/processed/images_320/42a850acd2ac.jpg
e019b3e0f33d,4,train_images/train_images,/content/raw/train_images/train_images/e019b3e0f33d.png,Proliferative DR,/content/processed/images_320/e019b3e0f33d.jpg
891392c9683c,2,train_images/train_images,/content/raw/train_images/train_images/891392c9683c.png,Moderate,/content/processed/images_320/891392c9683c.jpg
2d04cead4d3a,0,train_images/train_images,/content/raw/train_images/train_images/2d04cead4d3a.png,No DR,/content/processed/images_320/2d04cead4d3a.jpg
4982378d72f9,0,train_images/train_images,/content/raw/train_images/train_images/4982378d72f9.png,No DR,/content/processed/images_320/4982378d72f9.jpg
144b01e7b993,2,val_images/val_images,/content/raw/val_images/val_images/144b01e7b993.png,Moderate,/content/processed/images_320/144b01e7b993.jpg
7427dedafccf,1,train_images/train_images,/content/raw/train_images/train_images/7427dedafccf.png,Mild,/content/processed/images_320/7427dedafccf.jpg
8201cab8322d,3,train_images/train_images,/content/raw/train_images/train_images/8201cab8322d.png,Severe,/content/processed/images_320/8201cab8322d.jpg
3b4a5fcbe5e0,4,train_images/train_images,/content/raw/train_images/train_images/3b4a5fcbe5e0.png,Proliferative DR,/content/processed/images_320/3b4a5fcbe5e0.jpg
2b10f138e67d,0,train_images/train_images,/content/raw/train_images/train_images/2b10f138e67d.png,No DR,/content/processed/images_320/2b10f138e67d.jpg
f3a88d3026dc,2,test_images/test_images,/content/raw/test_images/test_images/f3a88d3026dc.png,Moderate,/content/processed/images_320/f3a88d3026dc.jpg
d1f1ea894da1,2,train_images/train_images,/content/raw/train_images/train_images/d1f1ea894da1.png,Moderate,/content/processed/images_320/d1f1ea894da1.jpg
1124ffcd76c2,2,val_images/val_images,/content/raw/val_images/val_images/1124ffcd76c2.png,Moderate,/content/processed/images_320/1124ffcd76c2.jpg
941d874c8afb,0,train_images/train_images,/content/raw/train_images/train_images/941d874c8afb.png,No DR,/content/processed/images_320/941d874c8afb.jpg
282bc792d23a,2,train_images/train_images,/content/raw/train_images/train_images/282bc792d23a.png,Moderate,/content/processed/images_320/282bc792d23a.jpg
3cab32dd6ef9,0,train_images/train_images,/content/raw/train_images/train_images/3cab32dd6ef9.png,No DR,/content/processed/images_320/3cab32dd6ef9.jpg
3f82631e9080,0,train_images/train_images,/content/raw/train_images/train_images/3f82631e9080.png,No DR,/content/processed/images_320/3f82631e9080.jpg
6e73acb2cf60,4,train_images/train_images,/content/raw/train_images/train_images/6e73acb2cf60.png,Proliferative DR,/content/processed/images_320/6e73acb2cf60.jpg
3fe282197c1c,0,train_images/train_images,/content/raw/train_images/train_images/3fe282197c1c.png,No DR,/content/processed/images_320/3fe282197c1c.jpg
103f97a2ab15,0,val_images/val_images,/content/raw/val_images/val_images/103f97a2ab15.png,No DR,/content/processed/images_320/103f97a2ab15.jpg
f55e1d2a19e4,1,test_images/test_images,/content/raw/test_images/test_images/f55e1d2a19e4.png,Mild,/content/processed/images_320/f55e1d2a19e4.jpg
a95858e052d6,1,train_images/train_images,/content/raw/train_images/train_images/a95858e052d6.png,Mild,/content/processed/images_320/a95858e052d6.jpg
fbfa925506f6,0,test_images/test_images,/content/raw/test_images/test_images/fbfa925506f6.png,No DR,/content/processed/images_320/fbfa925506f6.jpg
9e2058917304,0,train_images/train_images,/content/raw/train_images/train_images/9e2058917304.png,No DR,/content/processed/images_320/9e2058917304.jpg
44e0d56e9d42,2,train_images/train_images,/content/raw/train_images/train_images/44e0d56e9d42.png,Moderate,/content/processed/images_320/44e0d56e9d42.jpg
82bb8a01935f,4,train_images/train_images,/content/raw/train_images/train_images/82bb8a01935f.png,Proliferative DR,/content/processed/images_320/82bb8a01935f.jpg
2e26762daed5,2,train_images/train_images,/content/raw/train_images/train_images/2e26762daed5.png,Moderate,/content/processed/images_320/2e26762daed5.jpg
98f7136d2e7a,2,train_images/train_images,/content/raw/train_images/train_images/98f7136d2e7a.png,Moderate,/content/processed/images_320/98f7136d2e7a.jpg
a3b2e93d058b,2,train_images/train_images,/content/raw/train_images/train_images/a3b2e93d058b.png,Moderate,/content/processed/images_320/a3b2e93d058b.jpg
8dfff47b06b7,2,train_images/train_images,/content/raw/train_images/train_images/8dfff47b06b7.png,Moderate,/content/processed/images_320/8dfff47b06b7.jpg
3ffa14d60b24,2,train_images/train_images,/content/raw/train_images/train_images/3ffa14d60b24.png,Moderate,/content/processed/images_320/3ffa14d60b24.jpg
b71428739d4e,1,train_images/train_images,/content/raw/train_images/train_images/b71428739d4e.png,Mild,/content/processed/images_320/b71428739d4e.jpg
91e2c2890c9f,2,train_images/train_images,/content/raw/train_images/train_images/91e2c2890c9f.png,Moderate,/content/processed/images_320/91e2c2890c9f.jpg
fac399455195,2,test_images/test_images,/content/raw/test_images/test_images/fac399455195.png,Moderate,/content/processed/images_320/fac399455195.jpg
408ea9d5e082,4,train_images/train_images,/content/raw/train_images/train_images/408ea9d5e082.png,Proliferative DR,/content/processed/images_320/408ea9d5e082.jpg
a61723fc38c2,0,train_images/train_images,/content/raw/train_images/train_images/a61723fc38c2.png,No DR,/content/processed/images_320/a61723fc38c2.jpg
7eee3d1f1268,0,train_images/train_images,/content/raw/train_images/train_images/7eee3d1f1268.png,No DR,/content/processed/images_320/7eee3d1f1268.jpg
1f4bf8e28b41,2,train_images/train_images,/content/raw/train_images/train_images/1f4bf8e28b41.png,Moderate,/content/processed/images_320/1f4bf8e28b41.jpg
762d6e5d5068,3,train_images/train_images,/content/raw/train_images/train_images/762d6e5d5068.png,Severe,/content/processed/images_320/762d6e5d5068.jpg
fb767cea406c,0,test_images/test_images,/content/raw/test_images/test_images/fb767cea406c.png,No DR,/content/processed/images_320/fb767cea406c.jpg
21037f5c7790,0,train_images/train_images,/content/raw/train_images/train_images/21037f5c7790.png,No DR,/content/processed/images_320/21037f5c7790.jpg
87b1938994b5,2,train_images/train_images,/content/raw/train_images/train_images/87b1938994b5.png,Moderate,/content/processed/images_320/87b1938994b5.jpg
cbe633765ea7,0,train_images/train_images,/content/raw/train_images/train_images/cbe633765ea7.png,No DR,/content/processed/images_320/cbe633765ea7.jpg
3cd801ffdbf0,2,train_images/train_images,/content/raw/train_images/train_images/3cd801ffdbf0.png,Moderate,/content/processed/images_320/3cd801ffdbf0.jpg
d8cdb7d7283a,2,train_images/train_images,/content/raw/train_images/train_images/d8cdb7d7283a.png,Moderate,/content/processed/images_320/d8cdb7d7283a.jpg
b7aca95b97b9,0,train_images/train_images,/content/raw/train_images/train_images/b7aca95b97b9.png,No DR,/content/processed/images_320/b7aca95b97b9.jpg
ca891d37a43c,2,train_images/train_images,/content/raw/train_images/train_images/ca891d37a43c.png,Moderate,/content/processed/images_320/ca891d37a43c.jpg
6ea07d19b4ce,1,train_images/train_images,/content/raw/train_images/train_images/6ea07d19b4ce.png,Mild,/content/processed/images_320/6ea07d19b4ce.jpg
e0b5a982a018,3,train_images/train_images,/content/raw/train_images/train_images/e0b5a982a018.png,Severe,/content/processed/images_320/e0b5a982a018.jpg
c01eae4b4939,4,train_images/train_images,/content/raw/train_images/train_images/c01eae4b4939.png,Proliferative DR,/content/processed/images_320/c01eae4b4939.jpg
a8582e346df0,1,train_images/train_images,/content/raw/train_images/train_images/a8582e346df0.png,Mild,/content/processed/images_320/a8582e346df0.jpg
f7defe70afc3,0,test_images/test_images,/content/raw/test_images/test_images/f7defe70afc3.png,No DR,/content/processed/images_320/f7defe70afc3.jpg
0423237770a7,0,val_images/val_images,/content/raw/val_images/val_images/0423237770a7.png,No DR,/content/processed/images_320/0423237770a7.jpg
e4dcca36ceb4,0,test_images/test_images,/content/raw/test_images/test_images/e4dcca36ceb4.png,No DR,/content/processed/images_320/e4dcca36ceb4.jpg
1df0a4c23c95,0,train_images/train_images,/content/raw/train_images/train_images/1df0a4c23c95.png,No DR,/content/processed/images_320/1df0a4c23c95.jpg
38e0e28d35d3,1,train_images/train_images,/content/raw/train_images/train_images/38e0e28d35d3.png,Mild,/content/processed/images_320/38e0e28d35d3.jpg
7e70344b0c25,0,train_images/train_images,/content/raw/train_images/train_images/7e70344b0c25.png,No DR,/content/processed/images_320/7e70344b0c25.jpg
62b826899151,0,train_images/train_images,/content/raw/train_images/train_images/62b826899151.png,No DR,/content/processed/images_320/62b826899151.jpg
942f544c4e15,0,train_images/train_images,/content/raw/train_images/train_images/942f544c4e15.png,No DR,/content/processed/images_320/942f544c4e15.jpg
c18a006f7f1d,0,train_images/train_images,/content/raw/train_images/train_images/c18a006f7f1d.png,No DR,/content/processed/images_320/c18a006f7f1d.jpg
bfaa0080ab61,2,train_images/train_images,/content/raw/train_images/train_images/bfaa0080ab61.png,Moderate,/content/processed/images_320/bfaa0080ab61.jpg
12ef75375322,0,val_images/val_images,/content/raw/val_images/val_images/12ef75375322.png,No DR,/content/processed/images_320/12ef75375322.jpg
1ee355480567,0,train_images/train_images,/content/raw/train_images/train_images/1ee355480567.png,No DR,/content/processed/images_320/1ee355480567.jpg
1df0431bfa73,0,train_images/train_images,/content/raw/train_images/train_images/1df0431bfa73.png,No DR,/content/processed/images_320/1df0431bfa73.jpg
b0c9a492e068,0,train_images/train_images,/content/raw/train_images/train_images/b0c9a492e068.png,No DR,/content/processed/images_320/b0c9a492e068.jpg
7e77b61e1639,0,train_images/train_images,/content/raw/train_images/train_images/7e77b61e1639.png,No DR,/content/processed/images_320/7e77b61e1639.jpg
0d0b8fc9ab5c,0,val_images/val_images,/content/raw/val_images/val_images/0d0b8fc9ab5c.png,No DR,/content/processed/images_320/0d0b8fc9ab5c.jpg
80c67efc8101,0,train_images/train_images,/content/raw/train_images/train_images/80c67efc8101.png,No DR,/content/processed/images_320/80c67efc8101.jpg
0efc93ec838b,2,val_images/val_images,/content/raw/val_images/val_images/0efc93ec838b.png,Moderate,/content/processed/images_320/0efc93ec838b.jpg
2af1bf226f51,2,train_images/train_images,/content/raw/train_images/train_images/2af1bf226f51.png,Moderate,/content/processed/images_320/2af1bf226f51.jpg
9dab2e6ba44b,2,train_images/train_images,/content/raw/train_images/train_images/9dab2e6ba44b.png,Moderate,/content/processed/images_320/9dab2e6ba44b.jpg
d952dbfb0fe4,2,train_images/train_images,/content/raw/train_images/train_images/d952dbfb0fe4.png,Moderate,/content/processed/images_320/d952dbfb0fe4.jpg
75369248dba0,0,train_images/train_images,/content/raw/train_images/train_images/75369248dba0.png,No DR,/content/processed/images_320/75369248dba0.jpg
6e68e742f5bc,2,train_images/train_images,/content/raw/train_images/train_images/6e68e742f5bc.png,Moderate,/content/processed/images_320/6e68e742f5bc.jpg
958c1fa044ba,0,train_images/train_images,/content/raw/train_images/train_images/958c1fa044ba.png,No DR,/content/processed/images_320/958c1fa044ba.jpg
2a08ed6bbcbc,1,train_images/train_images,/content/raw/train_images/train_images/2a08ed6bbcbc.png,Mild,/content/processed/images_320/2a08ed6bbcbc.jpg
1601c939412f,0,val_images/val_images,/content/raw/val_images/val_images/1601c939412f.png,No DR,/content/processed/images_320/1601c939412f.jpg
b16dd4483ca5,0,train_images/train_images,/content/raw/train_images/train_images/b16dd4483ca5.png,No DR,/content/processed/images_320/b16dd4483ca5.jpg
4958bfcc9f38,0,train_images/train_images,/content/raw/train_images/train_images/4958bfcc9f38.png,No DR,/content/processed/images_320/4958bfcc9f38.jpg
c4aef0d88d1b,0,train_images/train_images,/content/raw/train_images/train_images/c4aef0d88d1b.png,No DR,/content/processed/images_320/c4aef0d88d1b.jpg
3132556f5352,0,train_images/train_images,/content/raw/train_images/train_images/3132556f5352.png,No DR,/content/processed/images_320/3132556f5352.jpg
aa6242f9e08c,0,train_images/train_images,/content/raw/train_images/train_images/aa6242f9e08c.png,No DR,/content/processed/images_320/aa6242f9e08c.jpg
dd90c321d7bc,0,train_images/train_images,/content/raw/train_images/train_images/dd90c321d7bc.png,No DR,/content/processed/images_320/dd90c321d7bc.jpg
26453eb7e989,2,train_images/train_images,/content/raw/train_images/train_images/26453eb7e989.png,Moderate,/content/processed/images_320/26453eb7e989.jpg
946545473380,0,train_images/train_images,/content/raw/train_images/train_images/946545473380.png,No DR,/content/processed/images_320/946545473380.jpg
f45f1485c940,2,test_images/test_images,/content/raw/test_images/test_images/f45f1485c940.png,Moderate,/content/processed/images_320/f45f1485c940.jpg
bf7221a016b5,0,train_images/train_images,/content/raw/train_images/train_images/bf7221a016b5.png,No DR,/content/processed/images_320/bf7221a016b5.jpg
cb2f3c5d71a7,1,train_images/train_images,/content/raw/train_images/train_images/cb2f3c5d71a7.png,Mild,/content/processed/images_320/cb2f3c5d71a7.jpg
5e18af29d812,2,train_images/train_images,/content/raw/train_images/train_images/5e18af29d812.png,Moderate,/content/processed/images_320/5e18af29d812.jpg
c9485c38fdd5,1,train_images/train_images,/content/raw/train_images/train_images/c9485c38fdd5.png,Mild,/content/processed/images_320/c9485c38fdd5.jpg
44855f666225,2,train_images/train_images,/content/raw/train_images/train_images/44855f666225.png,Moderate,/content/processed/images_320/44855f666225.jpg
99240ee00485,0,train_images/train_images,/content/raw/train_images/train_images/99240ee00485.png,No DR,/content/processed/images_320/99240ee00485.jpg
b37aae3c8fe1,4,train_images/train_images,/content/raw/train_images/train_images/b37aae3c8fe1.png,Proliferative DR,/content/processed/images_320/b37aae3c8fe1.jpg
fd0a70082e7c,0,test_images/test_images,/content/raw/test_images/test_images/fd0a70082e7c.png,No DR,/content/processed/images_320/fd0a70082e7c.jpg
2a5a8b744f08,2,train_images/train_images,/content/raw/train_images/train_images/2a5a8b744f08.png,Moderate,/content/processed/images_320/2a5a8b744f08.jpg
060e00d1e2ab,0,val_images/val_images,/content/raw/val_images/val_images/060e00d1e2ab.png,No DR,/content/processed/images_320/060e00d1e2ab.jpg
fdbc252813b1,0,test_images/test_images,/content/raw/test_images/test_images/fdbc252813b1.png,No DR,/content/processed/images_320/fdbc252813b1.jpg
c52bb7343387,2,train_images/train_images,/content/raw/train_images/train_images/c52bb7343387.png,Moderate,/content/processed/images_320/c52bb7343387.jpg
0a3202889f4d,1,val_images/val_images,/content/raw/val_images/val_images/0a3202889f4d.png,Mild,/content/processed/images_320/0a3202889f4d.jpg
7c6594b50690,0,train_images/train_images,/content/raw/train_images/train_images/7c6594b50690.png,No DR,/content/processed/images_320/7c6594b50690.jpg
367c7049929c,2,train_images/train_images,/content/raw/train_images/train_images/367c7049929c.png,Moderate,/content/processed/images_320/367c7049929c.jpg
e85d410d6836,2,test_images/test_images,/content/raw/test_images/test_images/e85d410d6836.png,Moderate,/content/processed/images_320/e85d410d6836.jpg
bb9a3d835a94,1,train_images/train_images,/content/raw/train_images/train_images/bb9a3d835a94.png,Mild,/content/processed/images_320/bb9a3d835a94.jpg
c0e509786f7f,4,train_images/train_images,/content/raw/train_images/train_images/c0e509786f7f.png,Proliferative DR,/content/processed/images_320/c0e509786f7f.jpg
09c8323c612e,0,val_images/val_images,/content/raw/val_images/val_images/09c8323c612e.png,No DR,/content/processed/images_320/09c8323c612e.jpg
6b7cf869622a,2,train_images/train_images,/content/raw/train_images/train_images/6b7cf869622a.png,Moderate,/content/processed/images_320/6b7cf869622a.jpg
d6dbb0820ea5,0,train_images/train_images,/content/raw/train_images/train_images/d6dbb0820ea5.png,No DR,/content/processed/images_320/d6dbb0820ea5.jpg
42b93b574f23,2,train_images/train_images,/content/raw/train_images/train_images/42b93b574f23.png,Moderate,/content/processed/images_320/42b93b574f23.jpg
03676c71ed1b,2,val_images/val_images,/content/raw/val_images/val_images/03676c71ed1b.png,Moderate,/content/processed/images_320/03676c71ed1b.jpg
fb1b8771c70a,0,test_images/test_images,/content/raw/test_images/test_images/fb1b8771c70a.png,No DR,/content/processed/images_320/fb1b8771c70a.jpg
c3789c1dab96,0,train_images/train_images,/content/raw/train_images/train_images/c3789c1dab96.png,No DR,/content/processed/images_320/c3789c1dab96.jpg
f42b693a9414,0,test_images/test_images,/content/raw/test_images/test_images/f42b693a9414.png,No DR,/content/processed/images_320/f42b693a9414.jpg
08c17a2d95b7,2,val_images/val_images,/content/raw/val_images/val_images/08c17a2d95b7.png,Moderate,/content/processed/images_320/08c17a2d95b7.jpg
1b862fb6f65d,0,train_images/train_images,/content/raw/train_images/train_images/1b862fb6f65d.png,No DR,/content/processed/images_320/1b862fb6f65d.jpg
0f882877bf13,3,val_images/val_images,/content/raw/val_images/val_images/0f882877bf13.png,Severe,/content/processed/images_320/0f882877bf13.jpg
59e5212f7139,1,train_images/train_images,/content/raw/train_images/train_images/59e5212f7139.png,Mild,/content/processed/images_320/59e5212f7139.jpg
d16398c971e9,3,train_images/train_images,/content/raw/train_images/train_images/d16398c971e9.png,Severe,/content/processed/images_320/d16398c971e9.jpg
3ce2f8a77a32,0,train_images/train_images,/content/raw/train_images/train_images/3ce2f8a77a32.png,No DR,/content/processed/images_320/3ce2f8a77a32.jpg
e47770a2e5d1,0,train_images/train_images,/content/raw/train_images/train_images/e47770a2e5d1.png,No DR,/content/processed/images_320/e47770a2e5d1.jpg
4e4a6224a04e,0,train_images/train_images,/content/raw/train_images/train_images/4e4a6224a04e.png,No DR,/content/processed/images_320/4e4a6224a04e.jpg
60e269e3e188,2,train_images/train_images,/content/raw/train_images/train_images/60e269e3e188.png,Moderate,/content/processed/images_320/60e269e3e188.jpg
90a9a41eec6d,0,train_images/train_images,/content/raw/train_images/train_images/90a9a41eec6d.png,No DR,/content/processed/images_320/90a9a41eec6d.jpg
a664d2055886,2,train_images/train_images,/content/raw/train_images/train_images/a664d2055886.png,Moderate,/content/processed/images_320/a664d2055886.jpg
1fb455685328,0,train_images/train_images,/content/raw/train_images/train_images/1fb455685328.png,No DR,/content/processed/images_320/1fb455685328.jpg
7877be80901c,2,train_images/train_images,/content/raw/train_images/train_images/7877be80901c.png,Moderate,/content/processed/images_320/7877be80901c.jpg
32d7d360d891,0,train_images/train_images,/content/raw/train_images/train_images/32d7d360d891.png,No DR,/content/processed/images_320/32d7d360d891.jpg
18f1f979d30d,2,val_images/val_images,/content/raw/val_images/val_images/18f1f979d30d.png,Moderate,/content/processed/images_320/18f1f979d30d.jpg
2d558de2cabe,0,train_images/train_images,/content/raw/train_images/train_images/2d558de2cabe.png,No DR,/content/processed/images_320/2d558de2cabe.jpg
093cf723fede,0,val_images/val_images,/content/raw/val_images/val_images/093cf723fede.png,No DR,/content/processed/images_320/093cf723fede.jpg
aafb0c944f14,0,train_images/train_images,/content/raw/train_images/train_images/aafb0c944f14.png,No DR,/content/processed/images_320/aafb0c944f14.jpg
95e732e043a1,4,train_images/train_images,/content/raw/train_images/train_images/95e732e043a1.png,Proliferative DR,/content/processed/images_320/95e732e043a1.jpg
a66c3165876f,2,train_images/train_images,/content/raw/train_images/train_images/a66c3165876f.png,Moderate,/content/processed/images_320/a66c3165876f.jpg
55fd453001cc,2,train_images/train_images,/content/raw/train_images/train_images/55fd453001cc.png,Moderate,/content/processed/images_320/55fd453001cc.jpg
a125377fb985,2,train_images/train_images,/content/raw/train_images/train_images/a125377fb985.png,Moderate,/content/processed/images_320/a125377fb985.jpg
6bf2a81a5d91,0,train_images/train_images,/content/raw/train_images/train_images/6bf2a81a5d91.png,No DR,/content/processed/images_320/6bf2a81a5d91.jpg
af828dab3ffc,2,train_images/train_images,/content/raw/train_images/train_images/af828dab3ffc.png,Moderate,/content/processed/images_320/af828dab3ffc.jpg
edceb0657d77,0,test_images/test_images,/content/raw/test_images/test_images/edceb0657d77.png,No DR,/content/processed/images_320/edceb0657d77.jpg
7a46cfa69bae,0,train_images/train_images,/content/raw/train_images/train_images/7a46cfa69bae.png,No DR,/content/processed/images_320/7a46cfa69bae.jpg
35ac70c0d08f,0,train_images/train_images,/content/raw/train_images/train_images/35ac70c0d08f.png,No DR,/content/processed/images_320/35ac70c0d08f.jpg
c568e5245ea5,2,train_images/train_images,/content/raw/train_images/train_images/c568e5245ea5.png,Moderate,/content/processed/images_320/c568e5245ea5.jpg
1db18bdd43aa,2,train_images/train_images,/content/raw/train_images/train_images/1db18bdd43aa.png,Moderate,/content/processed/images_320/1db18bdd43aa.jpg
8f06ca4642bd,0,train_images/train_images,/content/raw/train_images/train_images/8f06ca4642bd.png,No DR,/content/processed/images_320/8f06ca4642bd.jpg
87b671c6d4c5,0,train_images/train_images,/content/raw/train_images/train_images/87b671c6d4c5.png,No DR,/content/processed/images_320/87b671c6d4c5.jpg
269b44e628eb,3,train_images/train_images,/content/raw/train_images/train_images/269b44e628eb.png,Severe,/content/processed/images_320/269b44e628eb.jpg
ba735b286d62,4,train_images/train_images,/content/raw/train_images/train_images/ba735b286d62.png,Proliferative DR,/content/processed/images_320/ba735b286d62.jpg
e1e490773462,2,train_images/train_images,/content/raw/train_images/train_images/e1e490773462.png,Moderate,/content/processed/images_320/e1e490773462.jpg
ae5d31979f19,0,train_images/train_images,/content/raw/train_images/train_images/ae5d31979f19.png,No DR,/content/processed/images_320/ae5d31979f19.jpg
6d0c0531083f,3,train_images/train_images,/content/raw/train_images/train_images/6d0c0531083f.png,Severe,/content/processed/images_320/6d0c0531083f.jpg
32a3eb37ff40,2,train_images/train_images,/content/raw/train_images/train_images/32a3eb37ff40.png,Moderate,/content/processed/images_320/32a3eb37ff40.jpg
ff1e940105f9,0,test_images/test_images,/content/raw/test_images/test_images/ff1e940105f9.png,No DR,/content/processed/images_320/ff1e940105f9.jpg
1ae8c165fd53,2,train_images/train_images,/content/raw/train_images/train_images/1ae8c165fd53.png,Moderate,/content/processed/images_320/1ae8c165fd53.jpg
58eb3809f456,0,train_images/train_images,/content/raw/train_images/train_images/58eb3809f456.png,No DR,/content/processed/images_320/58eb3809f456.jpg
847b04287c9c,0,train_images/train_images,/content/raw/train_images/train_images/847b04287c9c.png,No DR,/content/processed/images_320/847b04287c9c.jpg
de6210f88536,0,train_images/train_images,/content/raw/train_images/train_images/de6210f88536.png,No DR,/content/processed/images_320/de6210f88536.jpg
ca63fe4f4b52,1,train_images/train_images,/content/raw/train_images/train_images/ca63fe4f4b52.png,Mild,/content/processed/images_320/ca63fe4f4b52.jpg
8ffa608170d3,0,train_images/train_images,/content/raw/train_images/train_images/8ffa608170d3.png,No DR,/content/processed/images_320/8ffa608170d3.jpg
e62490b7d0e9,4,test_images/test_images,/content/raw/test_images/test_images/e62490b7d0e9.png,Proliferative DR,/content/processed/images_320/e62490b7d0e9.jpg
79ade634c633,0,train_images/train_images,/content/raw/train_images/train_images/79ade634c633.png,No DR,/content/processed/images_320/79ade634c633.jpg
fc782722a50c,0,test_images/test_images,/content/raw/test_images/test_images/fc782722a50c.png,No DR,/content/processed/images_320/fc782722a50c.jpg
2b21d293fdf2,2,train_images/train_images,/content/raw/train_images/train_images/2b21d293fdf2.png,Moderate,/content/processed/images_320/2b21d293fdf2.jpg
a21b37719f9b,2,train_images/train_images,/content/raw/train_images/train_images/a21b37719f9b.png,Moderate,/content/processed/images_320/a21b37719f9b.jpg
d83d0695e215,2,train_images/train_images,/content/raw/train_images/train_images/d83d0695e215.png,Moderate,/content/processed/images_320/d83d0695e215.jpg
e33766353db2,0,train_images/train_images,/content/raw/train_images/train_images/e33766353db2.png,No DR,/content/processed/images_320/e33766353db2.jpg
0124dffecf29,1,val_images/val_images,/content/raw/val_images/val_images/0124dffecf29.png,Mild,/content/processed/images_320/0124dffecf29.jpg
cfd1bd0fcbb4,1,train_images/train_images,/content/raw/train_images/train_images/cfd1bd0fcbb4.png,Mild,/content/processed/images_320/cfd1bd0fcbb4.jpg
ba4e62c11cc0,0,train_images/train_images,/content/raw/train_images/train_images/ba4e62c11cc0.png,No DR,/content/processed/images_320/ba4e62c11cc0.jpg
69fff98cb32a,4,train_images/train_images,/content/raw/train_images/train_images/69fff98cb32a.png,Proliferative DR,/content/processed/images_320/69fff98cb32a.jpg
a06e5ac695ce,0,train_images/train_images,/content/raw/train_images/train_images/a06e5ac695ce.png,No DR,/content/processed/images_320/a06e5ac695ce.jpg
f8cf7ed8ef00,4,test_images/test_images,/content/raw/test_images/test_images/f8cf7ed8ef00.png,Proliferative DR,/content/processed/images_320/f8cf7ed8ef00.jpg
15f440753916,3,val_images/val_images,/content/raw/val_images/val_images/15f440753916.png,Severe,/content/processed/images_320/15f440753916.jpg
beb2ad14fd2d,0,train_images/train_images,/content/raw/train_images/train_images/beb2ad14fd2d.png,No DR,/content/processed/images_320/beb2ad14fd2d.jpg
f57cf3b6f48e,0,test_images/test_images,/content/raw/test_images/test_images/f57cf3b6f48e.png,No DR,/content/processed/images_320/f57cf3b6f48e.jpg
b90bc89ce8d8,4,train_images/train_images,/content/raw/train_images/train_images/b90bc89ce8d8.png,Proliferative DR,/content/processed/images_320/b90bc89ce8d8.jpg
53ddae6a619e,0,train_images/train_images,/content/raw/train_images/train_images/53ddae6a619e.png,No DR,/content/processed/images_320/53ddae6a619e.jpg
197af0de76e2,0,val_images/val_images,/content/raw/val_images/val_images/197af0de76e2.png,No DR,/content/processed/images_320/197af0de76e2.jpg
4f0866b90c27,3,train_images/train_images,/content/raw/train_images/train_images/4f0866b90c27.png,Severe,/content/processed/images_320/4f0866b90c27.jpg
25e9fd872182,1,train_images/train_images,/content/raw/train_images/train_images/25e9fd872182.png,Mild,/content/processed/images_320/25e9fd872182.jpg
e966850247f4,0,test_images/test_images,/content/raw/test_images/test_images/e966850247f4.png,No DR,/content/processed/images_320/e966850247f4.jpg
1c7a013eeba7,0,train_images/train_images,/content/raw/train_images/train_images/1c7a013eeba7.png,No DR,/content/processed/images_320/1c7a013eeba7.jpg
50f5201fd18a,0,train_images/train_images,/content/raw/train_images/train_images/50f5201fd18a.png,No DR,/content/processed/images_320/50f5201fd18a.jpg
a87f53bc984a,2,train_images/train_images,/content/raw/train_images/train_images/a87f53bc984a.png,Moderate,/content/processed/images_320/a87f53bc984a.jpg
00b74780d31d,2,val_images/val_images,/content/raw/val_images/val_images/00b74780d31d.png,Moderate,/content/processed/images_320/00b74780d31d.jpg
0edadb2aa127,3,val_images/val_images,/content/raw/val_images/val_images/0edadb2aa127.png,Severe,/content/processed/images_320/0edadb2aa127.jpg
1a03a7970337,1,val_images/val_images,/content/raw/val_images/val_images/1a03a7970337.png,Mild,/content/processed/images_320/1a03a7970337.jpg
b576c5269ad1,1,train_images/train_images,/content/raw/train_images/train_images/b576c5269ad1.png,Mild,/content/processed/images_320/b576c5269ad1.jpg
d1b279cc02ae,0,train_images/train_images,/content/raw/train_images/train_images/d1b279cc02ae.png,No DR,/content/processed/images_320/d1b279cc02ae.jpg
cc964bf04dbc,0,train_images/train_images,/content/raw/train_images/train_images/cc964bf04dbc.png,No DR,/content/processed/images_320/cc964bf04dbc.jpg
fca931da5c5e,1,test_images/test_images,/content/raw/test_images/test_images/fca931da5c5e.png,Mild,/content/processed/images_320/fca931da5c5e.jpg
4a7dc013e802,4,train_images/train_images,/content/raw/train_images/train_images/4a7dc013e802.png,Proliferative DR,/content/processed/images_320/4a7dc013e802.jpg
6de39b94f634,0,train_images/train_images,/content/raw/train_images/train_images/6de39b94f634.png,No DR,/content/processed/images_320/6de39b94f634.jpg
041f09eec1e8,2,val_images/val_images,/content/raw/val_images/val_images/041f09eec1e8.png,Moderate,/content/processed/images_320/041f09eec1e8.jpg
5e52c9fe676f,2,train_images/train_images,/content/raw/train_images/train_images/5e52c9fe676f.png,Moderate,/content/processed/images_320/5e52c9fe676f.jpg
936299166bea,0,train_images/train_images,/content/raw/train_images/train_images/936299166bea.png,No DR,/content/processed/images_320/936299166bea.jpg
1f15ca672675,0,train_images/train_images,/content/raw/train_images/train_images/1f15ca672675.png,No DR,/content/processed/images_320/1f15ca672675.jpg
28824d12d31d,2,train_images/train_images,/content/raw/train_images/train_images/28824d12d31d.png,Moderate,/content/processed/images_320/28824d12d31d.jpg
4a3da369b227,4,train_images/train_images,/content/raw/train_images/train_images/4a3da369b227.png,Proliferative DR,/content/processed/images_320/4a3da369b227.jpg
6ccfdb031184,0,train_images/train_images,/content/raw/train_images/train_images/6ccfdb031184.png,No DR,/content/processed/images_320/6ccfdb031184.jpg
90bde2ff8953,0,train_images/train_images,/content/raw/train_images/train_images/90bde2ff8953.png,No DR,/content/processed/images_320/90bde2ff8953.jpg
ef48780f5d5f,0,test_images/test_images,/content/raw/test_images/test_images/ef48780f5d5f.png,No DR,/content/processed/images_320/ef48780f5d5f.jpg
6f460f9968c7,0,train_images/train_images,/content/raw/train_images/train_images/6f460f9968c7.png,No DR,/content/processed/images_320/6f460f9968c7.jpg
929cd3867815,2,train_images/train_images,/content/raw/train_images/train_images/929cd3867815.png,Moderate,/content/processed/images_320/929cd3867815.jpg
155e2df6bfcf,0,val_images/val_images,/content/raw/val_images/val_images/155e2df6bfcf.png,No DR,/content/processed/images_320/155e2df6bfcf.jpg
0151781fe50b,0,val_images/val_images,/content/raw/val_images/val_images/0151781fe50b.png,No DR,/content/processed/images_320/0151781fe50b.jpg
9519a590985d,0,train_images/train_images,/content/raw/train_images/train_images/9519a590985d.png,No DR,/content/processed/images_320/9519a590985d.jpg
5ead17e894ae,0,train_images/train_images,/content/raw/train_images/train_images/5ead17e894ae.png,No DR,/content/processed/images_320/5ead17e894ae.jpg
92f313287a29,2,train_images/train_images,/content/raw/train_images/train_images/92f313287a29.png,Moderate,/content/processed/images_320/92f313287a29.jpg
88e5051f65bd,0,train_images/train_images,/content/raw/train_images/train_images/88e5051f65bd.png,No DR,/content/processed/images_320/88e5051f65bd.jpg
a06b353e7bed,0,train_images/train_images,/content/raw/train_images/train_images/a06b353e7bed.png,No DR,/content/processed/images_320/a06b353e7bed.jpg
63c7b0265775,0,train_images/train_images,/content/raw/train_images/train_images/63c7b0265775.png,No DR,/content/processed/images_320/63c7b0265775.jpg
75238d945315,0,train_images/train_images,/content/raw/train_images/train_images/75238d945315.png,No DR,/content/processed/images_320/75238d945315.jpg
3732de8b416f,0,train_images/train_images,/content/raw/train_images/train_images/3732de8b416f.png,No DR,/content/processed/images_320/3732de8b416f.jpg
ed6704e3b72e,3,test_images/test_images,/content/raw/test_images/test_images/ed6704e3b72e.png,Severe,/content/processed/images_320/ed6704e3b72e.jpg
8f10e41a2f02,0,train_images/train_images,/content/raw/train_images/train_images/8f10e41a2f02.png,No DR,/content/processed/images_320/8f10e41a2f02.jpg
b0eeae01b8ab,2,train_images/train_images,/content/raw/train_images/train_images/b0eeae01b8ab.png,Moderate,/content/processed/images_320/b0eeae01b8ab.jpg
835b9f6e12ba,0,train_images/train_images,/content/raw/train_images/train_images/835b9f6e12ba.png,No DR,/content/processed/images_320/835b9f6e12ba.jpg
b7f0bc7d399e,0,train_images/train_images,/content/raw/train_images/train_images/b7f0bc7d399e.png,No DR,/content/processed/images_320/b7f0bc7d399e.jpg
4ef7144e24ff,1,train_images/train_images,/content/raw/train_images/train_images/4ef7144e24ff.png,Mild,/content/processed/images_320/4ef7144e24ff.jpg
44a4d04162cc,0,train_images/train_images,/content/raw/train_images/train_images/44a4d04162cc.png,No DR,/content/processed/images_320/44a4d04162cc.jpg
8785b71238d8,4,train_images/train_images,/content/raw/train_images/train_images/8785b71238d8.png,Proliferative DR,/content/processed/images_320/8785b71238d8.jpg
8ead17dfb6a6,0,train_images/train_images,/content/raw/train_images/train_images/8ead17dfb6a6.png,No DR,/content/processed/images_320/8ead17dfb6a6.jpg
e1fb532f55df,3,train_images/train_images,/content/raw/train_images/train_images/e1fb532f55df.png,Severe,/content/processed/images_320/e1fb532f55df.jpg
7335a2d43ada,1,train_images/train_images,/content/raw/train_images/train_images/7335a2d43ada.png,Mild,/content/processed/images_320/7335a2d43ada.jpg
80ca40196225,3,train_images/train_images,/content/raw/train_images/train_images/80ca40196225.png,Severe,/content/processed/images_320/80ca40196225.jpg
849a91e9ab28,1,train_images/train_images,/content/raw/train_images/train_images/849a91e9ab28.png,Mild,/content/processed/images_320/849a91e9ab28.jpg
46cdc8b685bd,4,train_images/train_images,/content/raw/train_images/train_images/46cdc8b685bd.png,Proliferative DR,/content/processed/images_320/46cdc8b685bd.jpg
c94f37085d0f,0,train_images/train_images,/content/raw/train_images/train_images/c94f37085d0f.png,No DR,/content/processed/images_320/c94f37085d0f.jpg
6c6efb6b1358,1,train_images/train_images,/content/raw/train_images/train_images/6c6efb6b1358.png,Mild,/content/processed/images_320/6c6efb6b1358.jpg
1bb0ddfe753a,1,train_images/train_images,/content/raw/train_images/train_images/1bb0ddfe753a.png,Mild,/content/processed/images_320/1bb0ddfe753a.jpg
f0860c21533b,0,test_images/test_images,/content/raw/test_images/test_images/f0860c21533b.png,No DR,/content/processed/images_320/f0860c21533b.jpg
e29e54ff921e,0,train_images/train_images,/content/raw/train_images/train_images/e29e54ff921e.png,No DR,/content/processed/images_320/e29e54ff921e.jpg
a49b0b4484ea,2,train_images/train_images,/content/raw/train_images/train_images/a49b0b4484ea.png,Moderate,/content/processed/images_320/a49b0b4484ea.jpg
b56340f472d2,1,train_images/train_images,/content/raw/train_images/train_images/b56340f472d2.png,Mild,/content/processed/images_320/b56340f472d2.jpg
c81c6911f5e0,0,train_images/train_images,/content/raw/train_images/train_images/c81c6911f5e0.png,No DR,/content/processed/images_320/c81c6911f5e0.jpg
ed3a0fc5b546,4,test_images/test_images,/content/raw/test_images/test_images/ed3a0fc5b546.png,Proliferative DR,/content/processed/images_320/ed3a0fc5b546.jpg
0c55d58bebaf,2,val_images/val_images,/content/raw/val_images/val_images/0c55d58bebaf.png,Moderate,/content/processed/images_320/0c55d58bebaf.jpg
19113e5f45ec,2,val_images/val_images,/content/raw/val_images/val_images/19113e5f45ec.png,Moderate,/content/processed/images_320/19113e5f45ec.jpg
81914ceb4e74,0,train_images/train_images,/content/raw/train_images/train_images/81914ceb4e74.png,No DR,/content/processed/images_320/81914ceb4e74.jpg
207a580de0ea,2,train_images/train_images,/content/raw/train_images/train_images/207a580de0ea.png,Moderate,/content/processed/images_320/207a580de0ea.jpg
498f143c0374,3,train_images/train_images,/content/raw/train_images/train_images/498f143c0374.png,Severe,/content/processed/images_320/498f143c0374.jpg
8e67f2d7e0ee,0,train_images/train_images,/content/raw/train_images/train_images/8e67f2d7e0ee.png,No DR,/content/processed/images_320/8e67f2d7e0ee.jpg
15b21c80cc31,0,val_images/val_images,/content/raw/val_images/val_images/15b21c80cc31.png,No DR,/content/processed/images_320/15b21c80cc31.jpg
df84e7113003,4,train_images/train_images,/content/raw/train_images/train_images/df84e7113003.png,Proliferative DR,/content/processed/images_320/df84e7113003.jpg
5777ef74c9ec,1,train_images/train_images,/content/raw/train_images/train_images/5777ef74c9ec.png,Mild,/content/processed/images_320/5777ef74c9ec.jpg
1c5e6cdc7ee1,2,train_images/train_images,/content/raw/train_images/train_images/1c5e6cdc7ee1.png,Moderate,/content/processed/images_320/1c5e6cdc7ee1.jpg
11242a67122d,4,val_images/val_images,/content/raw/val_images/val_images/11242a67122d.png,Proliferative DR,/content/processed/images_320/11242a67122d.jpg
5723d0ec895e,2,train_images/train_images,/content/raw/train_images/train_images/5723d0ec895e.png,Moderate,/content/processed/images_320/5723d0ec895e.jpg
7da558d92100,0,train_images/train_images,/content/raw/train_images/train_images/7da558d92100.png,No DR,/content/processed/images_320/7da558d92100.jpg
27e2be850a99,4,train_images/train_images,/content/raw/train_images/train_images/27e2be850a99.png,Proliferative DR,/content/processed/images_320/27e2be850a99.jpg
96c699221180,0,train_images/train_images,/content/raw/train_images/train_images/96c699221180.png,No DR,/content/processed/images_320/96c699221180.jpg
c0f15fe3b4b7,1,train_images/train_images,/content/raw/train_images/train_images/c0f15fe3b4b7.png,Mild,/content/processed/images_320/c0f15fe3b4b7.jpg
541db13517e2,2,train_images/train_images,/content/raw/train_images/train_images/541db13517e2.png,Moderate,/content/processed/images_320/541db13517e2.jpg
35362d43e753,0,train_images/train_images,/content/raw/train_images/train_images/35362d43e753.png,No DR,/content/processed/images_320/35362d43e753.jpg
fefded6bf135,0,test_images/test_images,/content/raw/test_images/test_images/fefded6bf135.png,No DR,/content/processed/images_320/fefded6bf135.jpg
dc0eea0b68a7,0,train_images/train_images,/content/raw/train_images/train_images/dc0eea0b68a7.png,No DR,/content/processed/images_320/dc0eea0b68a7.jpg
dd110d2b8c21,2,train_images/train_images,/content/raw/train_images/train_images/dd110d2b8c21.png,Moderate,/content/processed/images_320/dd110d2b8c21.jpg
c21eb81de9fc,0,train_images/train_images,/content/raw/train_images/train_images/c21eb81de9fc.png,No DR,/content/processed/images_320/c21eb81de9fc.jpg
ffd97f8cd5aa,0,test_images/test_images,/content/raw/test_images/test_images/ffd97f8cd5aa.png,No DR,/content/processed/images_320/ffd97f8cd5aa.jpg
27e4c800a449,1,train_images/train_images,/content/raw/train_images/train_images/27e4c800a449.png,Mild,/content/processed/images_320/27e4c800a449.jpg
224bb938e2dd,2,train_images/train_images,/content/raw/train_images/train_images/224bb938e2dd.png,Moderate,/content/processed/images_320/224bb938e2dd.jpg
5078caaf1f57,0,train_images/train_images,/content/raw/train_images/train_images/5078caaf1f57.png,No DR,/content/processed/images_320/5078caaf1f57.jpg
7e9081e95bf6,0,train_images/train_images,/content/raw/train_images/train_images/7e9081e95bf6.png,No DR,/content/processed/images_320/7e9081e95bf6.jpg
bc34ed91c9bc,4,train_images/train_images,/content/raw/train_images/train_images/bc34ed91c9bc.png,Proliferative DR,/content/processed/images_320/bc34ed91c9bc.jpg
cfdbaef73a8b,0,train_images/train_images,/content/raw/train_images/train_images/cfdbaef73a8b.png,No DR,/content/processed/images_320/cfdbaef73a8b.jpg
c280730cc211,2,train_images/train_images,/content/raw/train_images/train_images/c280730cc211.png,Moderate,/content/processed/images_320/c280730cc211.jpg
8a9bef2fbd4e,3,train_images/train_images,/content/raw/train_images/train_images/8a9bef2fbd4e.png,Severe,/content/processed/images_320/8a9bef2fbd4e.jpg
29580bed2f7d,2,train_images/train_images,/content/raw/train_images/train_images/29580bed2f7d.png,Moderate,/content/processed/images_320/29580bed2f7d.jpg
a627eb8c08c5,0,train_images/train_images,/content/raw/train_images/train_images/a627eb8c08c5.png,No DR,/content/processed/images_320/a627eb8c08c5.jpg
b94c58d063bf,1,train_images/train_images,/content/raw/train_images/train_images/b94c58d063bf.png,Mild,/content/processed/images_320/b94c58d063bf.jpg
20c883d3bd38,2,train_images/train_images,/content/raw/train_images/train_images/20c883d3bd38.png,Moderate,/content/processed/images_320/20c883d3bd38.jpg
876e1dd12d38,2,train_images/train_images,/content/raw/train_images/train_images/876e1dd12d38.png,Moderate,/content/processed/images_320/876e1dd12d38.jpg
9b32e8ef0ca0,2,train_images/train_images,/content/raw/train_images/train_images/9b32e8ef0ca0.png,Moderate,/content/processed/images_320/9b32e8ef0ca0.jpg
9ae54843c69a,0,train_images/train_images,/content/raw/train_images/train_images/9ae54843c69a.png,No DR,/content/processed/images_320/9ae54843c69a.jpg
6b3860e8f64f,0,train_images/train_images,/content/raw/train_images/train_images/6b3860e8f64f.png,No DR,/content/processed/images_320/6b3860e8f64f.jpg
504a69096fcb,0,train_images/train_images,/content/raw/train_images/train_images/504a69096fcb.png,No DR,/content/processed/images_320/504a69096fcb.jpg
8bc6716c2238,1,train_images/train_images,/content/raw/train_images/train_images/8bc6716c2238.png,Mild,/content/processed/images_320/8bc6716c2238.jpg
bfa30ebf63a8,0,train_images/train_images,/content/raw/train_images/train_images/bfa30ebf63a8.png,No DR,/content/processed/images_320/bfa30ebf63a8.jpg
13d014ccd136,0,val_images/val_images,/content/raw/val_images/val_images/13d014ccd136.png,No DR,/content/processed/images_320/13d014ccd136.jpg
d774692d9919,0,train_images/train_images,/content/raw/train_images/train_images/d774692d9919.png,No DR,/content/processed/images_320/d774692d9919.jpg
2dd28ac497d2,0,train_images/train_images,/content/raw/train_images/train_images/2dd28ac497d2.png,No DR,/content/processed/images_320/2dd28ac497d2.jpg
e868c3da340b,2,test_images/test_images,/content/raw/test_images/test_images/e868c3da340b.png,Moderate,/content/processed/images_320/e868c3da340b.jpg
fed5bb685832,0,test_images/test_images,/content/raw/test_images/test_images/fed5bb685832.png,No DR,/content/processed/images_320/fed5bb685832.jpg
35beb47fe159,0,train_images/train_images,/content/raw/train_images/train_images/35beb47fe159.png,No DR,/content/processed/images_320/35beb47fe159.jpg
e0d229db881a,0,train_images/train_images,/content/raw/train_images/train_images/e0d229db881a.png,No DR,/content/processed/images_320/e0d229db881a.jpg
77acc2cafee1,0,train_images/train_images,/content/raw/train_images/train_images/77acc2cafee1.png,No DR,/content/processed/images_320/77acc2cafee1.jpg
03ff7d159f10,2,val_images/val_images,/content/raw/val_images/val_images/03ff7d159f10.png,Moderate,/content/processed/images_320/03ff7d159f10.jpg
f47a2a4a0411,1,test_images/test_images,/content/raw/test_images/test_images/f47a2a4a0411.png,Mild,/content/processed/images_320/f47a2a4a0411.jpg
fc4c2d35c6f8,2,test_images/test_images,/content/raw/test_images/test_images/fc4c2d35c6f8.png,Moderate,/content/processed/images_320/fc4c2d35c6f8.jpg
83d81ba5959c,0,train_images/train_images,/content/raw/train_images/train_images/83d81ba5959c.png,No DR,/content/processed/images_320/83d81ba5959c.jpg
ad312ca98202,0,train_images/train_images,/content/raw/train_images/train_images/ad312ca98202.png,No DR,/content/processed/images_320/ad312ca98202.jpg
c1819db0aece,0,train_images/train_images,/content/raw/train_images/train_images/c1819db0aece.png,No DR,/content/processed/images_320/c1819db0aece.jpg
0ac436400db4,2,val_images/val_images,/content/raw/val_images/val_images/0ac436400db4.png,Moderate,/content/processed/images_320/0ac436400db4.jpg
290ecdba359f,2,train_images/train_images,/content/raw/train_images/train_images/290ecdba359f.png,Moderate,/content/processed/images_320/290ecdba359f.jpg
247e98aba610,4,train_images/train_images,/content/raw/train_images/train_images/247e98aba610.png,Proliferative DR,/content/processed/images_320/247e98aba610.jpg
983c98354e9c,0,train_images/train_images,/content/raw/train_images/train_images/983c98354e9c.png,No DR,/content/processed/images_320/983c98354e9c.jpg
d7e5fe5245e0,0,train_images/train_images,/content/raw/train_images/train_images/d7e5fe5245e0.png,No DR,/content/processed/images_320/d7e5fe5245e0.jpg
86722fcd802c,2,train_images/train_images,/content/raw/train_images/train_images/86722fcd802c.png,Moderate,/content/processed/images_320/86722fcd802c.jpg
084c02cf077f,0,val_images/val_images,/content/raw/val_images/val_images/084c02cf077f.png,No DR,/content/processed/images_320/084c02cf077f.jpg
72595230840c,3,train_images/train_images,/content/raw/train_images/train_images/72595230840c.png,Severe,/content/processed/images_320/72595230840c.jpg
42af7282349b,0,train_images/train_images,/content/raw/train_images/train_images/42af7282349b.png,No DR,/content/processed/images_320/42af7282349b.jpg
8114d6a160df,1,train_images/train_images,/content/raw/train_images/train_images/8114d6a160df.png,Mild,/content/processed/images_320/8114d6a160df.jpg
4ee1ad981a6d,2,train_images/train_images,/content/raw/train_images/train_images/4ee1ad981a6d.png,Moderate,/content/processed/images_320/4ee1ad981a6d.jpg
3bf2deaa5ef0,0,train_images/train_images,/content/raw/train_images/train_images/3bf2deaa5ef0.png,No DR,/content/processed/images_320/3bf2deaa5ef0.jpg
badb5ff8d3c7,0,train_images/train_images,/content/raw/train_images/train_images/badb5ff8d3c7.png,No DR,/content/processed/images_320/badb5ff8d3c7.jpg
0083ee8054ee,4,val_images/val_images,/content/raw/val_images/val_images/0083ee8054ee.png,Proliferative DR,/content/processed/images_320/0083ee8054ee.jpg
89d9c071a56f,1,train_images/train_images,/content/raw/train_images/train_images/89d9c071a56f.png,Mild,/content/processed/images_320/89d9c071a56f.jpg
026dcd9af143,2,val_images/val_images,/content/raw/val_images/val_images/026dcd9af143.png,Moderate,/content/processed/images_320/026dcd9af143.jpg
fdd534271f3d,4,test_images/test_images,/content/raw/test_images/test_images/fdd534271f3d.png,Proliferative DR,/content/processed/images_320/fdd534271f3d.jpg
3a1d3ce00f0c,2,train_images/train_images,/content/raw/train_images/train_images/3a1d3ce00f0c.png,Moderate,/content/processed/images_320/3a1d3ce00f0c.jpg
f531232ecb55,0,test_images/test_images,/content/raw/test_images/test_images/f531232ecb55.png,No DR,/content/processed/images_320/f531232ecb55.jpg
5a0fe0ee4301,0,train_images/train_images,/content/raw/train_images/train_images/5a0fe0ee4301.png,No DR,/content/processed/images_320/5a0fe0ee4301.jpg
ca25745942b0,1,train_images/train_images,/content/raw/train_images/train_images/ca25745942b0.png,Mild,/content/processed/images_320/ca25745942b0.jpg
ea05c22d92e9,2,test_images/test_images,/content/raw/test_images/test_images/ea05c22d92e9.png,Moderate,/content/processed/images_320/ea05c22d92e9.jpg
bc34f52c37c7,0,train_images/train_images,/content/raw/train_images/train_images/bc34f52c37c7.png,No DR,/content/processed/images_320/bc34f52c37c7.jpg
3c9529918097,0,train_images/train_images,/content/raw/train_images/train_images/3c9529918097.png,No DR,/content/processed/images_320/3c9529918097.jpg
0a4e1a29ffff,0,val_images/val_images,/content/raw/val_images/val_images/0a4e1a29ffff.png,No DR,/content/processed/images_320/0a4e1a29ffff.jpg
e907d23cce3d,0,test_images/test_images,/content/raw/test_images/test_images/e907d23cce3d.png,No DR,/content/processed/images_320/e907d23cce3d.jpg
6630f8675a97,4,train_images/train_images,/content/raw/train_images/train_images/6630f8675a97.png,Proliferative DR,/content/processed/images_320/6630f8675a97.jpg
6987804eb464,2,train_images/train_images,/content/raw/train_images/train_images/6987804eb464.png,Moderate,/content/processed/images_320/6987804eb464.jpg
b9d0b83d70c3,0,train_images/train_images,/content/raw/train_images/train_images/b9d0b83d70c3.png,No DR,/content/processed/images_320/b9d0b83d70c3.jpg
0180bfa26c0b,2,val_images/val_images,/content/raw/val_images/val_images/0180bfa26c0b.png,Moderate,/content/processed/images_320/0180bfa26c0b.jpg
c6a2975228af,2,train_images/train_images,/content/raw/train_images/train_images/c6a2975228af.png,Moderate,/content/processed/images_320/c6a2975228af.jpg
1ee1eb7943db,2,train_images/train_images,/content/raw/train_images/train_images/1ee1eb7943db.png,Moderate,/content/processed/images_320/1ee1eb7943db.jpg
4dd4a4bf2421,0,train_images/train_images,/content/raw/train_images/train_images/4dd4a4bf2421.png,No DR,/content/processed/images_320/4dd4a4bf2421.jpg
51af8c112682,4,train_images/train_images,/content/raw/train_images/train_images/51af8c112682.png,Proliferative DR,/content/processed/images_320/51af8c112682.jpg
94f9ecf4b8d2,0,train_images/train_images,/content/raw/train_images/train_images/94f9ecf4b8d2.png,No DR,/content/processed/images_320/94f9ecf4b8d2.jpg
d10ef306996b,4,train_images/train_images,/content/raw/train_images/train_images/d10ef306996b.png,Proliferative DR,/content/processed/images_320/d10ef306996b.jpg
cf0824f53dd9,2,train_images/train_images,/content/raw/train_images/train_images/cf0824f53dd9.png,Moderate,/content/processed/images_320/cf0824f53dd9.jpg
e16fc934069f,2,train_images/train_images,/content/raw/train_images/train_images/e16fc934069f.png,Moderate,/content/processed/images_320/e16fc934069f.jpg
2bb3c492d6d3,0,train_images/train_images,/content/raw/train_images/train_images/2bb3c492d6d3.png,No DR,/content/processed/images_320/2bb3c492d6d3.jpg
3a61e690f4bb,2,train_images/train_images,/content/raw/train_images/train_images/3a61e690f4bb.png,Moderate,/content/processed/images_320/3a61e690f4bb.jpg
3402124408ea,2,train_images/train_images,/content/raw/train_images/train_images/3402124408ea.png,Moderate,/content/processed/images_320/3402124408ea.jpg
f4874247ede6,0,test_images/test_images,/content/raw/test_images/test_images/f4874247ede6.png,No DR,/content/processed/images_320/f4874247ede6.jpg
da6bbb76d562,0,train_images/train_images,/content/raw/train_images/train_images/da6bbb76d562.png,No DR,/content/processed/images_320/da6bbb76d562.jpg
bf87aedf2489,0,train_images/train_images,/content/raw/train_images/train_images/bf87aedf2489.png,No DR,/content/processed/images_320/bf87aedf2489.jpg
052d9a3fe55a,2,val_images/val_images,/content/raw/val_images/val_images/052d9a3fe55a.png,Moderate,/content/processed/images_320/052d9a3fe55a.jpg
0c38940e1f80,0,val_images/val_images,/content/raw/val_images/val_images/0c38940e1f80.png,No DR,/content/processed/images_320/0c38940e1f80.jpg
e2161692a0b4,2,train_images/train_images,/content/raw/train_images/train_images/e2161692a0b4.png,Moderate,/content/processed/images_320/e2161692a0b4.jpg
8b8fe3fc8950,0,train_images/train_images,/content/raw/train_images/train_images/8b8fe3fc8950.png,No DR,/content/processed/images_320/8b8fe3fc8950.jpg
4145dcb25053,0,train_images/train_images,/content/raw/train_images/train_images/4145dcb25053.png,No DR,/content/processed/images_320/4145dcb25053.jpg
08bef347f40d,0,val_images/val_images,/content/raw/val_images/val_images/08bef347f40d.png,No DR,/content/processed/images_320/08bef347f40d.jpg
278aa860dffd,1,train_images/train_images,/content/raw/train_images/train_images/278aa860dffd.png,Mild,/content/processed/images_320/278aa860dffd.jpg
9c514d2d5b3f,0,train_images/train_images,/content/raw/train_images/train_images/9c514d2d5b3f.png,No DR,/content/processed/images_320/9c514d2d5b3f.jpg
891329021e12,0,train_images/train_images,/content/raw/train_images/train_images/891329021e12.png,No DR,/content/processed/images_320/891329021e12.jpg
830e297965a1,0,train_images/train_images,/content/raw/train_images/train_images/830e297965a1.png,No DR,/content/processed/images_320/830e297965a1.jpg
cb39761f0712,0,train_images/train_images,/content/raw/train_images/train_images/cb39761f0712.png,No DR,/content/processed/images_320/cb39761f0712.jpg
5905a9b06a73,2,train_images/train_images,/content/raw/train_images/train_images/5905a9b06a73.png,Moderate,/content/processed/images_320/5905a9b06a73.jpg
4554062fa836,0,train_images/train_images,/content/raw/train_images/train_images/4554062fa836.png,No DR,/content/processed/images_320/4554062fa836.jpg
374535e0adb8,4,train_images/train_images,/content/raw/train_images/train_images/374535e0adb8.png,Proliferative DR,/content/processed/images_320/374535e0adb8.jpg
51af8a689511,0,train_images/train_images,/content/raw/train_images/train_images/51af8a689511.png,No DR,/content/processed/images_320/51af8a689511.jpg
7102f29e052e,2,train_images/train_images,/content/raw/train_images/train_images/7102f29e052e.png,Moderate,/content/processed/images_320/7102f29e052e.jpg
5eb311bcb5f9,2,train_images/train_images,/content/raw/train_images/train_images/5eb311bcb5f9.png,Moderate,/content/processed/images_320/5eb311bcb5f9.jpg
8906c9ed54a2,0,train_images/train_images,/content/raw/train_images/train_images/8906c9ed54a2.png,No DR,/content/processed/images_320/8906c9ed54a2.jpg
6194e0fff071,4,train_images/train_images,/content/raw/train_images/train_images/6194e0fff071.png,Proliferative DR,/content/processed/images_320/6194e0fff071.jpg
b5834ee64541,3,train_images/train_images,/content/raw/train_images/train_images/b5834ee64541.png,Severe,/content/processed/images_320/b5834ee64541.jpg
c334f8688b77,0,train_images/train_images,/content/raw/train_images/train_images/c334f8688b77.png,No DR,/content/processed/images_320/c334f8688b77.jpg
03e25101e8e8,1,val_images/val_images,/content/raw/val_images/val_images/03e25101e8e8.png,Mild,/content/processed/images_320/03e25101e8e8.jpg
1e4b3b823b95,2,train_images/train_images,/content/raw/train_images/train_images/1e4b3b823b95.png,Moderate,/content/processed/images_320/1e4b3b823b95.jpg
cd563556cb57,0,train_images/train_images,/content/raw/train_images/train_images/cd563556cb57.png,No DR,/content/processed/images_320/cd563556cb57.jpg
8f1e7433a95d,2,train_images/train_images,/content/raw/train_images/train_images/8f1e7433a95d.png,Moderate,/content/processed/images_320/8f1e7433a95d.jpg
93be637084a2,1,train_images/train_images,/content/raw/train_images/train_images/93be637084a2.png,Mild,/content/processed/images_320/93be637084a2.jpg
b66f23ffa730,0,train_images/train_images,/content/raw/train_images/train_images/b66f23ffa730.png,No DR,/content/processed/images_320/b66f23ffa730.jpg
fd4c946c52bf,0,test_images/test_images,/content/raw/test_images/test_images/fd4c946c52bf.png,No DR,/content/processed/images_320/fd4c946c52bf.jpg
7b20210d9120,1,train_images/train_images,/content/raw/train_images/train_images/7b20210d9120.png,Mild,/content/processed/images_320/7b20210d9120.jpg
726dff37edc0,0,train_images/train_images,/content/raw/train_images/train_images/726dff37edc0.png,No DR,/content/processed/images_320/726dff37edc0.jpg
7b87b0015282,0,train_images/train_images,/content/raw/train_images/train_images/7b87b0015282.png,No DR,/content/processed/images_320/7b87b0015282.jpg
91f3c4c1e72b,0,train_images/train_images,/content/raw/train_images/train_images/91f3c4c1e72b.png,No DR,/content/processed/images_320/91f3c4c1e72b.jpg
25a0a1e41afd,0,train_images/train_images,/content/raw/train_images/train_images/25a0a1e41afd.png,No DR,/content/processed/images_320/25a0a1e41afd.jpg
e82232a3c28b,0,test_images/test_images,/content/raw/test_images/test_images/e82232a3c28b.png,No DR,/content/processed/images_320/e82232a3c28b.jpg
e03a74e7d74f,0,train_images/train_images,/content/raw/train_images/train_images/e03a74e7d74f.png,No DR,/content/processed/images_320/e03a74e7d74f.jpg
5633ced07d8e,1,train_images/train_images,/content/raw/train_images/train_images/5633ced07d8e.png,Mild,/content/processed/images_320/5633ced07d8e.jpg
db52626d450c,0,train_images/train_images,/content/raw/train_images/train_images/db52626d450c.png,No DR,/content/processed/images_320/db52626d450c.jpg
d97911a32918,0,train_images/train_images,/content/raw/train_images/train_images/d97911a32918.png,No DR,/content/processed/images_320/d97911a32918.jpg
65e51e18242b,1,train_images/train_images,/content/raw/train_images/train_images/65e51e18242b.png,Mild,/content/processed/images_320/65e51e18242b.jpg
1d11794057ff,1,train_images/train_images,/content/raw/train_images/train_images/1d11794057ff.png,Mild,/content/processed/images_320/1d11794057ff.jpg
94372043d55b,1,train_images/train_images,/content/raw/train_images/train_images/94372043d55b.png,Mild,/content/processed/images_320/94372043d55b.jpg
525acfea47e8,2,train_images/train_images,/content/raw/train_images/train_images/525acfea47e8.png,Moderate,/content/processed/images_320/525acfea47e8.jpg
bcdc8db5423b,2,train_images/train_images,/content/raw/train_images/train_images/bcdc8db5423b.png,Moderate,/content/processed/images_320/bcdc8db5423b.jpg
a02dfd67a925,0,train_images/train_images,/content/raw/train_images/train_images/a02dfd67a925.png,No DR,/content/processed/images_320/a02dfd67a925.jpg
6a91eb157f47,2,train_images/train_images,/content/raw/train_images/train_images/6a91eb157f47.png,Moderate,/content/processed/images_320/6a91eb157f47.jpg
b21abe5d9722,0,train_images/train_images,/content/raw/train_images/train_images/b21abe5d9722.png,No DR,/content/processed/images_320/b21abe5d9722.jpg
8433a032b96c,0,train_images/train_images,/content/raw/train_images/train_images/8433a032b96c.png,No DR,/content/processed/images_320/8433a032b96c.jpg
f3cd489acbee,2,test_images/test_images,/content/raw/test_images/test_images/f3cd489acbee.png,Moderate,/content/processed/images_320/f3cd489acbee.jpg
9e2a8135f471,0,train_images/train_images,/content/raw/train_images/train_images/9e2a8135f471.png,No DR,/content/processed/images_320/9e2a8135f471.jpg
5c7ab966a3ee,4,train_images/train_images,/content/raw/train_images/train_images/5c7ab966a3ee.png,Proliferative DR,/content/processed/images_320/5c7ab966a3ee.jpg
f68690db78d3,0,test_images/test_images,/content/raw/test_images/test_images/f68690db78d3.png,No DR,/content/processed/images_320/f68690db78d3.jpg
4c635a01593d,0,train_images/train_images,/content/raw/train_images/train_images/4c635a01593d.png,No DR,/content/processed/images_320/4c635a01593d.jpg
3810040096cb,4,train_images/train_images,/content/raw/train_images/train_images/3810040096cb.png,Proliferative DR,/content/processed/images_320/3810040096cb.jpg
5327f88a1919,2,train_images/train_images,/content/raw/train_images/train_images/5327f88a1919.png,Moderate,/content/processed/images_320/5327f88a1919.jpg
ea4ce9516144,0,test_images/test_images,/content/raw/test_images/test_images/ea4ce9516144.png,No DR,/content/processed/images_320/ea4ce9516144.jpg
286e9981dd9b,0,train_images/train_images,/content/raw/train_images/train_images/286e9981dd9b.png,No DR,/content/processed/images_320/286e9981dd9b.jpg
4c129470cec4,1,train_images/train_images,/content/raw/train_images/train_images/4c129470cec4.png,Mild,/content/processed/images_320/4c129470cec4.jpg
90a786abe58e,0,train_images/train_images,/content/raw/train_images/train_images/90a786abe58e.png,No DR,/content/processed/images_320/90a786abe58e.jpg
bb5083fae98f,3,train_images/train_images,/content/raw/train_images/train_images/bb5083fae98f.png,Severe,/content/processed/images_320/bb5083fae98f.jpg
7d11dbc1e738,0,train_images/train_images,/content/raw/train_images/train_images/7d11dbc1e738.png,No DR,/content/processed/images_320/7d11dbc1e738.jpg
7f0ffeb0a333,0,train_images/train_images,/content/raw/train_images/train_images/7f0ffeb0a333.png,No DR,/content/processed/images_320/7f0ffeb0a333.jpg
f06e7a9df795,0,test_images/test_images,/content/raw/test_images/test_images/f06e7a9df795.png,No DR,/content/processed/images_320/f06e7a9df795.jpg
8c29a76fa08c,0,train_images/train_images,/content/raw/train_images/train_images/8c29a76fa08c.png,No DR,/content/processed/images_320/8c29a76fa08c.jpg
b460ca9fa26f,0,train_images/train_images,/content/raw/train_images/train_images/b460ca9fa26f.png,No DR,/content/processed/images_320/b460ca9fa26f.jpg
ac2c814949f9,2,train_images/train_images,/content/raw/train_images/train_images/ac2c814949f9.png,Moderate,/content/processed/images_320/ac2c814949f9.jpg
e1dc02a3dc2a,0,train_images/train_images,/content/raw/train_images/train_images/e1dc02a3dc2a.png,No DR,/content/processed/images_320/e1dc02a3dc2a.jpg
331b87d1b9d1,2,train_images/train_images,/content/raw/train_images/train_images/331b87d1b9d1.png,Moderate,/content/processed/images_320/331b87d1b9d1.jpg
bf811911acf9,0,train_images/train_images,/content/raw/train_images/train_images/bf811911acf9.png,No DR,/content/processed/images_320/bf811911acf9.jpg
e9286ddf6ffe,1,test_images/test_images,/content/raw/test_images/test_images/e9286ddf6ffe.png,Mild,/content/processed/images_320/e9286ddf6ffe.jpg
8688f3d0fcaf,3,train_images/train_images,/content/raw/train_images/train_images/8688f3d0fcaf.png,Severe,/content/processed/images_320/8688f3d0fcaf.jpg
2131aa3a1e6f,2,train_images/train_images,/content/raw/train_images/train_images/2131aa3a1e6f.png,Moderate,/content/processed/images_320/2131aa3a1e6f.jpg
315c1a0d87fd,0,train_images/train_images,/content/raw/train_images/train_images/315c1a0d87fd.png,No DR,/content/processed/images_320/315c1a0d87fd.jpg
ed2c52c14493,0,test_images/test_images,/content/raw/test_images/test_images/ed2c52c14493.png,No DR,/content/processed/images_320/ed2c52c14493.jpg
62e6f814c8f5,2,train_images/train_images,/content/raw/train_images/train_images/62e6f814c8f5.png,Moderate,/content/processed/images_320/62e6f814c8f5.jpg
0d9a9896f801,0,val_images/val_images,/content/raw/val_images/val_images/0d9a9896f801.png,No DR,/content/processed/images_320/0d9a9896f801.jpg
51131b48f9d4,1,train_images/train_images,/content/raw/train_images/train_images/51131b48f9d4.png,Mild,/content/processed/images_320/51131b48f9d4.jpg
76cb010f7aa0,0,train_images/train_images,/content/raw/train_images/train_images/76cb010f7aa0.png,No DR,/content/processed/images_320/76cb010f7aa0.jpg
cfed7c1172ec,0,train_images/train_images,/content/raw/train_images/train_images/cfed7c1172ec.png,No DR,/content/processed/images_320/cfed7c1172ec.jpg
bb752b179751,0,train_images/train_images,/content/raw/train_images/train_images/bb752b179751.png,No DR,/content/processed/images_320/bb752b179751.jpg
0790515cf5af,0,val_images/val_images,/content/raw/val_images/val_images/0790515cf5af.png,No DR,/content/processed/images_320/0790515cf5af.jpg
bacfa2b8e706,0,train_images/train_images,/content/raw/train_images/train_images/bacfa2b8e706.png,No DR,/content/processed/images_320/bacfa2b8e706.jpg
43823561c3f0,0,train_images/train_images,/content/raw/train_images/train_images/43823561c3f0.png,No DR,/content/processed/images_320/43823561c3f0.jpg
b200c23b299b,0,train_images/train_images,/content/raw/train_images/train_images/b200c23b299b.png,No DR,/content/processed/images_320/b200c23b299b.jpg
962c0fc85e13,0,train_images/train_images,/content/raw/train_images/train_images/962c0fc85e13.png,No DR,/content/processed/images_320/962c0fc85e13.jpg
1844a039b4ea,2,val_images/val_images,/content/raw/val_images/val_images/1844a039b4ea.png,Moderate,/content/processed/images_320/1844a039b4ea.jpg
0ceb222f6629,4,val_images/val_images,/content/raw/val_images/val_images/0ceb222f6629.png,Proliferative DR,/content/processed/images_320/0ceb222f6629.jpg
388f12e8df0b,2,train_images/train_images,/content/raw/train_images/train_images/388f12e8df0b.png,Moderate,/content/processed/images_320/388f12e8df0b.jpg
28751f290ba3,0,train_images/train_images,/content/raw/train_images/train_images/28751f290ba3.png,No DR,/content/processed/images_320/28751f290ba3.jpg
a7b03e58a6e1,0,train_images/train_images,/content/raw/train_images/train_images/a7b03e58a6e1.png,No DR,/content/processed/images_320/a7b03e58a6e1.jpg
af831c158744,2,train_images/train_images,/content/raw/train_images/train_images/af831c158744.png,Moderate,/content/processed/images_320/af831c158744.jpg
2974c6ad1d58,0,train_images/train_images,/content/raw/train_images/train_images/2974c6ad1d58.png,No DR,/content/processed/images_320/2974c6ad1d58.jpg
bff51afc76d4,0,train_images/train_images,/content/raw/train_images/train_images/bff51afc76d4.png,No DR,/content/processed/images_320/bff51afc76d4.jpg
b5b913358b32,0,train_images/train_images,/content/raw/train_images/train_images/b5b913358b32.png,No DR,/content/processed/images_320/b5b913358b32.jpg
b5204c0decc7,0,train_images/train_images,/content/raw/train_images/train_images/b5204c0decc7.png,No DR,/content/processed/images_320/b5204c0decc7.jpg
8e3b79e1f1f7,2,train_images/train_images,/content/raw/train_images/train_images/8e3b79e1f1f7.png,Moderate,/content/processed/images_320/8e3b79e1f1f7.jpg
23175b7ef453,2,train_images/train_images,/content/raw/train_images/train_images/23175b7ef453.png,Moderate,/content/processed/images_320/23175b7ef453.jpg
4e6071b73120,1,train_images/train_images,/content/raw/train_images/train_images/4e6071b73120.png,Mild,/content/processed/images_320/4e6071b73120.jpg
ababe19ed448,1,train_images/train_images,/content/raw/train_images/train_images/ababe19ed448.png,Mild,/content/processed/images_320/ababe19ed448.jpg
cac80797770f,2,train_images/train_images,/content/raw/train_images/train_images/cac80797770f.png,Moderate,/content/processed/images_320/cac80797770f.jpg
b99c825b93c5,2,train_images/train_images,/content/raw/train_images/train_images/b99c825b93c5.png,Moderate,/content/processed/images_320/b99c825b93c5.jpg
afc345cc9145,0,train_images/train_images,/content/raw/train_images/train_images/afc345cc9145.png,No DR,/content/processed/images_320/afc345cc9145.jpg
72606afaf3da,0,train_images/train_images,/content/raw/train_images/train_images/72606afaf3da.png,No DR,/content/processed/images_320/72606afaf3da.jpg
ad93d88c87ea,0,train_images/train_images,/content/raw/train_images/train_images/ad93d88c87ea.png,No DR,/content/processed/images_320/ad93d88c87ea.jpg
43bc7c066dfb,0,train_images/train_images,/content/raw/train_images/train_images/43bc7c066dfb.png,No DR,/content/processed/images_320/43bc7c066dfb.jpg
6a2c3f4ef329,0,train_images/train_images,/content/raw/train_images/train_images/6a2c3f4ef329.png,No DR,/content/processed/images_320/6a2c3f4ef329.jpg
f58cdfa968be,0,test_images/test_images,/content/raw/test_images/test_images/f58cdfa968be.png,No DR,/content/processed/images_320/f58cdfa968be.jpg
2221cf5c7935,0,train_images/train_images,/content/raw/train_images/train_images/2221cf5c7935.png,No DR,/content/processed/images_320/2221cf5c7935.jpg
b842b43cb7fb,0,train_images/train_images,/content/raw/train_images/train_images/b842b43cb7fb.png,No DR,/content/processed/images_320/b842b43cb7fb.jpg
76e6a9238570,2,train_images/train_images,/content/raw/train_images/train_images/76e6a9238570.png,Moderate,/content/processed/images_320/76e6a9238570.jpg
5efa24b03d5e,1,train_images/train_images,/content/raw/train_images/train_images/5efa24b03d5e.png,Mild,/content/processed/images_320/5efa24b03d5e.jpg
d911dd40c63b,0,train_images/train_images,/content/raw/train_images/train_images/d911dd40c63b.png,No DR,/content/processed/images_320/d911dd40c63b.jpg
af3b0115aad1,3,train_images/train_images,/content/raw/train_images/train_images/af3b0115aad1.png,Severe,/content/processed/images_320/af3b0115aad1.jpg
3ac3fbfca7d4,4,train_images/train_images,/content/raw/train_images/train_images/3ac3fbfca7d4.png,Proliferative DR,/content/processed/images_320/3ac3fbfca7d4.jpg
acc9f29538c4,2,train_images/train_images,/content/raw/train_images/train_images/acc9f29538c4.png,Moderate,/content/processed/images_320/acc9f29538c4.jpg
b50b30aa6e6c,1,train_images/train_images,/content/raw/train_images/train_images/b50b30aa6e6c.png,Mild,/content/processed/images_320/b50b30aa6e6c.jpg
49eb73968c44,0,train_images/train_images,/content/raw/train_images/train_images/49eb73968c44.png,No DR,/content/processed/images_320/49eb73968c44.jpg
35cd9832fc0a,0,train_images/train_images,/content/raw/train_images/train_images/35cd9832fc0a.png,No DR,/content/processed/images_320/35cd9832fc0a.jpg
aa60813e1a8d,0,train_images/train_images,/content/raw/train_images/train_images/aa60813e1a8d.png,No DR,/content/processed/images_320/aa60813e1a8d.jpg
a4d4b69f7404,3,train_images/train_images,/content/raw/train_images/train_images/a4d4b69f7404.png,Severe,/content/processed/images_320/a4d4b69f7404.jpg
f633c474e8b8,0,test_images/test_images,/content/raw/test_images/test_images/f633c474e8b8.png,No DR,/content/processed/images_320/f633c474e8b8.jpg
e13412678eff,3,train_images/train_images,/content/raw/train_images/train_images/e13412678eff.png,Severe,/content/processed/images_320/e13412678eff.jpg
6daef3e5ca22,4,train_images/train_images,/content/raw/train_images/train_images/6daef3e5ca22.png,Proliferative DR,/content/processed/images_320/6daef3e5ca22.jpg
524f240e0c90,2,train_images/train_images,/content/raw/train_images/train_images/524f240e0c90.png,Moderate,/content/processed/images_320/524f240e0c90.jpg
de50dfa745f8,2,train_images/train_images,/content/raw/train_images/train_images/de50dfa745f8.png,Moderate,/content/processed/images_320/de50dfa745f8.jpg
82f2784ead76,2,train_images/train_images,/content/raw/train_images/train_images/82f2784ead76.png,Moderate,/content/processed/images_320/82f2784ead76.jpg
9bafbbd152d2,3,train_images/train_images,/content/raw/train_images/train_images/9bafbbd152d2.png,Severe,/content/processed/images_320/9bafbbd152d2.jpg
d6803e467592,0,train_images/train_images,/content/raw/train_images/train_images/d6803e467592.png,No DR,/content/processed/images_320/d6803e467592.jpg
3f44d749cd0b,0,train_images/train_images,/content/raw/train_images/train_images/3f44d749cd0b.png,No DR,/content/processed/images_320/3f44d749cd0b.jpg
76be29bb30b2,1,train_images/train_images,/content/raw/train_images/train_images/76be29bb30b2.png,Mild,/content/processed/images_320/76be29bb30b2.jpg
465c618f7b23,2,train_images/train_images,/content/raw/train_images/train_images/465c618f7b23.png,Moderate,/content/processed/images_320/465c618f7b23.jpg
384db24ebbd7,0,train_images/train_images,/content/raw/train_images/train_images/384db24ebbd7.png,No DR,/content/processed/images_320/384db24ebbd7.jpg
f48241b0c995,0,test_images/test_images,/content/raw/test_images/test_images/f48241b0c995.png,No DR,/content/processed/images_320/f48241b0c995.jpg
e150935f66a6,2,train_images/train_images,/content/raw/train_images/train_images/e150935f66a6.png,Moderate,/content/processed/images_320/e150935f66a6.jpg
a2696f444ecb,1,train_images/train_images,/content/raw/train_images/train_images/a2696f444ecb.png,Mild,/content/processed/images_320/a2696f444ecb.jpg
cc839823755b,2,train_images/train_images,/content/raw/train_images/train_images/cc839823755b.png,Moderate,/content/processed/images_320/cc839823755b.jpg
bc7bf19b84e3,0,train_images/train_images,/content/raw/train_images/train_images/bc7bf19b84e3.png,No DR,/content/processed/images_320/bc7bf19b84e3.jpg
1864d3411143,0,val_images/val_images,/content/raw/val_images/val_images/1864d3411143.png,No DR,/content/processed/images_320/1864d3411143.jpg
959bb2d01091,0,train_images/train_images,/content/raw/train_images/train_images/959bb2d01091.png,No DR,/content/processed/images_320/959bb2d01091.jpg
2776d70724d3,2,train_images/train_images,/content/raw/train_images/train_images/2776d70724d3.png,Moderate,/content/processed/images_320/2776d70724d3.jpg
977e1ca77653,1,train_images/train_images,/content/raw/train_images/train_images/977e1ca77653.png,Mild,/content/processed/images_320/977e1ca77653.jpg
5299a532f0e0,0,train_images/train_images,/content/raw/train_images/train_images/5299a532f0e0.png,No DR,/content/processed/images_320/5299a532f0e0.jpg
b549af91bd30,0,train_images/train_images,/content/raw/train_images/train_images/b549af91bd30.png,No DR,/content/processed/images_320/b549af91bd30.jpg
58f07741ee3b,0,train_images/train_images,/content/raw/train_images/train_images/58f07741ee3b.png,No DR,/content/processed/images_320/58f07741ee3b.jpg
0551676cc2aa,0,val_images/val_images,/content/raw/val_images/val_images/0551676cc2aa.png,No DR,/content/processed/images_320/0551676cc2aa.jpg
16ce555748d8,4,val_images/val_images,/content/raw/val_images/val_images/16ce555748d8.png,Proliferative DR,/content/processed/images_320/16ce555748d8.jpg
a14fcf84bfe1,3,train_images/train_images,/content/raw/train_images/train_images/a14fcf84bfe1.png,Severe,/content/processed/images_320/a14fcf84bfe1.jpg
878a3a097436,2,train_images/train_images,/content/raw/train_images/train_images/878a3a097436.png,Moderate,/content/processed/images_320/878a3a097436.jpg
462937ece243,0,train_images/train_images,/content/raw/train_images/train_images/462937ece243.png,No DR,/content/processed/images_320/462937ece243.jpg
d1fb4efb117c,2,train_images/train_images,/content/raw/train_images/train_images/d1fb4efb117c.png,Moderate,/content/processed/images_320/d1fb4efb117c.jpg
b4b04d81acbb,0,train_images/train_images,/content/raw/train_images/train_images/b4b04d81acbb.png,No DR,/content/processed/images_320/b4b04d81acbb.jpg
8a482c024fc2,0,train_images/train_images,/content/raw/train_images/train_images/8a482c024fc2.png,No DR,/content/processed/images_320/8a482c024fc2.jpg
3cdda8b3df19,2,train_images/train_images,/content/raw/train_images/train_images/3cdda8b3df19.png,Moderate,/content/processed/images_320/3cdda8b3df19.jpg
bf7047dc683c,2,train_images/train_images,/content/raw/train_images/train_images/bf7047dc683c.png,Moderate,/content/processed/images_320/bf7047dc683c.jpg
da2bdf4236ac,0,train_images/train_images,/content/raw/train_images/train_images/da2bdf4236ac.png,No DR,/content/processed/images_320/da2bdf4236ac.jpg
2db0cd3e30da,0,train_images/train_images,/content/raw/train_images/train_images/2db0cd3e30da.png,No DR,/content/processed/images_320/2db0cd3e30da.jpg
3f47f83217b5,2,train_images/train_images,/content/raw/train_images/train_images/3f47f83217b5.png,Moderate,/content/processed/images_320/3f47f83217b5.jpg
de730033c683,0,train_images/train_images,/content/raw/train_images/train_images/de730033c683.png,No DR,/content/processed/images_320/de730033c683.jpg
31616ff6b53b,3,train_images/train_images,/content/raw/train_images/train_images/31616ff6b53b.png,Severe,/content/processed/images_320/31616ff6b53b.jpg
54bbe3da103e,2,train_images/train_images,/content/raw/train_images/train_images/54bbe3da103e.png,Moderate,/content/processed/images_320/54bbe3da103e.jpg
c5ad60521f8c,2,train_images/train_images,/content/raw/train_images/train_images/c5ad60521f8c.png,Moderate,/content/processed/images_320/c5ad60521f8c.jpg
4f20f9a9a65b,2,train_images/train_images,/content/raw/train_images/train_images/4f20f9a9a65b.png,Moderate,/content/processed/images_320/4f20f9a9a65b.jpg
07083738b75e,2,val_images/val_images,/content/raw/val_images/val_images/07083738b75e.png,Moderate,/content/processed/images_320/07083738b75e.jpg
38373431d996,0,train_images/train_images,/content/raw/train_images/train_images/38373431d996.png,No DR,/content/processed/images_320/38373431d996.jpg
4da6e2089d57,2,train_images/train_images,/content/raw/train_images/train_images/4da6e2089d57.png,Moderate,/content/processed/images_320/4da6e2089d57.jpg
d141728fa392,2,train_images/train_images,/content/raw/train_images/train_images/d141728fa392.png,Moderate,/content/processed/images_320/d141728fa392.jpg
76cfe8967f7d,2,train_images/train_images,/content/raw/train_images/train_images/76cfe8967f7d.png,Moderate,/content/processed/images_320/76cfe8967f7d.jpg
d865997a6280,0,train_images/train_images,/content/raw/train_images/train_images/d865997a6280.png,No DR,/content/processed/images_320/d865997a6280.jpg
e8d1c6c07cf2,3,test_images/test_images,/content/raw/test_images/test_images/e8d1c6c07cf2.png,Severe,/content/processed/images_320/e8d1c6c07cf2.jpg
d3d578fe433f,2,train_images/train_images,/content/raw/train_images/train_images/d3d578fe433f.png,Moderate,/content/processed/images_320/d3d578fe433f.jpg
7a6e384a0846,3,train_images/train_images,/content/raw/train_images/train_images/7a6e384a0846.png,Severe,/content/processed/images_320/7a6e384a0846.jpg
a9c7b83caf81,2,train_images/train_images,/content/raw/train_images/train_images/a9c7b83caf81.png,Moderate,/content/processed/images_320/a9c7b83caf81.jpg
dbb2c63f6f08,3,train_images/train_images,/content/raw/train_images/train_images/dbb2c63f6f08.png,Severe,/content/processed/images_320/dbb2c63f6f08.jpg
abf0f56c6f12,2,train_images/train_images,/content/raw/train_images/train_images/abf0f56c6f12.png,Moderate,/content/processed/images_320/abf0f56c6f12.jpg
4fef9ed8a4c5,3,train_images/train_images,/content/raw/train_images/train_images/4fef9ed8a4c5.png,Severe,/content/processed/images_320/4fef9ed8a4c5.jpg
c6e1e9fbf39b,2,train_images/train_images,/content/raw/train_images/train_images/c6e1e9fbf39b.png,Moderate,/content/processed/images_320/c6e1e9fbf39b.jpg
59fee5bc3479,4,train_images/train_images,/content/raw/train_images/train_images/59fee5bc3479.png,Proliferative DR,/content/processed/images_320/59fee5bc3479.jpg
cd314653a4d8,0,train_images/train_images,/content/raw/train_images/train_images/cd314653a4d8.png,No DR,/content/processed/images_320/cd314653a4d8.jpg
ae2c3f6312ef,0,train_images/train_images,/content/raw/train_images/train_images/ae2c3f6312ef.png,No DR,/content/processed/images_320/ae2c3f6312ef.jpg
6c250a30593b,4,train_images/train_images,/content/raw/train_images/train_images/6c250a30593b.png,Proliferative DR,/content/processed/images_320/6c250a30593b.jpg
1594ca6c30d3,2,val_images/val_images,/content/raw/val_images/val_images/1594ca6c30d3.png,Moderate,/content/processed/images_320/1594ca6c30d3.jpg
f5e6226bd2e0,4,test_images/test_images,/content/raw/test_images/test_images/f5e6226bd2e0.png,Proliferative DR,/content/processed/images_320/f5e6226bd2e0.jpg
cc671a73e1cb,0,train_images/train_images,/content/raw/train_images/train_images/cc671a73e1cb.png,No DR,/content/processed/images_320/cc671a73e1cb.jpg
0232dfea7547,0,val_images/val_images,/content/raw/val_images/val_images/0232dfea7547.png,No DR,/content/processed/images_320/0232dfea7547.jpg
26d60db3bbfd,0,train_images/train_images,/content/raw/train_images/train_images/26d60db3bbfd.png,No DR,/content/processed/images_320/26d60db3bbfd.jpg
4294a14c656a,3,train_images/train_images,/content/raw/train_images/train_images/4294a14c656a.png,Severe,/content/processed/images_320/4294a14c656a.jpg
f092febbf5c0,3,test_images/test_images,/content/raw/test_images/test_images/f092febbf5c0.png,Severe,/content/processed/images_320/f092febbf5c0.jpg
b86fb2d5be1a,0,train_images/train_images,/content/raw/train_images/train_images/b86fb2d5be1a.png,No DR,/content/processed/images_320/b86fb2d5be1a.jpg
c3e02d4a1798,2,train_images/train_images,/content/raw/train_images/train_images/c3e02d4a1798.png,Moderate,/content/processed/images_320/c3e02d4a1798.jpg
1002b5151b8e,0,val_images/val_images,/content/raw/val_images/val_images/1002b5151b8e.png,No DR,/content/processed/images_320/1002b5151b8e.jpg
f09cfc6a4dbd,0,test_images/test_images,/content/raw/test_images/test_images/f09cfc6a4dbd.png,No DR,/content/processed/images_320/f09cfc6a4dbd.jpg
d81338217fc5,2,train_images/train_images,/content/raw/train_images/train_images/d81338217fc5.png,Moderate,/content/processed/images_320/d81338217fc5.jpg
657859f893d9,2,train_images/train_images,/content/raw/train_images/train_images/657859f893d9.png,Moderate,/content/processed/images_320/657859f893d9.jpg
34723fae6475,2,train_images/train_images,/content/raw/train_images/train_images/34723fae6475.png,Moderate,/content/processed/images_320/34723fae6475.jpg
a28bfb772f50,1,train_images/train_images,/content/raw/train_images/train_images/a28bfb772f50.png,Mild,/content/processed/images_320/a28bfb772f50.jpg
79cbae28d8b2,0,train_images/train_images,/content/raw/train_images/train_images/79cbae28d8b2.png,No DR,/content/processed/images_320/79cbae28d8b2.jpg
fe2df69676cf,1,test_images/test_images,/content/raw/test_images/test_images/fe2df69676cf.png,Mild,/content/processed/images_320/fe2df69676cf.jpg
ef5155990874,0,test_images/test_images,/content/raw/test_images/test_images/ef5155990874.png,No DR,/content/processed/images_320/ef5155990874.jpg
c6229222bf22,0,train_images/train_images,/content/raw/train_images/train_images/c6229222bf22.png,No DR,/content/processed/images_320/c6229222bf22.jpg
e2c39ed0c941,0,train_images/train_images,/content/raw/train_images/train_images/e2c39ed0c941.png,No DR,/content/processed/images_320/e2c39ed0c941.jpg
51e656e5a541,0,train_images/train_images,/content/raw/train_images/train_images/51e656e5a541.png,No DR,/content/processed/images_320/51e656e5a541.jpg
4478b870e549,2,train_images/train_images,/content/raw/train_images/train_images/4478b870e549.png,Moderate,/content/processed/images_320/4478b870e549.jpg
44c869174e3a,2,train_images/train_images,/content/raw/train_images/train_images/44c869174e3a.png,Moderate,/content/processed/images_320/44c869174e3a.jpg
3bf3085ac167,0,train_images/train_images,/content/raw/train_images/train_images/3bf3085ac167.png,No DR,/content/processed/images_320/3bf3085ac167.jpg
8d4ff745a409,0,train_images/train_images,/content/raw/train_images/train_images/8d4ff745a409.png,No DR,/content/processed/images_320/8d4ff745a409.jpg
6889bc64ab09,2,train_images/train_images,/content/raw/train_images/train_images/6889bc64ab09.png,Moderate,/content/processed/images_320/6889bc64ab09.jpg
48a45619d1a3,0,train_images/train_images,/content/raw/train_images/train_images/48a45619d1a3.png,No DR,/content/processed/images_320/48a45619d1a3.jpg
ca7570c5925c,2,train_images/train_images,/content/raw/train_images/train_images/ca7570c5925c.png,Moderate,/content/processed/images_320/ca7570c5925c.jpg
e4d3d437b0a8,0,train_images/train_images,/content/raw/train_images/train_images/e4d3d437b0a8.png,No DR,/content/processed/images_320/e4d3d437b0a8.jpg
dc3c0d8ee20b,2,train_images/train_images,/content/raw/train_images/train_images/dc3c0d8ee20b.png,Moderate,/content/processed/images_320/dc3c0d8ee20b.jpg
2f8d14a7d390,0,train_images/train_images,/content/raw/train_images/train_images/2f8d14a7d390.png,No DR,/content/processed/images_320/2f8d14a7d390.jpg
0981195eb9fb,4,val_images/val_images,/content/raw/val_images/val_images/0981195eb9fb.png,Proliferative DR,/content/processed/images_320/0981195eb9fb.jpg
96d48b073f18,2,train_images/train_images,/content/raw/train_images/train_images/96d48b073f18.png,Moderate,/content/processed/images_320/96d48b073f18.jpg
b67ae80f7eba,0,train_images/train_images,/content/raw/train_images/train_images/b67ae80f7eba.png,No DR,/content/processed/images_320/b67ae80f7eba.jpg
2fb3a8606a77,2,train_images/train_images,/content/raw/train_images/train_images/2fb3a8606a77.png,Moderate,/content/processed/images_320/2fb3a8606a77.jpg
cad5b1a82e60,0,train_images/train_images,/content/raw/train_images/train_images/cad5b1a82e60.png,No DR,/content/processed/images_320/cad5b1a82e60.jpg
d06ccd0cf4b8,1,train_images/train_images,/content/raw/train_images/train_images/d06ccd0cf4b8.png,Mild,/content/processed/images_320/d06ccd0cf4b8.jpg
f69400b316a7,2,test_images/test_images,/content/raw/test_images/test_images/f69400b316a7.png,Moderate,/content/processed/images_320/f69400b316a7.jpg
ce887b196c23,2,train_images/train_images,/content/raw/train_images/train_images/ce887b196c23.png,Moderate,/content/processed/images_320/ce887b196c23.jpg
1db0393cdbc1,0,train_images/train_images,/content/raw/train_images/train_images/1db0393cdbc1.png,No DR,/content/processed/images_320/1db0393cdbc1.jpg
8a759f94613a,2,train_images/train_images,/content/raw/train_images/train_images/8a759f94613a.png,Moderate,/content/processed/images_320/8a759f94613a.jpg
12bc439d373a,0,val_images/val_images,/content/raw/val_images/val_images/12bc439d373a.png,No DR,/content/processed/images_320/12bc439d373a.jpg
475c7ded0f7a,2,train_images/train_images,/content/raw/train_images/train_images/475c7ded0f7a.png,Moderate,/content/processed/images_320/475c7ded0f7a.jpg
e12df54e0d1e,0,train_images/train_images,/content/raw/train_images/train_images/e12df54e0d1e.png,No DR,/content/processed/images_320/e12df54e0d1e.jpg
519c6e8f78dc,0,train_images/train_images,/content/raw/train_images/train_images/519c6e8f78dc.png,No DR,/content/processed/images_320/519c6e8f78dc.jpg
034cb07a550f,4,val_images/val_images,/content/raw/val_images/val_images/034cb07a550f.png,Proliferative DR,/content/processed/images_320/034cb07a550f.jpg
cc12453ea915,1,train_images/train_images,/content/raw/train_images/train_images/cc12453ea915.png,Mild,/content/processed/images_320/cc12453ea915.jpg
f58f0b2fd718,0,test_images/test_images,/content/raw/test_images/test_images/f58f0b2fd718.png,No DR,/content/processed/images_320/f58f0b2fd718.jpg
f71aca5a7dc3,0,test_images/test_images,/content/raw/test_images/test_images/f71aca5a7dc3.png,No DR,/content/processed/images_320/f71aca5a7dc3.jpg
c2f3281cf528,0,train_images/train_images,/content/raw/train_images/train_images/c2f3281cf528.png,No DR,/content/processed/images_320/c2f3281cf528.jpg
5b068765e846,1,train_images/train_images,/content/raw/train_images/train_images/5b068765e846.png,Mild,/content/processed/images_320/5b068765e846.jpg
cd45bfa07d41,1,train_images/train_images,/content/raw/train_images/train_images/cd45bfa07d41.png,Mild,/content/processed/images_320/cd45bfa07d41.jpg
18af532e7e1e,2,val_images/val_images,/content/raw/val_images/val_images/18af532e7e1e.png,Moderate,/content/processed/images_320/18af532e7e1e.jpg
1ca35d483772,0,train_images/train_images,/content/raw/train_images/train_images/1ca35d483772.png,No DR,/content/processed/images_320/1ca35d483772.jpg
b294927b14b0,0,train_images/train_images,/content/raw/train_images/train_images/b294927b14b0.png,No DR,/content/processed/images_320/b294927b14b0.jpg
5712e2aa73a2,1,train_images/train_images,/content/raw/train_images/train_images/5712e2aa73a2.png,Mild,/content/processed/images_320/5712e2aa73a2.jpg
b2b79b37d314,0,train_images/train_images,/content/raw/train_images/train_images/b2b79b37d314.png,No DR,/content/processed/images_320/b2b79b37d314.jpg
7e6e90a93aa5,2,train_images/train_images,/content/raw/train_images/train_images/7e6e90a93aa5.png,Moderate,/content/processed/images_320/7e6e90a93aa5.jpg
63b71347e95d,0,train_images/train_images,/content/raw/train_images/train_images/63b71347e95d.png,No DR,/content/processed/images_320/63b71347e95d.jpg
5b644a403e1f,2,train_images/train_images,/content/raw/train_images/train_images/5b644a403e1f.png,Moderate,/content/processed/images_320/5b644a403e1f.jpg
7455e2b5fc57,2,train_images/train_images,/content/raw/train_images/train_images/7455e2b5fc57.png,Moderate,/content/processed/images_320/7455e2b5fc57.jpg
13073f075a56,0,val_images/val_images,/content/raw/val_images/val_images/13073f075a56.png,No DR,/content/processed/images_320/13073f075a56.jpg
c0202976c670,2,train_images/train_images,/content/raw/train_images/train_images/c0202976c670.png,Moderate,/content/processed/images_320/c0202976c670.jpg
b99afe7137fb,4,train_images/train_images,/content/raw/train_images/train_images/b99afe7137fb.png,Proliferative DR,/content/processed/images_320/b99afe7137fb.jpg
e39b627cf648,4,train_images/train_images,/content/raw/train_images/train_images/e39b627cf648.png,Proliferative DR,/content/processed/images_320/e39b627cf648.jpg
6f923b60934b,4,train_images/train_images,/content/raw/train_images/train_images/6f923b60934b.png,Proliferative DR,/content/processed/images_320/6f923b60934b.jpg
365f8c01d994,1,train_images/train_images,/content/raw/train_images/train_images/365f8c01d994.png,Mild,/content/processed/images_320/365f8c01d994.jpg
0b00f8a77510,0,val_images/val_images,/content/raw/val_images/val_images/0b00f8a77510.png,No DR,/content/processed/images_320/0b00f8a77510.jpg
d0926ed2c8e5,0,train_images/train_images,/content/raw/train_images/train_images/d0926ed2c8e5.png,No DR,/content/processed/images_320/d0926ed2c8e5.jpg
ab78a66dee6a,0,train_images/train_images,/content/raw/train_images/train_images/ab78a66dee6a.png,No DR,/content/processed/images_320/ab78a66dee6a.jpg
d29b37d110f3,0,train_images/train_images,/content/raw/train_images/train_images/d29b37d110f3.png,No DR,/content/processed/images_320/d29b37d110f3.jpg
436e1793d240,2,train_images/train_images,/content/raw/train_images/train_images/436e1793d240.png,Moderate,/content/processed/images_320/436e1793d240.jpg
7d1b40fdbd86,2,train_images/train_images,/content/raw/train_images/train_images/7d1b40fdbd86.png,Moderate,/content/processed/images_320/7d1b40fdbd86.jpg
2dc647e00ad3,0,train_images/train_images,/content/raw/train_images/train_images/2dc647e00ad3.png,No DR,/content/processed/images_320/2dc647e00ad3.jpg
dd285d9e97fe,0,train_images/train_images,/content/raw/train_images/train_images/dd285d9e97fe.png,No DR,/content/processed/images_320/dd285d9e97fe.jpg
b8297a2291f5,0,train_images/train_images,/content/raw/train_images/train_images/b8297a2291f5.png,No DR,/content/processed/images_320/b8297a2291f5.jpg
6653ad026901,0,train_images/train_images,/content/raw/train_images/train_images/6653ad026901.png,No DR,/content/processed/images_320/6653ad026901.jpg
1b8701231c8f,0,train_images/train_images,/content/raw/train_images/train_images/1b8701231c8f.png,No DR,/content/processed/images_320/1b8701231c8f.jpg
71c22da3d6c6,0,train_images/train_images,/content/raw/train_images/train_images/71c22da3d6c6.png,No DR,/content/processed/images_320/71c22da3d6c6.jpg
daeaa5d8cf70,2,train_images/train_images,/content/raw/train_images/train_images/daeaa5d8cf70.png,Moderate,/content/processed/images_320/daeaa5d8cf70.jpg
77b7b71ebcc3,0,train_images/train_images,/content/raw/train_images/train_images/77b7b71ebcc3.png,No DR,/content/processed/images_320/77b7b71ebcc3.jpg
67d8f94f04e0,0,train_images/train_images,/content/raw/train_images/train_images/67d8f94f04e0.png,No DR,/content/processed/images_320/67d8f94f04e0.jpg
0684311afdfc,1,val_images/val_images,/content/raw/val_images/val_images/0684311afdfc.png,Mild,/content/processed/images_320/0684311afdfc.jpg
f025f33b2c9b,4,test_images/test_images,/content/raw/test_images/test_images/f025f33b2c9b.png,Proliferative DR,/content/processed/images_320/f025f33b2c9b.jpg
05339950962e,0,val_images/val_images,/content/raw/val_images/val_images/05339950962e.png,No DR,/content/processed/images_320/05339950962e.jpg
6f3b62e5b7f5,0,train_images/train_images,/content/raw/train_images/train_images/6f3b62e5b7f5.png,No DR,/content/processed/images_320/6f3b62e5b7f5.jpg
d29096bd94aa,2,train_images/train_images,/content/raw/train_images/train_images/d29096bd94aa.png,Moderate,/content/processed/images_320/d29096bd94aa.jpg
8c7c26c52a6c,4,train_images/train_images,/content/raw/train_images/train_images/8c7c26c52a6c.png,Proliferative DR,/content/processed/images_320/8c7c26c52a6c.jpg
4a213b405ee4,1,train_images/train_images,/content/raw/train_images/train_images/4a213b405ee4.png,Mild,/content/processed/images_320/4a213b405ee4.jpg
9a3109657ac1,1,train_images/train_images,/content/raw/train_images/train_images/9a3109657ac1.png,Mild,/content/processed/images_320/9a3109657ac1.jpg
2a3a1ed1c285,2,train_images/train_images,/content/raw/train_images/train_images/2a3a1ed1c285.png,Moderate,/content/processed/images_320/2a3a1ed1c285.jpg
b43440c6ebe4,0,train_images/train_images,/content/raw/train_images/train_images/b43440c6ebe4.png,No DR,/content/processed/images_320/b43440c6ebe4.jpg
9b57e43b44e7,0,train_images/train_images,/content/raw/train_images/train_images/9b57e43b44e7.png,No DR,/content/processed/images_320/9b57e43b44e7.jpg
1f5496352859,0,train_images/train_images,/content/raw/train_images/train_images/1f5496352859.png,No DR,/content/processed/images_320/1f5496352859.jpg
3325b1fe55d2,0,train_images/train_images,/content/raw/train_images/train_images/3325b1fe55d2.png,No DR,/content/processed/images_320/3325b1fe55d2.jpg
6fbaaf8eb67a,0,train_images/train_images,/content/raw/train_images/train_images/6fbaaf8eb67a.png,No DR,/content/processed/images_320/6fbaaf8eb67a.jpg
9f1b14dfa14c,0,train_images/train_images,/content/raw/train_images/train_images/9f1b14dfa14c.png,No DR,/content/processed/images_320/9f1b14dfa14c.jpg
9fefe2b44795,3,train_images/train_images,/content/raw/train_images/train_images/9fefe2b44795.png,Severe,/content/processed/images_320/9fefe2b44795.jpg
41345cec5957,0,train_images/train_images,/content/raw/train_images/train_images/41345cec5957.png,No DR,/content/processed/images_320/41345cec5957.jpg
2585bbc91909,0,train_images/train_images,/content/raw/train_images/train_images/2585bbc91909.png,No DR,/content/processed/images_320/2585bbc91909.jpg
69b3a00927fc,0,train_images/train_images,/content/raw/train_images/train_images/69b3a00927fc.png,No DR,/content/processed/images_320/69b3a00927fc.jpg
188219f2d9c6,0,val_images/val_images,/content/raw/val_images/val_images/188219f2d9c6.png,No DR,/content/processed/images_320/188219f2d9c6.jpg
c25e02b39c01,0,train_images/train_images,/content/raw/train_images/train_images/c25e02b39c01.png,No DR,/content/processed/images_320/c25e02b39c01.jpg
fdd18ccbbdc5,1,test_images/test_images,/content/raw/test_images/test_images/fdd18ccbbdc5.png,Mild,/content/processed/images_320/fdd18ccbbdc5.jpg
b963a11638f2,0,train_images/train_images,/content/raw/train_images/train_images/b963a11638f2.png,No DR,/content/processed/images_320/b963a11638f2.jpg
ceb601fe8dba,2,train_images/train_images,/content/raw/train_images/train_images/ceb601fe8dba.png,Moderate,/content/processed/images_320/ceb601fe8dba.jpg
e66ad813a508,0,test_images/test_images,/content/raw/test_images/test_images/e66ad813a508.png,No DR,/content/processed/images_320/e66ad813a508.jpg
537e50fdf22e,3,train_images/train_images,/content/raw/train_images/train_images/537e50fdf22e.png,Severe,/content/processed/images_320/537e50fdf22e.jpg
aa4407aab872,0,train_images/train_images,/content/raw/train_images/train_images/aa4407aab872.png,No DR,/content/processed/images_320/aa4407aab872.jpg
57f5ad4b5b29,0,train_images/train_images,/content/raw/train_images/train_images/57f5ad4b5b29.png,No DR,/content/processed/images_320/57f5ad4b5b29.jpg
788ddb0b70b7,3,train_images/train_images,/content/raw/train_images/train_images/788ddb0b70b7.png,Severe,/content/processed/images_320/788ddb0b70b7.jpg
4f6abc40c72d,0,train_images/train_images,/content/raw/train_images/train_images/4f6abc40c72d.png,No DR,/content/processed/images_320/4f6abc40c72d.jpg
ee78ce914066,1,test_images/test_images,/content/raw/test_images/test_images/ee78ce914066.png,Mild,/content/processed/images_320/ee78ce914066.jpg
565f3404f9b2,0,train_images/train_images,/content/raw/train_images/train_images/565f3404f9b2.png,No DR,/content/processed/images_320/565f3404f9b2.jpg
17e6116b89b3,0,val_images/val_images,/content/raw/val_images/val_images/17e6116b89b3.png,No DR,/content/processed/images_320/17e6116b89b3.jpg
2927665214e1,0,train_images/train_images,/content/raw/train_images/train_images/2927665214e1.png,No DR,/content/processed/images_320/2927665214e1.jpg
356304d15a5c,0,train_images/train_images,/content/raw/train_images/train_images/356304d15a5c.png,No DR,/content/processed/images_320/356304d15a5c.jpg
f30f203ef51e,2,test_images/test_images,/content/raw/test_images/test_images/f30f203ef51e.png,Moderate,/content/processed/images_320/f30f203ef51e.jpg
bca2bdc15fc5,2,train_images/train_images,/content/raw/train_images/train_images/bca2bdc15fc5.png,Moderate,/content/processed/images_320/bca2bdc15fc5.jpg
ed2ef440d22c,0,test_images/test_images,/content/raw/test_images/test_images/ed2ef440d22c.png,No DR,/content/processed/images_320/ed2ef440d22c.jpg
10de500cf0c5,0,val_images/val_images,/content/raw/val_images/val_images/10de500cf0c5.png,No DR,/content/processed/images_320/10de500cf0c5.jpg
2c8101f14723,0,train_images/train_images,/content/raw/train_images/train_images/2c8101f14723.png,No DR,/content/processed/images_320/2c8101f14723.jpg
df841a0440d8,2,train_images/train_images,/content/raw/train_images/train_images/df841a0440d8.png,Moderate,/content/processed/images_320/df841a0440d8.jpg
a8652b2de23f,2,train_images/train_images,/content/raw/train_images/train_images/a8652b2de23f.png,Moderate,/content/processed/images_320/a8652b2de23f.jpg
389552047476,0,train_images/train_images,/content/raw/train_images/train_images/389552047476.png,No DR,/content/processed/images_320/389552047476.jpg
bd500a73beae,0,train_images/train_images,/content/raw/train_images/train_images/bd500a73beae.png,No DR,/content/processed/images_320/bd500a73beae.jpg
9b093fe95d6b,3,train_images/train_images,/content/raw/train_images/train_images/9b093fe95d6b.png,Severe,/content/processed/images_320/9b093fe95d6b.jpg
a8b3c0961d42,0,train_images/train_images,/content/raw/train_images/train_images/a8b3c0961d42.png,No DR,/content/processed/images_320/a8b3c0961d42.jpg
2b48daf24be0,3,train_images/train_images,/content/raw/train_images/train_images/2b48daf24be0.png,Severe,/content/processed/images_320/2b48daf24be0.jpg
6810410187a0,2,train_images/train_images,/content/raw/train_images/train_images/6810410187a0.png,Moderate,/content/processed/images_320/6810410187a0.jpg
d66ccb75ada1,1,train_images/train_images,/content/raw/train_images/train_images/d66ccb75ada1.png,Mild,/content/processed/images_320/d66ccb75ada1.jpg
5a93c0f783c4,0,train_images/train_images,/content/raw/train_images/train_images/5a93c0f783c4.png,No DR,/content/processed/images_320/5a93c0f783c4.jpg
633fe9dbaf39,0,train_images/train_images,/content/raw/train_images/train_images/633fe9dbaf39.png,No DR,/content/processed/images_320/633fe9dbaf39.jpg
b74de20d73de,0,train_images/train_images,/content/raw/train_images/train_images/b74de20d73de.png,No DR,/content/processed/images_320/b74de20d73de.jpg
91e82fe4e434,0,train_images/train_images,/content/raw/train_images/train_images/91e82fe4e434.png,No DR,/content/processed/images_320/91e82fe4e434.jpg
a15652b22ab8,2,train_images/train_images,/content/raw/train_images/train_images/a15652b22ab8.png,Moderate,/content/processed/images_320/a15652b22ab8.jpg
ed6bd9293a89,0,test_images/test_images,/content/raw/test_images/test_images/ed6bd9293a89.png,No DR,/content/processed/images_320/ed6bd9293a89.jpg
9a56cfb980ec,0,train_images/train_images,/content/raw/train_images/train_images/9a56cfb980ec.png,No DR,/content/processed/images_320/9a56cfb980ec.jpg
8acffaf1f4b9,2,train_images/train_images,/content/raw/train_images/train_images/8acffaf1f4b9.png,Moderate,/content/processed/images_320/8acffaf1f4b9.jpg
1414128bead0,2,val_images/val_images,/content/raw/val_images/val_images/1414128bead0.png,Moderate,/content/processed/images_320/1414128bead0.jpg
de2eb5c8aa83,0,train_images/train_images,/content/raw/train_images/train_images/de2eb5c8aa83.png,No DR,/content/processed/images_320/de2eb5c8aa83.jpg
e2a233493b90,1,train_images/train_images,/content/raw/train_images/train_images/e2a233493b90.png,Mild,/content/processed/images_320/e2a233493b90.jpg
51d780864365,2,train_images/train_images,/content/raw/train_images/train_images/51d780864365.png,Moderate,/content/processed/images_320/51d780864365.jpg
38b9bb961847,1,train_images/train_images,/content/raw/train_images/train_images/38b9bb961847.png,Mild,/content/processed/images_320/38b9bb961847.jpg
e31c42a8652b,2,train_images/train_images,/content/raw/train_images/train_images/e31c42a8652b.png,Moderate,/content/processed/images_320/e31c42a8652b.jpg
7b211d8bd249,4,train_images/train_images,/content/raw/train_images/train_images/7b211d8bd249.png,Proliferative DR,/content/processed/images_320/7b211d8bd249.jpg
aef9016557ca,2,train_images/train_images,/content/raw/train_images/train_images/aef9016557ca.png,Moderate,/content/processed/images_320/aef9016557ca.jpg
f86d1c404acb,0,test_images/test_images,/content/raw/test_images/test_images/f86d1c404acb.png,No DR,/content/processed/images_320/f86d1c404acb.jpg
917f76f360b6,2,train_images/train_images,/content/raw/train_images/train_images/917f76f360b6.png,Moderate,/content/processed/images_320/917f76f360b6.jpg
22449af52060,0,train_images/train_images,/content/raw/train_images/train_images/22449af52060.png,No DR,/content/processed/images_320/22449af52060.jpg
991a0b7a8c87,0,train_images/train_images,/content/raw/train_images/train_images/991a0b7a8c87.png,No DR,/content/processed/images_320/991a0b7a8c87.jpg
682312e82ee3,0,train_images/train_images,/content/raw/train_images/train_images/682312e82ee3.png,No DR,/content/processed/images_320/682312e82ee3.jpg
dea7538bb91a,0,train_images/train_images,/content/raw/train_images/train_images/dea7538bb91a.png,No DR,/content/processed/images_320/dea7538bb91a.jpg
6852f4531591,0,train_images/train_images,/content/raw/train_images/train_images/6852f4531591.png,No DR,/content/processed/images_320/6852f4531591.jpg
785777558f05,4,train_images/train_images,/content/raw/train_images/train_images/785777558f05.png,Proliferative DR,/content/processed/images_320/785777558f05.jpg
cb28adab4e8a,0,train_images/train_images,/content/raw/train_images/train_images/cb28adab4e8a.png,No DR,/content/processed/images_320/cb28adab4e8a.jpg
83d6e40c869f,2,train_images/train_images,/content/raw/train_images/train_images/83d6e40c869f.png,Moderate,/content/processed/images_320/83d6e40c869f.jpg
3580a545016d,0,train_images/train_images,/content/raw/train_images/train_images/3580a545016d.png,No DR,/content/processed/images_320/3580a545016d.jpg
821789e9053f,1,train_images/train_images,/content/raw/train_images/train_images/821789e9053f.png,Mild,/content/processed/images_320/821789e9053f.jpg
384e6c915722,0,train_images/train_images,/content/raw/train_images/train_images/384e6c915722.png,No DR,/content/processed/images_320/384e6c915722.jpg
b191ba0a2b12,3,train_images/train_images,/content/raw/train_images/train_images/b191ba0a2b12.png,Severe,/content/processed/images_320/b191ba0a2b12.jpg
a07d9a5045cb,0,train_images/train_images,/content/raw/train_images/train_images/a07d9a5045cb.png,No DR,/content/processed/images_320/a07d9a5045cb.jpg
7ae69d22075a,1,train_images/train_images,/content/raw/train_images/train_images/7ae69d22075a.png,Mild,/content/processed/images_320/7ae69d22075a.jpg
15cc2aef772a,1,val_images/val_images,/content/raw/val_images/val_images/15cc2aef772a.png,Mild,/content/processed/images_320/15cc2aef772a.jpg
44976c3b11a6,0,train_images/train_images,/content/raw/train_images/train_images/44976c3b11a6.png,No DR,/content/processed/images_320/44976c3b11a6.jpg
90960ddf4d14,0,train_images/train_images,/content/raw/train_images/train_images/90960ddf4d14.png,No DR,/content/processed/images_320/90960ddf4d14.jpg
a9dc80cba9a4,0,train_images/train_images,/content/raw/train_images/train_images/a9dc80cba9a4.png,No DR,/content/processed/images_320/a9dc80cba9a4.jpg
73e83a07a16d,2,train_images/train_images,/content/raw/train_images/train_images/73e83a07a16d.png,Moderate,/content/processed/images_320/73e83a07a16d.jpg
93a1b984de84,0,train_images/train_images,/content/raw/train_images/train_images/93a1b984de84.png,No DR,/content/processed/images_320/93a1b984de84.jpg
3b58b02c89ed,2,train_images/train_images,/content/raw/train_images/train_images/3b58b02c89ed.png,Moderate,/content/processed/images_320/3b58b02c89ed.jpg
ef476be214d4,0,test_images/test_images,/content/raw/test_images/test_images/ef476be214d4.png,No DR,/content/processed/images_320/ef476be214d4.jpg
5cbe88914a72,0,train_images/train_images,/content/raw/train_images/train_images/5cbe88914a72.png,No DR,/content/processed/images_320/5cbe88914a72.jpg
15e24b73d4a7,0,val_images/val_images,/content/raw/val_images/val_images/15e24b73d4a7.png,No DR,/content/processed/images_320/15e24b73d4a7.jpg
2b4c7b5f1f1e,0,train_images/train_images,/content/raw/train_images/train_images/2b4c7b5f1f1e.png,No DR,/content/processed/images_320/2b4c7b5f1f1e.jpg
a76b69e443ce,4,train_images/train_images,/content/raw/train_images/train_images/a76b69e443ce.png,Proliferative DR,/content/processed/images_320/a76b69e443ce.jpg
1b3647865779,0,train_images/train_images,/content/raw/train_images/train_images/1b3647865779.png,No DR,/content/processed/images_320/1b3647865779.jpg
482088e6be44,0,train_images/train_images,/content/raw/train_images/train_images/482088e6be44.png,No DR,/content/processed/images_320/482088e6be44.jpg
fea14b3d44b0,1,test_images/test_images,/content/raw/test_images/test_images/fea14b3d44b0.png,Mild,/content/processed/images_320/fea14b3d44b0.jpg
686ed1dbae20,2,train_images/train_images,/content/raw/train_images/train_images/686ed1dbae20.png,Moderate,/content/processed/images_320/686ed1dbae20.jpg
8e63fc4ab532,2,train_images/train_images,/content/raw/train_images/train_images/8e63fc4ab532.png,Moderate,/content/processed/images_320/8e63fc4ab532.jpg
6dfd80748e72,2,train_images/train_images,/content/raw/train_images/train_images/6dfd80748e72.png,Moderate,/content/processed/images_320/6dfd80748e72.jpg
d332d7b8a26e,0,train_images/train_images,/content/raw/train_images/train_images/d332d7b8a26e.png,No DR,/content/processed/images_320/d332d7b8a26e.jpg
13d411c85ffd,0,val_images/val_images,/content/raw/val_images/val_images/13d411c85ffd.png,No DR,/content/processed/images_320/13d411c85ffd.jpg
c87493ed320c,2,train_images/train_images,/content/raw/train_images/train_images/c87493ed320c.png,Moderate,/content/processed/images_320/c87493ed320c.jpg
52ddde91a349,0,train_images/train_images,/content/raw/train_images/train_images/52ddde91a349.png,No DR,/content/processed/images_320/52ddde91a349.jpg
da8900ac7f29,2,train_images/train_images,/content/raw/train_images/train_images/da8900ac7f29.png,Moderate,/content/processed/images_320/da8900ac7f29.jpg
e2c3b037413b,0,train_images/train_images,/content/raw/train_images/train_images/e2c3b037413b.png,No DR,/content/processed/images_320/e2c3b037413b.jpg
31cb39681f6a,1,train_images/train_images,/content/raw/train_images/train_images/31cb39681f6a.png,Mild,/content/processed/images_320/31cb39681f6a.jpg
7ce671f952be,0,train_images/train_images,/content/raw/train_images/train_images/7ce671f952be.png,No DR,/content/processed/images_320/7ce671f952be.jpg
d516f77d4516,0,train_images/train_images,/content/raw/train_images/train_images/d516f77d4516.png,No DR,/content/processed/images_320/d516f77d4516.jpg
13063d1bc4ea,2,val_images/val_images,/content/raw/val_images/val_images/13063d1bc4ea.png,Moderate,/content/processed/images_320/13063d1bc4ea.jpg
79be2ff796bf,2,train_images/train_images,/content/raw/train_images/train_images/79be2ff796bf.png,Moderate,/content/processed/images_320/79be2ff796bf.jpg
c4e8b1ec8893,2,train_images/train_images,/content/raw/train_images/train_images/c4e8b1ec8893.png,Moderate,/content/processed/images_320/c4e8b1ec8893.jpg
2a4520f1f9a3,0,train_images/train_images,/content/raw/train_images/train_images/2a4520f1f9a3.png,No DR,/content/processed/images_320/2a4520f1f9a3.jpg
4360a112db10,3,train_images/train_images,/content/raw/train_images/train_images/4360a112db10.png,Severe,/content/processed/images_320/4360a112db10.jpg
756b0d6488bb,1,train_images/train_images,/content/raw/train_images/train_images/756b0d6488bb.png,Mild,/content/processed/images_320/756b0d6488bb.jpg
a7ec056502e7,1,train_images/train_images,/content/raw/train_images/train_images/a7ec056502e7.png,Mild,/content/processed/images_320/a7ec056502e7.jpg
d5c63a8d9e94,0,train_images/train_images,/content/raw/train_images/train_images/d5c63a8d9e94.png,No DR,/content/processed/images_320/d5c63a8d9e94.jpg
e811f39a1243,2,test_images/test_images,/content/raw/test_images/test_images/e811f39a1243.png,Moderate,/content/processed/images_320/e811f39a1243.jpg
30263a7d5609,0,train_images/train_images,/content/raw/train_images/train_images/30263a7d5609.png,No DR,/content/processed/images_320/30263a7d5609.jpg
e77a93c3d9a9,0,test_images/test_images,/content/raw/test_images/test_images/e77a93c3d9a9.png,No DR,/content/processed/images_320/e77a93c3d9a9.jpg
f9ecf1795804,2,test_images/test_images,/content/raw/test_images/test_images/f9ecf1795804.png,Moderate,/content/processed/images_320/f9ecf1795804.jpg
207dd0487264,0,train_images/train_images,/content/raw/train_images/train_images/207dd0487264.png,No DR,/content/processed/images_320/207dd0487264.jpg
8dc22e65c06f,1,train_images/train_images,/content/raw/train_images/train_images/8dc22e65c06f.png,Mild,/content/processed/images_320/8dc22e65c06f.jpg
93d6d20a5ee3,0,train_images/train_images,/content/raw/train_images/train_images/93d6d20a5ee3.png,No DR,/content/processed/images_320/93d6d20a5ee3.jpg
fd87b6b2e664,0,test_images/test_images,/content/raw/test_images/test_images/fd87b6b2e664.png,No DR,/content/processed/images_320/fd87b6b2e664.jpg
c31651ea04c6,3,train_images/train_images,/content/raw/train_images/train_images/c31651ea04c6.png,Severe,/content/processed/images_320/c31651ea04c6.jpg
9e7a63b2fc6a,0,train_images/train_images,/content/raw/train_images/train_images/9e7a63b2fc6a.png,No DR,/content/processed/images_320/9e7a63b2fc6a.jpg
77e7c7a160c8,2,train_images/train_images,/content/raw/train_images/train_images/77e7c7a160c8.png,Moderate,/content/processed/images_320/77e7c7a160c8.jpg
86d58f850a0c,0,train_images/train_images,/content/raw/train_images/train_images/86d58f850a0c.png,No DR,/content/processed/images_320/86d58f850a0c.jpg
fc603cbedb41,2,test_images/test_images,/content/raw/test_images/test_images/fc603cbedb41.png,Moderate,/content/processed/images_320/fc603cbedb41.jpg
b10fca20c885,0,train_images/train_images,/content/raw/train_images/train_images/b10fca20c885.png,No DR,/content/processed/images_320/b10fca20c885.jpg
14515b8f19b6,2,val_images/val_images,/content/raw/val_images/val_images/14515b8f19b6.png,Moderate,/content/processed/images_320/14515b8f19b6.jpg
20f86e068276,0,train_images/train_images,/content/raw/train_images/train_images/20f86e068276.png,No DR,/content/processed/images_320/20f86e068276.jpg
4c570172778b,3,train_images/train_images,/content/raw/train_images/train_images/4c570172778b.png,Severe,/content/processed/images_320/4c570172778b.jpg
d15ca3469b87,2,train_images/train_images,/content/raw/train_images/train_images/d15ca3469b87.png,Moderate,/content/processed/images_320/d15ca3469b87.jpg
9fa02dfb5553,0,train_images/train_images,/content/raw/train_images/train_images/9fa02dfb5553.png,No DR,/content/processed/images_320/9fa02dfb5553.jpg
ab3c505b624f,0,train_images/train_images,/content/raw/train_images/train_images/ab3c505b624f.png,No DR,/content/processed/images_320/ab3c505b624f.jpg
89ee1fa16f90,2,train_images/train_images,/content/raw/train_images/train_images/89ee1fa16f90.png,Moderate,/content/processed/images_320/89ee1fa16f90.jpg
3486f7096276,0,train_images/train_images,/content/raw/train_images/train_images/3486f7096276.png,No DR,/content/processed/images_320/3486f7096276.jpg
4ad8d3ec8789,0,train_images/train_images,/content/raw/train_images/train_images/4ad8d3ec8789.png,No DR,/content/processed/images_320/4ad8d3ec8789.jpg
7c90ab025331,4,train_images/train_images,/content/raw/train_images/train_images/7c90ab025331.png,Proliferative DR,/content/processed/images_320/7c90ab025331.jpg
a8eb35b3bcd2,2,train_images/train_images,/content/raw/train_images/train_images/a8eb35b3bcd2.png,Moderate,/content/processed/images_320/a8eb35b3bcd2.jpg
a56230242a95,2,train_images/train_images,/content/raw/train_images/train_images/a56230242a95.png,Moderate,/content/processed/images_320/a56230242a95.jpg
3ca637fddd56,4,train_images/train_images,/content/raw/train_images/train_images/3ca637fddd56.png,Proliferative DR,/content/processed/images_320/3ca637fddd56.jpg
4aa3d771c5e4,0,train_images/train_images,/content/raw/train_images/train_images/4aa3d771c5e4.png,No DR,/content/processed/images_320/4aa3d771c5e4.jpg
67844c46bc61,2,train_images/train_images,/content/raw/train_images/train_images/67844c46bc61.png,Moderate,/content/processed/images_320/67844c46bc61.jpg
d18b1d8ac4de,2,train_images/train_images,/content/raw/train_images/train_images/d18b1d8ac4de.png,Moderate,/content/processed/images_320/d18b1d8ac4de.jpg
7b49041cbf17,3,train_images/train_images,/content/raw/train_images/train_images/7b49041cbf17.png,Severe,/content/processed/images_320/7b49041cbf17.jpg
20404ec7b518,2,train_images/train_images,/content/raw/train_images/train_images/20404ec7b518.png,Moderate,/content/processed/images_320/20404ec7b518.jpg
80ed04a84a16,0,train_images/train_images,/content/raw/train_images/train_images/80ed04a84a16.png,No DR,/content/processed/images_320/80ed04a84a16.jpg
d74ccc796517,0,train_images/train_images,/content/raw/train_images/train_images/d74ccc796517.png,No DR,/content/processed/images_320/d74ccc796517.jpg
4b6895d0cf8d,0,train_images/train_images,/content/raw/train_images/train_images/4b6895d0cf8d.png,No DR,/content/processed/images_320/4b6895d0cf8d.jpg
e5d56f4f359b,2,test_images/test_images,/content/raw/test_images/test_images/e5d56f4f359b.png,Moderate,/content/processed/images_320/e5d56f4f359b.jpg
ee3f5cf52188,0,test_images/test_images,/content/raw/test_images/test_images/ee3f5cf52188.png,No DR,/content/processed/images_320/ee3f5cf52188.jpg
2eba4279e503,0,train_images/train_images,/content/raw/train_images/train_images/2eba4279e503.png,No DR,/content/processed/images_320/2eba4279e503.jpg
80dbeb0fdc75,0,train_images/train_images,/content/raw/train_images/train_images/80dbeb0fdc75.png,No DR,/content/processed/images_320/80dbeb0fdc75.jpg
ecb4500285ed,0,test_images/test_images,/content/raw/test_images/test_images/ecb4500285ed.png,No DR,/content/processed/images_320/ecb4500285ed.jpg
b7bd4a6627b6,0,train_images/train_images,/content/raw/train_images/train_images/b7bd4a6627b6.png,No DR,/content/processed/images_320/b7bd4a6627b6.jpg
ea5c42a78979,0,test_images/test_images,/content/raw/test_images/test_images/ea5c42a78979.png,No DR,/content/processed/images_320/ea5c42a78979.jpg
966c07831334,0,train_images/train_images,/content/raw/train_images/train_images/966c07831334.png,No DR,/content/processed/images_320/966c07831334.jpg
5f13e8a07344,3,train_images/train_images,/content/raw/train_images/train_images/5f13e8a07344.png,Severe,/content/processed/images_320/5f13e8a07344.jpg
d871895742b1,0,train_images/train_images,/content/raw/train_images/train_images/d871895742b1.png,No DR,/content/processed/images_320/d871895742b1.jpg
a19ecd0a706e,1,train_images/train_images,/content/raw/train_images/train_images/a19ecd0a706e.png,Mild,/content/processed/images_320/a19ecd0a706e.jpg
1c4d87baaffc,2,train_images/train_images,/content/raw/train_images/train_images/1c4d87baaffc.png,Moderate,/content/processed/images_320/1c4d87baaffc.jpg
f0546a45ef10,0,test_images/test_images,/content/raw/test_images/test_images/f0546a45ef10.png,No DR,/content/processed/images_320/f0546a45ef10.jpg
ff631653374e,0,test_images/test_images,/content/raw/test_images/test_images/ff631653374e.png,No DR,/content/processed/images_320/ff631653374e.jpg
2628305cbb29,4,train_images/train_images,/content/raw/train_images/train_images/2628305cbb29.png,Proliferative DR,/content/processed/images_320/2628305cbb29.jpg
57a5e4274275,0,train_images/train_images,/content/raw/train_images/train_images/57a5e4274275.png,No DR,/content/processed/images_320/57a5e4274275.jpg
cf1b9d26d38d,4,train_images/train_images,/content/raw/train_images/train_images/cf1b9d26d38d.png,Proliferative DR,/content/processed/images_320/cf1b9d26d38d.jpg
aeab0a63bcaf,0,train_images/train_images,/content/raw/train_images/train_images/aeab0a63bcaf.png,No DR,/content/processed/images_320/aeab0a63bcaf.jpg
a1faeb4d5f10,0,train_images/train_images,/content/raw/train_images/train_images/a1faeb4d5f10.png,No DR,/content/processed/images_320/a1faeb4d5f10.jpg
bc23f74e14dd,2,train_images/train_images,/content/raw/train_images/train_images/bc23f74e14dd.png,Moderate,/content/processed/images_320/bc23f74e14dd.jpg
e47452069ea1,0,train_images/train_images,/content/raw/train_images/train_images/e47452069ea1.png,No DR,/content/processed/images_320/e47452069ea1.jpg
dad71ba27a9b,4,train_images/train_images,/content/raw/train_images/train_images/dad71ba27a9b.png,Proliferative DR,/content/processed/images_320/dad71ba27a9b.jpg
ab32db41c409,0,train_images/train_images,/content/raw/train_images/train_images/ab32db41c409.png,No DR,/content/processed/images_320/ab32db41c409.jpg
da0a1043abf7,2,train_images/train_images,/content/raw/train_images/train_images/da0a1043abf7.png,Moderate,/content/processed/images_320/da0a1043abf7.jpg
4a44cc840ebe,2,train_images/train_images,/content/raw/train_images/train_images/4a44cc840ebe.png,Moderate,/content/processed/images_320/4a44cc840ebe.jpg
e7578d8dba72,0,test_images/test_images,/content/raw/test_images/test_images/e7578d8dba72.png,No DR,/content/processed/images_320/e7578d8dba72.jpg
d4583e9525dc,0,train_images/train_images,/content/raw/train_images/train_images/d4583e9525dc.png,No DR,/content/processed/images_320/d4583e9525dc.jpg
1541226c5d72,2,val_images/val_images,/content/raw/val_images/val_images/1541226c5d72.png,Moderate,/content/processed/images_320/1541226c5d72.jpg
283c3aeba594,0,train_images/train_images,/content/raw/train_images/train_images/283c3aeba594.png,No DR,/content/processed/images_320/283c3aeba594.jpg
3b185ac445d0,4,train_images/train_images,/content/raw/train_images/train_images/3b185ac445d0.png,Proliferative DR,/content/processed/images_320/3b185ac445d0.jpg
3fd45879afe6,0,train_images/train_images,/content/raw/train_images/train_images/3fd45879afe6.png,No DR,/content/processed/images_320/3fd45879afe6.jpg
a1b28bcbce00,0,train_images/train_images,/content/raw/train_images/train_images/a1b28bcbce00.png,No DR,/content/processed/images_320/a1b28bcbce00.jpg
91cbe1c775ef,2,train_images/train_images,/content/raw/train_images/train_images/91cbe1c775ef.png,Moderate,/content/processed/images_320/91cbe1c775ef.jpg
d28bd830c171,2,train_images/train_images,/content/raw/train_images/train_images/d28bd830c171.png,Moderate,/content/processed/images_320/d28bd830c171.jpg
6d5a8362dd1e,0,train_images/train_images,/content/raw/train_images/train_images/6d5a8362dd1e.png,No DR,/content/processed/images_320/6d5a8362dd1e.jpg
cffc50047828,0,train_images/train_images,/content/raw/train_images/train_images/cffc50047828.png,No DR,/content/processed/images_320/cffc50047828.jpg
7d48f8cdfb69,0,train_images/train_images,/content/raw/train_images/train_images/7d48f8cdfb69.png,No DR,/content/processed/images_320/7d48f8cdfb69.jpg
415f2d2bd2a1,0,train_images/train_images,/content/raw/train_images/train_images/415f2d2bd2a1.png,No DR,/content/processed/images_320/415f2d2bd2a1.jpg
f1dc26c4bfa3,4,test_images/test_images,/content/raw/test_images/test_images/f1dc26c4bfa3.png,Proliferative DR,/content/processed/images_320/f1dc26c4bfa3.jpg
5077cdb88aed,0,train_images/train_images,/content/raw/train_images/train_images/5077cdb88aed.png,No DR,/content/processed/images_320/5077cdb88aed.jpg
2b88cb6e31cd,2,train_images/train_images,/content/raw/train_images/train_images/2b88cb6e31cd.png,Moderate,/content/processed/images_320/2b88cb6e31cd.jpg
61bbc11fe503,4,train_images/train_images,/content/raw/train_images/train_images/61bbc11fe503.png,Proliferative DR,/content/processed/images_320/61bbc11fe503.jpg
14ee87d6cc42,2,val_images/val_images,/content/raw/val_images/val_images/14ee87d6cc42.png,Moderate,/content/processed/images_320/14ee87d6cc42.jpg
ae49cc60f251,0,train_images/train_images,/content/raw/train_images/train_images/ae49cc60f251.png,No DR,/content/processed/images_320/ae49cc60f251.jpg
7ed4128b2a4e,0,train_images/train_images,/content/raw/train_images/train_images/7ed4128b2a4e.png,No DR,/content/processed/images_320/7ed4128b2a4e.jpg
956765d5f46d,0,train_images/train_images,/content/raw/train_images/train_images/956765d5f46d.png,No DR,/content/processed/images_320/956765d5f46d.jpg
2a7373eeb352,0,train_images/train_images,/content/raw/train_images/train_images/2a7373eeb352.png,No DR,/content/processed/images_320/2a7373eeb352.jpg
5bda2ed09e62,4,train_images/train_images,/content/raw/train_images/train_images/5bda2ed09e62.png,Proliferative DR,/content/processed/images_320/5bda2ed09e62.jpg
b87f9c59748b,4,train_images/train_images,/content/raw/train_images/train_images/b87f9c59748b.png,Proliferative DR,/content/processed/images_320/b87f9c59748b.jpg
b0d35981708b,2,train_images/train_images,/content/raw/train_images/train_images/b0d35981708b.png,Moderate,/content/processed/images_320/b0d35981708b.jpg
1bf30c84bbad,4,train_images/train_images,/content/raw/train_images/train_images/1bf30c84bbad.png,Proliferative DR,/content/processed/images_320/1bf30c84bbad.jpg
bfb578c0e8d8,0,train_images/train_images,/content/raw/train_images/train_images/bfb578c0e8d8.png,No DR,/content/processed/images_320/bfb578c0e8d8.jpg
6c6505a0c637,0,train_images/train_images,/content/raw/train_images/train_images/6c6505a0c637.png,No DR,/content/processed/images_320/6c6505a0c637.jpg
3128eb593012,2,train_images/train_images,/content/raw/train_images/train_images/3128eb593012.png,Moderate,/content/processed/images_320/3128eb593012.jpg
8e76054f0831,0,train_images/train_images,/content/raw/train_images/train_images/8e76054f0831.png,No DR,/content/processed/images_320/8e76054f0831.jpg
bba38f2294a3,4,train_images/train_images,/content/raw/train_images/train_images/bba38f2294a3.png,Proliferative DR,/content/processed/images_320/bba38f2294a3.jpg
e1418d28d668,2,train_images/train_images,/content/raw/train_images/train_images/e1418d28d668.png,Moderate,/content/processed/images_320/e1418d28d668.jpg
6cffc6c6851a,0,train_images/train_images,/content/raw/train_images/train_images/6cffc6c6851a.png,No DR,/content/processed/images_320/6cffc6c6851a.jpg
a11bf2edd470,4,train_images/train_images,/content/raw/train_images/train_images/a11bf2edd470.png,Proliferative DR,/content/processed/images_320/a11bf2edd470.jpg
54bdcdecd8f3,0,train_images/train_images,/content/raw/train_images/train_images/54bdcdecd8f3.png,No DR,/content/processed/images_320/54bdcdecd8f3.jpg
b70e7c26f51e,0,train_images/train_images,/content/raw/train_images/train_images/b70e7c26f51e.png,No DR,/content/processed/images_320/b70e7c26f51e.jpg
8b76c3c5cb3e,3,train_images/train_images,/content/raw/train_images/train_images/8b76c3c5cb3e.png,Severe,/content/processed/images_320/8b76c3c5cb3e.jpg
165cd2070ebd,4,val_images/val_images,/content/raw/val_images/val_images/165cd2070ebd.png,Proliferative DR,/content/processed/images_320/165cd2070ebd.jpg
6c3589d7ed8d,0,train_images/train_images,/content/raw/train_images/train_images/6c3589d7ed8d.png,No DR,/content/processed/images_320/6c3589d7ed8d.jpg
c0968d41eb93,1,train_images/train_images,/content/raw/train_images/train_images/c0968d41eb93.png,Mild,/content/processed/images_320/c0968d41eb93.jpg
2821998fc002,0,train_images/train_images,/content/raw/train_images/train_images/2821998fc002.png,No DR,/content/processed/images_320/2821998fc002.jpg
bfd5c0e55420,2,train_images/train_images,/content/raw/train_images/train_images/bfd5c0e55420.png,Moderate,/content/processed/images_320/bfd5c0e55420.jpg
709784f7fcc2,2,train_images/train_images,/content/raw/train_images/train_images/709784f7fcc2.png,Moderate,/content/processed/images_320/709784f7fcc2.jpg
33b978734eab,0,train_images/train_images,/content/raw/train_images/train_images/33b978734eab.png,No DR,/content/processed/images_320/33b978734eab.jpg
de57c9e9fa93,0,train_images/train_images,/content/raw/train_images/train_images/de57c9e9fa93.png,No DR,/content/processed/images_320/de57c9e9fa93.jpg
674057ab250c,2,train_images/train_images,/content/raw/train_images/train_images/674057ab250c.png,Moderate,/content/processed/images_320/674057ab250c.jpg
78b3f819dcc5,4,train_images/train_images,/content/raw/train_images/train_images/78b3f819dcc5.png,Proliferative DR,/content/processed/images_320/78b3f819dcc5.jpg
64bad93fde3f,4,train_images/train_images,/content/raw/train_images/train_images/64bad93fde3f.png,Proliferative DR,/content/processed/images_320/64bad93fde3f.jpg
1dd9adcbfff4,2,train_images/train_images,/content/raw/train_images/train_images/1dd9adcbfff4.png,Moderate,/content/processed/images_320/1dd9adcbfff4.jpg
4d47300e3ddb,3,train_images/train_images,/content/raw/train_images/train_images/4d47300e3ddb.png,Severe,/content/processed/images_320/4d47300e3ddb.jpg
9eaac43744f5,2,train_images/train_images,/content/raw/train_images/train_images/9eaac43744f5.png,Moderate,/content/processed/images_320/9eaac43744f5.jpg
d6f36ec5564a,0,train_images/train_images,/content/raw/train_images/train_images/d6f36ec5564a.png,No DR,/content/processed/images_320/d6f36ec5564a.jpg
165634a6167e,0,val_images/val_images,/content/raw/val_images/val_images/165634a6167e.png,No DR,/content/processed/images_320/165634a6167e.jpg
f6f433f3306f,3,test_images/test_images,/content/raw/test_images/test_images/f6f433f3306f.png,Severe,/content/processed/images_320/f6f433f3306f.jpg
1177d583c807,2,val_images/val_images,/content/raw/val_images/val_images/1177d583c807.png,Moderate,/content/processed/images_320/1177d583c807.jpg
3fc219927a97,2,train_images/train_images,/content/raw/train_images/train_images/3fc219927a97.png,Moderate,/content/processed/images_320/3fc219927a97.jpg
71c1a3cdbe47,1,train_images/train_images,/content/raw/train_images/train_images/71c1a3cdbe47.png,Mild,/content/processed/images_320/71c1a3cdbe47.jpg
ff4cd992667b,0,test_images/test_images,/content/raw/test_images/test_images/ff4cd992667b.png,No DR,/content/processed/images_320/ff4cd992667b.jpg
e04f3c6619a3,0,train_images/train_images,/content/raw/train_images/train_images/e04f3c6619a3.png,No DR,/content/processed/images_320/e04f3c6619a3.jpg
44f4ae58990e,2,train_images/train_images,/content/raw/train_images/train_images/44f4ae58990e.png,Moderate,/content/processed/images_320/44f4ae58990e.jpg
7525ebb3434d,3,train_images/train_images,/content/raw/train_images/train_images/7525ebb3434d.png,Severe,/content/processed/images_320/7525ebb3434d.jpg
d51b3fe0fa1b,4,train_images/train_images,/content/raw/train_images/train_images/d51b3fe0fa1b.png,Proliferative DR,/content/processed/images_320/d51b3fe0fa1b.jpg
c40976189f22,1,train_images/train_images,/content/raw/train_images/train_images/c40976189f22.png,Mild,/content/processed/images_320/c40976189f22.jpg
ad12cde115ab,0,train_images/train_images,/content/raw/train_images/train_images/ad12cde115ab.png,No DR,/content/processed/images_320/ad12cde115ab.jpg
599498e9e4bc,0,train_images/train_images,/content/raw/train_images/train_images/599498e9e4bc.png,No DR,/content/processed/images_320/599498e9e4bc.jpg
83038ca49b6d,0,train_images/train_images,/content/raw/train_images/train_images/83038ca49b6d.png,No DR,/content/processed/images_320/83038ca49b6d.jpg
ed3ce1674761,0,test_images/test_images,/content/raw/test_images/test_images/ed3ce1674761.png,No DR,/content/processed/images_320/ed3ce1674761.jpg
6a244e855d0e,3,train_images/train_images,/content/raw/train_images/train_images/6a244e855d0e.png,Severe,/content/processed/images_320/6a244e855d0e.jpg
b2748ac28fc1,2,train_images/train_images,/content/raw/train_images/train_images/b2748ac28fc1.png,Moderate,/content/processed/images_320/b2748ac28fc1.jpg
6c00dd8bf708,0,train_images/train_images,/content/raw/train_images/train_images/6c00dd8bf708.png,No DR,/content/processed/images_320/6c00dd8bf708.jpg
cd66754e1b3b,0,train_images/train_images,/content/raw/train_images/train_images/cd66754e1b3b.png,No DR,/content/processed/images_320/cd66754e1b3b.jpg
b60dbf9f0744,2,train_images/train_images,/content/raw/train_images/train_images/b60dbf9f0744.png,Moderate,/content/processed/images_320/b60dbf9f0744.jpg
a11c62cb3f86,0,train_images/train_images,/content/raw/train_images/train_images/a11c62cb3f86.png,No DR,/content/processed/images_320/a11c62cb3f86.jpg
83df53d58f28,0,train_images/train_images,/content/raw/train_images/train_images/83df53d58f28.png,No DR,/content/processed/images_320/83df53d58f28.jpg
453d553b0a94,2,train_images/train_images,/content/raw/train_images/train_images/453d553b0a94.png,Moderate,/content/processed/images_320/453d553b0a94.jpg
4abca30b676b,4,train_images/train_images,/content/raw/train_images/train_images/4abca30b676b.png,Proliferative DR,/content/processed/images_320/4abca30b676b.jpg
a7b7dc8788b9,2,train_images/train_images,/content/raw/train_images/train_images/a7b7dc8788b9.png,Moderate,/content/processed/images_320/a7b7dc8788b9.jpg
2f9b66784109,2,train_images/train_images,/content/raw/train_images/train_images/2f9b66784109.png,Moderate,/content/processed/images_320/2f9b66784109.jpg
1608c82a263f,0,val_images/val_images,/content/raw/val_images/val_images/1608c82a263f.png,No DR,/content/processed/images_320/1608c82a263f.jpg
26d9576e8043,0,train_images/train_images,/content/raw/train_images/train_images/26d9576e8043.png,No DR,/content/processed/images_320/26d9576e8043.jpg
22325552a4e3,1,train_images/train_images,/content/raw/train_images/train_images/22325552a4e3.png,Mild,/content/processed/images_320/22325552a4e3.jpg
2cacdb0dffae,0,train_images/train_images,/content/raw/train_images/train_images/2cacdb0dffae.png,No DR,/content/processed/images_320/2cacdb0dffae.jpg
6f689fced922,0,train_images/train_images,/content/raw/train_images/train_images/6f689fced922.png,No DR,/content/processed/images_320/6f689fced922.jpg
bb11db08584a,1,train_images/train_images,/content/raw/train_images/train_images/bb11db08584a.png,Mild,/content/processed/images_320/bb11db08584a.jpg
cbc2e57447c2,2,train_images/train_images,/content/raw/train_images/train_images/cbc2e57447c2.png,Moderate,/content/processed/images_320/cbc2e57447c2.jpg
6d454444f17c,2,train_images/train_images,/content/raw/train_images/train_images/6d454444f17c.png,Moderate,/content/processed/images_320/6d454444f17c.jpg
3c72f580d4ba,1,train_images/train_images,/content/raw/train_images/train_images/3c72f580d4ba.png,Mild,/content/processed/images_320/3c72f580d4ba.jpg
ef26625121b3,4,test_images/test_images,/content/raw/test_images/test_images/ef26625121b3.png,Proliferative DR,/content/processed/images_320/ef26625121b3.jpg
67c03349bb31,2,train_images/train_images,/content/raw/train_images/train_images/67c03349bb31.png,Moderate,/content/processed/images_320/67c03349bb31.jpg
d838d5b9f571,0,train_images/train_images,/content/raw/train_images/train_images/d838d5b9f571.png,No DR,/content/processed/images_320/d838d5b9f571.jpg
6b00cb764237,1,train_images/train_images,/content/raw/train_images/train_images/6b00cb764237.png,Mild,/content/processed/images_320/6b00cb764237.jpg
94dcb491143f,2,train_images/train_images,/content/raw/train_images/train_images/94dcb491143f.png,Moderate,/content/processed/images_320/94dcb491143f.jpg
24f3e70f0419,0,train_images/train_images,/content/raw/train_images/train_images/24f3e70f0419.png,No DR,/content/processed/images_320/24f3e70f0419.jpg
b95d4dd8e5e2,2,train_images/train_images,/content/raw/train_images/train_images/b95d4dd8e5e2.png,Moderate,/content/processed/images_320/b95d4dd8e5e2.jpg
357f02a779d7,0,train_images/train_images,/content/raw/train_images/train_images/357f02a779d7.png,No DR,/content/processed/images_320/357f02a779d7.jpg
9e99ae6ee7af,0,train_images/train_images,/content/raw/train_images/train_images/9e99ae6ee7af.png,No DR,/content/processed/images_320/9e99ae6ee7af.jpg
0bf37ca3156a,4,val_images/val_images,/content/raw/val_images/val_images/0bf37ca3156a.png,Proliferative DR,/content/processed/images_320/0bf37ca3156a.jpg
a0445785e2f7,0,train_images/train_images,/content/raw/train_images/train_images/a0445785e2f7.png,No DR,/content/processed/images_320/a0445785e2f7.jpg
98441214557f,0,train_images/train_images,/content/raw/train_images/train_images/98441214557f.png,No DR,/content/processed/images_320/98441214557f.jpg
df4aec4a0eaf,4,train_images/train_images,/content/raw/train_images/train_images/df4aec4a0eaf.png,Proliferative DR,/content/processed/images_320/df4aec4a0eaf.jpg
65e120143825,4,train_images/train_images,/content/raw/train_images/train_images/65e120143825.png,Proliferative DR,/content/processed/images_320/65e120143825.jpg
36ec36c301c1,2,train_images/train_images,/content/raw/train_images/train_images/36ec36c301c1.png,Moderate,/content/processed/images_320/36ec36c301c1.jpg
3b0190bbe615,0,train_images/train_images,/content/raw/train_images/train_images/3b0190bbe615.png,No DR,/content/processed/images_320/3b0190bbe615.jpg
4cf4d528c08e,0,train_images/train_images,/content/raw/train_images/train_images/4cf4d528c08e.png,No DR,/content/processed/images_320/4cf4d528c08e.jpg
c027e5482e8c,1,train_images/train_images,/content/raw/train_images/train_images/c027e5482e8c.png,Mild,/content/processed/images_320/c027e5482e8c.jpg
5a444c32cd9a,0,train_images/train_images,/content/raw/train_images/train_images/5a444c32cd9a.png,No DR,/content/processed/images_320/5a444c32cd9a.jpg
a04fb36db784,2,train_images/train_images,/content/raw/train_images/train_images/a04fb36db784.png,Moderate,/content/processed/images_320/a04fb36db784.jpg
4242c0d87f57,2,train_images/train_images,/content/raw/train_images/train_images/4242c0d87f57.png,Moderate,/content/processed/images_320/4242c0d87f57.jpg
a94da3d3b5c0,0,train_images/train_images,/content/raw/train_images/train_images/a94da3d3b5c0.png,No DR,/content/processed/images_320/a94da3d3b5c0.jpg
f3b27ac2d371,0,test_images/test_images,/content/raw/test_images/test_images/f3b27ac2d371.png,No DR,/content/processed/images_320/f3b27ac2d371.jpg
15e96e848b46,4,val_images/val_images,/content/raw/val_images/val_images/15e96e848b46.png,Proliferative DR,/content/processed/images_320/15e96e848b46.jpg
d2cd47ed2c1d,0,train_images/train_images,/content/raw/train_images/train_images/d2cd47ed2c1d.png,No DR,/content/processed/images_320/d2cd47ed2c1d.jpg
33d72035c27a,0,train_images/train_images,/content/raw/train_images/train_images/33d72035c27a.png,No DR,/content/processed/images_320/33d72035c27a.jpg
922586d86cd8,0,train_images/train_images,/content/raw/train_images/train_images/922586d86cd8.png,No DR,/content/processed/images_320/922586d86cd8.jpg
fe3f62695b2d,0,test_images/test_images,/content/raw/test_images/test_images/fe3f62695b2d.png,No DR,/content/processed/images_320/fe3f62695b2d.jpg
974c7d7b9c64,0,train_images/train_images,/content/raw/train_images/train_images/974c7d7b9c64.png,No DR,/content/processed/images_320/974c7d7b9c64.jpg
c755a0c4edcc,0,train_images/train_images,/content/raw/train_images/train_images/c755a0c4edcc.png,No DR,/content/processed/images_320/c755a0c4edcc.jpg
e594c19e2e1d,0,test_images/test_images,/content/raw/test_images/test_images/e594c19e2e1d.png,No DR,/content/processed/images_320/e594c19e2e1d.jpg
79059d0592c4,2,train_images/train_images,/content/raw/train_images/train_images/79059d0592c4.png,Moderate,/content/processed/images_320/79059d0592c4.jpg
b22cc1bf0b8a,0,train_images/train_images,/content/raw/train_images/train_images/b22cc1bf0b8a.png,No DR,/content/processed/images_320/b22cc1bf0b8a.jpg
370f575adb23,0,train_images/train_images,/content/raw/train_images/train_images/370f575adb23.png,No DR,/content/processed/images_320/370f575adb23.jpg
d51e5d7484ea,0,train_images/train_images,/content/raw/train_images/train_images/d51e5d7484ea.png,No DR,/content/processed/images_320/d51e5d7484ea.jpg
20d5fdd450ae,4,train_images/train_images,/content/raw/train_images/train_images/20d5fdd450ae.png,Proliferative DR,/content/processed/images_320/20d5fdd450ae.jpg
f451eee2b66b,0,test_images/test_images,/content/raw/test_images/test_images/f451eee2b66b.png,No DR,/content/processed/images_320/f451eee2b66b.jpg
be521870a0ea,0,train_images/train_images,/content/raw/train_images/train_images/be521870a0ea.png,No DR,/content/processed/images_320/be521870a0ea.jpg
c58e5c0c5b33,0,train_images/train_images,/content/raw/train_images/train_images/c58e5c0c5b33.png,No DR,/content/processed/images_320/c58e5c0c5b33.jpg
82d364726a58,0,train_images/train_images,/content/raw/train_images/train_images/82d364726a58.png,No DR,/content/processed/images_320/82d364726a58.jpg
7f6ce40f306b,2,train_images/train_images,/content/raw/train_images/train_images/7f6ce40f306b.png,Moderate,/content/processed/images_320/7f6ce40f306b.jpg
ee36ca728641,0,test_images/test_images,/content/raw/test_images/test_images/ee36ca728641.png,No DR,/content/processed/images_320/ee36ca728641.jpg
949710bead24,0,train_images/train_images,/content/raw/train_images/train_images/949710bead24.png,No DR,/content/processed/images_320/949710bead24.jpg
f298b7d05958,0,test_images/test_images,/content/raw/test_images/test_images/f298b7d05958.png,No DR,/content/processed/images_320/f298b7d05958.jpg
9ed666e982cd,1,train_images/train_images,/content/raw/train_images/train_images/9ed666e982cd.png,Mild,/content/processed/images_320/9ed666e982cd.jpg
cf0575534cec,1,train_images/train_images,/content/raw/train_images/train_images/cf0575534cec.png,Mild,/content/processed/images_320/cf0575534cec.jpg
6ba5ed791444,2,train_images/train_images,/content/raw/train_images/train_images/6ba5ed791444.png,Moderate,/content/processed/images_320/6ba5ed791444.jpg
d803598dabda,4,train_images/train_images,/content/raw/train_images/train_images/d803598dabda.png,Proliferative DR,/content/processed/images_320/d803598dabda.jpg
26463a5fb949,4,train_images/train_images,/content/raw/train_images/train_images/26463a5fb949.png,Proliferative DR,/content/processed/images_320/26463a5fb949.jpg
665ce639a331,1,train_images/train_images,/content/raw/train_images/train_images/665ce639a331.png,Mild,/content/processed/images_320/665ce639a331.jpg
65a7fe9482fe,0,train_images/train_images,/content/raw/train_images/train_images/65a7fe9482fe.png,No DR,/content/processed/images_320/65a7fe9482fe.jpg
653534ded339,2,train_images/train_images,/content/raw/train_images/train_images/653534ded339.png,Moderate,/content/processed/images_320/653534ded339.jpg
4462fba1d2a1,4,train_images/train_images,/content/raw/train_images/train_images/4462fba1d2a1.png,Proliferative DR,/content/processed/images_320/4462fba1d2a1.jpg
25d069089c5e,4,train_images/train_images,/content/raw/train_images/train_images/25d069089c5e.png,Proliferative DR,/content/processed/images_320/25d069089c5e.jpg
fe0e2dee1834,0,test_images/test_images,/content/raw/test_images/test_images/fe0e2dee1834.png,No DR,/content/processed/images_320/fe0e2dee1834.jpg
36865bbc64d6,3,train_images/train_images,/content/raw/train_images/train_images/36865bbc64d6.png,Severe,/content/processed/images_320/36865bbc64d6.jpg
36a1e3c780a0,2,train_images/train_images,/content/raw/train_images/train_images/36a1e3c780a0.png,Moderate,/content/processed/images_320/36a1e3c780a0.jpg
7adfb8fc0621,0,train_images/train_images,/content/raw/train_images/train_images/7adfb8fc0621.png,No DR,/content/processed/images_320/7adfb8fc0621.jpg
e9ce5bf645ab,0,test_images/test_images,/content/raw/test_images/test_images/e9ce5bf645ab.png,No DR,/content/processed/images_320/e9ce5bf645ab.jpg
5b0e53f53ef3,1,train_images/train_images,/content/raw/train_images/train_images/5b0e53f53ef3.png,Mild,/content/processed/images_320/5b0e53f53ef3.jpg
33ffddea8c6e,1,train_images/train_images,/content/raw/train_images/train_images/33ffddea8c6e.png,Mild,/content/processed/images_320/33ffddea8c6e.jpg
093a42649c29,3,val_images/val_images,/content/raw/val_images/val_images/093a42649c29.png,Severe,/content/processed/images_320/093a42649c29.jpg
25dc1b41ed9c,2,train_images/train_images,/content/raw/train_images/train_images/25dc1b41ed9c.png,Moderate,/content/processed/images_320/25dc1b41ed9c.jpg
4ecd1fdd1435,1,train_images/train_images,/content/raw/train_images/train_images/4ecd1fdd1435.png,Mild,/content/processed/images_320/4ecd1fdd1435.jpg
9e5737f771c3,0,train_images/train_images,/content/raw/train_images/train_images/9e5737f771c3.png,No DR,/content/processed/images_320/9e5737f771c3.jpg
ce754234d760,0,train_images/train_images,/content/raw/train_images/train_images/ce754234d760.png,No DR,/content/processed/images_320/ce754234d760.jpg
fda39982a810,3,test_images/test_images,/content/raw/test_images/test_images/fda39982a810.png,Severe,/content/processed/images_320/fda39982a810.jpg
f252046c0fe6,0,test_images/test_images,/content/raw/test_images/test_images/f252046c0fe6.png,No DR,/content/processed/images_320/f252046c0fe6.jpg
6d6be4cfc73f,0,train_images/train_images,/content/raw/train_images/train_images/6d6be4cfc73f.png,No DR,/content/processed/images_320/6d6be4cfc73f.jpg
42985aa2e32f,0,train_images/train_images,/content/raw/train_images/train_images/42985aa2e32f.png,No DR,/content/processed/images_320/42985aa2e32f.jpg
4c6c5a1bf5ab,0,train_images/train_images,/content/raw/train_images/train_images/4c6c5a1bf5ab.png,No DR,/content/processed/images_320/4c6c5a1bf5ab.jpg
63c0eafd6aa9,0,train_images/train_images,/content/raw/train_images/train_images/63c0eafd6aa9.png,No DR,/content/processed/images_320/63c0eafd6aa9.jpg
7a0cff4c24b2,2,train_images/train_images,/content/raw/train_images/train_images/7a0cff4c24b2.png,Moderate,/content/processed/images_320/7a0cff4c24b2.jpg
349f3c0ac83e,2,train_images/train_images,/content/raw/train_images/train_images/349f3c0ac83e.png,Moderate,/content/processed/images_320/349f3c0ac83e.jpg
c80f79579fed,2,train_images/train_images,/content/raw/train_images/train_images/c80f79579fed.png,Moderate,/content/processed/images_320/c80f79579fed.jpg
eb6b1f1c09db,0,test_images/test_images,/content/raw/test_images/test_images/eb6b1f1c09db.png,No DR,/content/processed/images_320/eb6b1f1c09db.jpg
174db0854291,0,val_images/val_images,/content/raw/val_images/val_images/174db0854291.png,No DR,/content/processed/images_320/174db0854291.jpg
76df141d966b,0,train_images/train_images,/content/raw/train_images/train_images/76df141d966b.png,No DR,/content/processed/images_320/76df141d966b.jpg
ca2b54b95ade,0,train_images/train_images,/content/raw/train_images/train_images/ca2b54b95ade.png,No DR,/content/processed/images_320/ca2b54b95ade.jpg
64c6c6ee0d98,0,train_images/train_images,/content/raw/train_images/train_images/64c6c6ee0d98.png,No DR,/content/processed/images_320/64c6c6ee0d98.jpg
f9e1c439d4c8,0,test_images/test_images,/content/raw/test_images/test_images/f9e1c439d4c8.png,No DR,/content/processed/images_320/f9e1c439d4c8.jpg
48fda42bd5d4,2,train_images/train_images,/content/raw/train_images/train_images/48fda42bd5d4.png,Moderate,/content/processed/images_320/48fda42bd5d4.jpg
33b893e18eb3,1,train_images/train_images,/content/raw/train_images/train_images/33b893e18eb3.png,Mild,/content/processed/images_320/33b893e18eb3.jpg
66a0bf258013,4,train_images/train_images,/content/raw/train_images/train_images/66a0bf258013.png,Proliferative DR,/content/processed/images_320/66a0bf258013.jpg
33e8e26a75d4,2,train_images/train_images,/content/raw/train_images/train_images/33e8e26a75d4.png,Moderate,/content/processed/images_320/33e8e26a75d4.jpg
33596a635b53,0,train_images/train_images,/content/raw/train_images/train_images/33596a635b53.png,No DR,/content/processed/images_320/33596a635b53.jpg
080ee76c958c,4,val_images/val_images,/content/raw/val_images/val_images/080ee76c958c.png,Proliferative DR,/content/processed/images_320/080ee76c958c.jpg
b9127e38d9b9,2,train_images/train_images,/content/raw/train_images/train_images/b9127e38d9b9.png,Moderate,/content/processed/images_320/b9127e38d9b9.jpg
405085b53d7b,0,train_images/train_images,/content/raw/train_images/train_images/405085b53d7b.png,No DR,/content/processed/images_320/405085b53d7b.jpg
82ac8463fadd,1,train_images/train_images,/content/raw/train_images/train_images/82ac8463fadd.png,Mild,/content/processed/images_320/82ac8463fadd.jpg
3b5dffe159b6,0,train_images/train_images,/content/raw/train_images/train_images/3b5dffe159b6.png,No DR,/content/processed/images_320/3b5dffe159b6.jpg
c7d0deb71576,0,train_images/train_images,/content/raw/train_images/train_images/c7d0deb71576.png,No DR,/content/processed/images_320/c7d0deb71576.jpg
362c4a96cebb,2,train_images/train_images,/content/raw/train_images/train_images/362c4a96cebb.png,Moderate,/content/processed/images_320/362c4a96cebb.jpg
e19936582c61,3,train_images/train_images,/content/raw/train_images/train_images/e19936582c61.png,Severe,/content/processed/images_320/e19936582c61.jpg
04d029cfb612,2,val_images/val_images,/content/raw/val_images/val_images/04d029cfb612.png,Moderate,/content/processed/images_320/04d029cfb612.jpg
932181b93b2f,2,train_images/train_images,/content/raw/train_images/train_images/932181b93b2f.png,Moderate,/content/processed/images_320/932181b93b2f.jpg
5bf3357a2823,0,train_images/train_images,/content/raw/train_images/train_images/5bf3357a2823.png,No DR,/content/processed/images_320/5bf3357a2823.jpg
3d2ecffe0386,0,train_images/train_images,/content/raw/train_images/train_images/3d2ecffe0386.png,No DR,/content/processed/images_320/3d2ecffe0386.jpg
eebd1e195952,0,test_images/test_images,/content/raw/test_images/test_images/eebd1e195952.png,No DR,/content/processed/images_320/eebd1e195952.jpg
810d3779abd9,3,train_images/train_images,/content/raw/train_images/train_images/810d3779abd9.png,Severe,/content/processed/images_320/810d3779abd9.jpg
86d6808f0609,3,train_images/train_images,/content/raw/train_images/train_images/86d6808f0609.png,Severe,/content/processed/images_320/86d6808f0609.jpg
24b87f744598,3,train_images/train_images,/content/raw/train_images/train_images/24b87f744598.png,Severe,/content/processed/images_320/24b87f744598.jpg
358d2224de73,1,train_images/train_images,/content/raw/train_images/train_images/358d2224de73.png,Mild,/content/processed/images_320/358d2224de73.jpg
e821c1b6417a,4,test_images/test_images,/content/raw/test_images/test_images/e821c1b6417a.png,Proliferative DR,/content/processed/images_320/e821c1b6417a.jpg
cb547e723a16,4,train_images/train_images,/content/raw/train_images/train_images/cb547e723a16.png,Proliferative DR,/content/processed/images_320/cb547e723a16.jpg
222d0ac042b4,2,train_images/train_images,/content/raw/train_images/train_images/222d0ac042b4.png,Moderate,/content/processed/images_320/222d0ac042b4.jpg
1d3e9b939732,0,train_images/train_images,/content/raw/train_images/train_images/1d3e9b939732.png,No DR,/content/processed/images_320/1d3e9b939732.jpg
b532dedd928c,0,train_images/train_images,/content/raw/train_images/train_images/b532dedd928c.png,No DR,/content/processed/images_320/b532dedd928c.jpg
295fdc964f6e,2,train_images/train_images,/content/raw/train_images/train_images/295fdc964f6e.png,Moderate,/content/processed/images_320/295fdc964f6e.jpg
c5a6f432a1ec,0,train_images/train_images,/content/raw/train_images/train_images/c5a6f432a1ec.png,No DR,/content/processed/images_320/c5a6f432a1ec.jpg
150fc7127582,0,val_images/val_images,/content/raw/val_images/val_images/150fc7127582.png,No DR,/content/processed/images_320/150fc7127582.jpg
7d94a000c2d0,0,train_images/train_images,/content/raw/train_images/train_images/7d94a000c2d0.png,No DR,/content/processed/images_320/7d94a000c2d0.jpg
a4359815f152,2,train_images/train_images,/content/raw/train_images/train_images/a4359815f152.png,Moderate,/content/processed/images_320/a4359815f152.jpg
a88365134c3c,0,train_images/train_images,/content/raw/train_images/train_images/a88365134c3c.png,No DR,/content/processed/images_320/a88365134c3c.jpg
df3adfd6ba36,2,train_images/train_images,/content/raw/train_images/train_images/df3adfd6ba36.png,Moderate,/content/processed/images_320/df3adfd6ba36.jpg
86e7f98f73f1,2,train_images/train_images,/content/raw/train_images/train_images/86e7f98f73f1.png,Moderate,/content/processed/images_320/86e7f98f73f1.jpg
6fe67482bfae,4,train_images/train_images,/content/raw/train_images/train_images/6fe67482bfae.png,Proliferative DR,/content/processed/images_320/6fe67482bfae.jpg
c6d4e4a3bd4c,0,train_images/train_images,/content/raw/train_images/train_images/c6d4e4a3bd4c.png,No DR,/content/processed/images_320/c6d4e4a3bd4c.jpg
8191ae701985,0,train_images/train_images,/content/raw/train_images/train_images/8191ae701985.png,No DR,/content/processed/images_320/8191ae701985.jpg
0dc031c94225,1,val_images/val_images,/content/raw/val_images/val_images/0dc031c94225.png,Mild,/content/processed/images_320/0dc031c94225.jpg
8421107255ae,2,train_images/train_images,/content/raw/train_images/train_images/8421107255ae.png,Moderate,/content/processed/images_320/8421107255ae.jpg
a8a6588c8eb7,0,train_images/train_images,/content/raw/train_images/train_images/a8a6588c8eb7.png,No DR,/content/processed/images_320/a8a6588c8eb7.jpg
111898ab463d,1,val_images/val_images,/content/raw/val_images/val_images/111898ab463d.png,Mild,/content/processed/images_320/111898ab463d.jpg
1b4625877527,2,train_images/train_images,/content/raw/train_images/train_images/1b4625877527.png,Moderate,/content/processed/images_320/1b4625877527.jpg
8eeac97f02f0,4,train_images/train_images,/content/raw/train_images/train_images/8eeac97f02f0.png,Proliferative DR,/content/processed/images_320/8eeac97f02f0.jpg
db690e2d02f8,1,train_images/train_images,/content/raw/train_images/train_images/db690e2d02f8.png,Mild,/content/processed/images_320/db690e2d02f8.jpg
cb2201c226d6,0,train_images/train_images,/content/raw/train_images/train_images/cb2201c226d6.png,No DR,/content/processed/images_320/cb2201c226d6.jpg
684dd88a0d49,0,train_images/train_images,/content/raw/train_images/train_images/684dd88a0d49.png,No DR,/content/processed/images_320/684dd88a0d49.jpg
767d777ee889,0,train_images/train_images,/content/raw/train_images/train_images/767d777ee889.png,No DR,/content/processed/images_320/767d777ee889.jpg
ba08cee68c71,4,train_images/train_images,/content/raw/train_images/train_images/ba08cee68c71.png,Proliferative DR,/content/processed/images_320/ba08cee68c71.jpg
6e92b1c5ac8e,3,train_images/train_images,/content/raw/train_images/train_images/6e92b1c5ac8e.png,Severe,/content/processed/images_320/6e92b1c5ac8e.jpg
2c9dfc270f1b,0,train_images/train_images,/content/raw/train_images/train_images/2c9dfc270f1b.png,No DR,/content/processed/images_320/2c9dfc270f1b.jpg
f36cb007a1ef,0,test_images/test_images,/content/raw/test_images/test_images/f36cb007a1ef.png,No DR,/content/processed/images_320/f36cb007a1ef.jpg
201f882365d3,0,train_images/train_images,/content/raw/train_images/train_images/201f882365d3.png,No DR,/content/processed/images_320/201f882365d3.jpg
d3e56584a481,0,train_images/train_images,/content/raw/train_images/train_images/d3e56584a481.png,No DR,/content/processed/images_320/d3e56584a481.jpg
7e5a76c4e103,0,train_images/train_images,/content/raw/train_images/train_images/7e5a76c4e103.png,No DR,/content/processed/images_320/7e5a76c4e103.jpg
cc1eebed9276,2,train_images/train_images,/content/raw/train_images/train_images/cc1eebed9276.png,Moderate,/content/processed/images_320/cc1eebed9276.jpg
e8e44b3160e3,0,test_images/test_images,/content/raw/test_images/test_images/e8e44b3160e3.png,No DR,/content/processed/images_320/e8e44b3160e3.jpg
3a4cfea0a766,0,train_images/train_images,/content/raw/train_images/train_images/3a4cfea0a766.png,No DR,/content/processed/images_320/3a4cfea0a766.jpg
032d7b0b4bf6,2,val_images/val_images,/content/raw/val_images/val_images/032d7b0b4bf6.png,Moderate,/content/processed/images_320/032d7b0b4bf6.jpg
857230f64a2e,4,train_images/train_images,/content/raw/train_images/train_images/857230f64a2e.png,Proliferative DR,/content/processed/images_320/857230f64a2e.jpg
0161338f53cc,2,val_images/val_images,/content/raw/val_images/val_images/0161338f53cc.png,Moderate,/content/processed/images_320/0161338f53cc.jpg
2bbcfdc477db,4,train_images/train_images,/content/raw/train_images/train_images/2bbcfdc477db.png,Proliferative DR,/content/processed/images_320/2bbcfdc477db.jpg
6d3d1fe6c32a,2,train_images/train_images,/content/raw/train_images/train_images/6d3d1fe6c32a.png,Moderate,/content/processed/images_320/6d3d1fe6c32a.jpg
02dda30d3acf,4,val_images/val_images,/content/raw/val_images/val_images/02dda30d3acf.png,Proliferative DR,/content/processed/images_320/02dda30d3acf.jpg
4c5ab774a381,0,train_images/train_images,/content/raw/train_images/train_images/4c5ab774a381.png,No DR,/content/processed/images_320/4c5ab774a381.jpg
1d2472849dce,0,train_images/train_images,/content/raw/train_images/train_images/1d2472849dce.png,No DR,/content/processed/images_320/1d2472849dce.jpg
2ba0b0d9bda2,2,train_images/train_images,/content/raw/train_images/train_images/2ba0b0d9bda2.png,Moderate,/content/processed/images_320/2ba0b0d9bda2.jpg
d0d59ed675b5,1,train_images/train_images,/content/raw/train_images/train_images/d0d59ed675b5.png,Mild,/content/processed/images_320/d0d59ed675b5.jpg
54334705a34d,0,train_images/train_images,/content/raw/train_images/train_images/54334705a34d.png,No DR,/content/processed/images_320/54334705a34d.jpg
d6b109c82067,0,train_images/train_images,/content/raw/train_images/train_images/d6b109c82067.png,No DR,/content/processed/images_320/d6b109c82067.jpg
2665f72e2dd3,3,train_images/train_images,/content/raw/train_images/train_images/2665f72e2dd3.png,Severe,/content/processed/images_320/2665f72e2dd3.jpg
be8697eb2078,0,train_images/train_images,/content/raw/train_images/train_images/be8697eb2078.png,No DR,/content/processed/images_320/be8697eb2078.jpg
aebe87a423c8,0,train_images/train_images,/content/raw/train_images/train_images/aebe87a423c8.png,No DR,/content/processed/images_320/aebe87a423c8.jpg
328d141ed3aa,0,train_images/train_images,/content/raw/train_images/train_images/328d141ed3aa.png,No DR,/content/processed/images_320/328d141ed3aa.jpg
53c874dbc594,0,train_images/train_images,/content/raw/train_images/train_images/53c874dbc594.png,No DR,/content/processed/images_320/53c874dbc594.jpg
351e842842a2,0,train_images/train_images,/content/raw/train_images/train_images/351e842842a2.png,No DR,/content/processed/images_320/351e842842a2.jpg
8ceff4c4c860,0,train_images/train_images,/content/raw/train_images/train_images/8ceff4c4c860.png,No DR,/content/processed/images_320/8ceff4c4c860.jpg
2cf18033da31,0,train_images/train_images,/content/raw/train_images/train_images/2cf18033da31.png,No DR,/content/processed/images_320/2cf18033da31.jpg
4faf4063db8c,0,train_images/train_images,/content/raw/train_images/train_images/4faf4063db8c.png,No DR,/content/processed/images_320/4faf4063db8c.jpg
a0fd94e2ad76,0,train_images/train_images,/content/raw/train_images/train_images/a0fd94e2ad76.png,No DR,/content/processed/images_320/a0fd94e2ad76.jpg
66bfec8d6bcd,0,train_images/train_images,/content/raw/train_images/train_images/66bfec8d6bcd.png,No DR,/content/processed/images_320/66bfec8d6bcd.jpg
6504b703c429,0,train_images/train_images,/content/raw/train_images/train_images/6504b703c429.png,No DR,/content/processed/images_320/6504b703c429.jpg
f0e1201b5c1f,0,test_images/test_images,/content/raw/test_images/test_images/f0e1201b5c1f.png,No DR,/content/processed/images_320/f0e1201b5c1f.jpg
8693ab1fd2be,0,train_images/train_images,/content/raw/train_images/train_images/8693ab1fd2be.png,No DR,/content/processed/images_320/8693ab1fd2be.jpg
b960142a8de7,3,train_images/train_images,/content/raw/train_images/train_images/b960142a8de7.png,Severe,/content/processed/images_320/b960142a8de7.jpg
c5ba9e455d5e,3,train_images/train_images,/content/raw/train_images/train_images/c5ba9e455d5e.png,Severe,/content/processed/images_320/c5ba9e455d5e.jpg
b7278b4f2448,1,train_images/train_images,/content/raw/train_images/train_images/b7278b4f2448.png,Mild,/content/processed/images_320/b7278b4f2448.jpg
ab724603ee93,0,train_images/train_images,/content/raw/train_images/train_images/ab724603ee93.png,No DR,/content/processed/images_320/ab724603ee93.jpg
10bf25731c08,0,val_images/val_images,/content/raw/val_images/val_images/10bf25731c08.png,No DR,/content/processed/images_320/10bf25731c08.jpg
5889a0c75cac,0,train_images/train_images,/content/raw/train_images/train_images/5889a0c75cac.png,No DR,/content/processed/images_320/5889a0c75cac.jpg
bfdee9be1f1d,4,train_images/train_images,/content/raw/train_images/train_images/bfdee9be1f1d.png,Proliferative DR,/content/processed/images_320/bfdee9be1f1d.jpg
f481f76a6b75,1,test_images/test_images,/content/raw/test_images/test_images/f481f76a6b75.png,Mild,/content/processed/images_320/f481f76a6b75.jpg
7e980424868e,0,train_images/train_images,/content/raw/train_images/train_images/7e980424868e.png,No DR,/content/processed/images_320/7e980424868e.jpg
f0c13be90519,1,test_images/test_images,/content/raw/test_images/test_images/f0c13be90519.png,Mild,/content/processed/images_320/f0c13be90519.jpg
780f9c237c56,0,train_images/train_images,/content/raw/train_images/train_images/780f9c237c56.png,No DR,/content/processed/images_320/780f9c237c56.jpg
e582e56e7942,0,test_images/test_images,/content/raw/test_images/test_images/e582e56e7942.png,No DR,/content/processed/images_320/e582e56e7942.jpg
4c53cc97ea13,0,train_images/train_images,/content/raw/train_images/train_images/4c53cc97ea13.png,No DR,/content/processed/images_320/4c53cc97ea13.jpg
27b68863349f,2,train_images/train_images,/content/raw/train_images/train_images/27b68863349f.png,Moderate,/content/processed/images_320/27b68863349f.jpg
ffec9a18a3ce,2,test_images/test_images,/content/raw/test_images/test_images/ffec9a18a3ce.png,Moderate,/content/processed/images_320/ffec9a18a3ce.jpg
a8c54e2a4b79,1,train_images/train_images,/content/raw/train_images/train_images/a8c54e2a4b79.png,Mild,/content/processed/images_320/a8c54e2a4b79.jpg
10fca1abf338,4,val_images/val_images,/content/raw/val_images/val_images/10fca1abf338.png,Proliferative DR,/content/processed/images_320/10fca1abf338.jpg
3178559fbf57,0,train_images/train_images,/content/raw/train_images/train_images/3178559fbf57.png,No DR,/content/processed/images_320/3178559fbf57.jpg
4ab8c0cece7f,0,train_images/train_images,/content/raw/train_images/train_images/4ab8c0cece7f.png,No DR,/content/processed/images_320/4ab8c0cece7f.jpg
10f6ef37fe43,0,val_images/val_images,/content/raw/val_images/val_images/10f6ef37fe43.png,No DR,/content/processed/images_320/10f6ef37fe43.jpg
650104ede84c,0,train_images/train_images,/content/raw/train_images/train_images/650104ede84c.png,No DR,/content/processed/images_320/650104ede84c.jpg
6f4719c6bb4b,4,train_images/train_images,/content/raw/train_images/train_images/6f4719c6bb4b.png,Proliferative DR,/content/processed/images_320/6f4719c6bb4b.jpg
50915e2329a1,0,train_images/train_images,/content/raw/train_images/train_images/50915e2329a1.png,No DR,/content/processed/images_320/50915e2329a1.jpg
f0f89314e860,4,test_images/test_images,/content/raw/test_images/test_images/f0f89314e860.png,Proliferative DR,/content/processed/images_320/f0f89314e860.jpg
683023cda6a5,0,train_images/train_images,/content/raw/train_images/train_images/683023cda6a5.png,No DR,/content/processed/images_320/683023cda6a5.jpg
164cd5a3a6cd,0,val_images/val_images,/content/raw/val_images/val_images/164cd5a3a6cd.png,No DR,/content/processed/images_320/164cd5a3a6cd.jpg
4f5dd7660b17,0,train_images/train_images,/content/raw/train_images/train_images/4f5dd7660b17.png,No DR,/content/processed/images_320/4f5dd7660b17.jpg
e4c799738a19,0,train_images/train_images,/content/raw/train_images/train_images/e4c799738a19.png,No DR,/content/processed/images_320/e4c799738a19.jpg
9858cc2ae073,0,train_images/train_images,/content/raw/train_images/train_images/9858cc2ae073.png,No DR,/content/processed/images_320/9858cc2ae073.jpg
a1eb88562239,0,train_images/train_images,/content/raw/train_images/train_images/a1eb88562239.png,No DR,/content/processed/images_320/a1eb88562239.jpg
fb61230b99dd,3,test_images/test_images,/content/raw/test_images/test_images/fb61230b99dd.png,Severe,/content/processed/images_320/fb61230b99dd.jpg
db49cdf1ea64,2,train_images/train_images,/content/raw/train_images/train_images/db49cdf1ea64.png,Moderate,/content/processed/images_320/db49cdf1ea64.jpg
a987aa7aac37,0,train_images/train_images,/content/raw/train_images/train_images/a987aa7aac37.png,No DR,/content/processed/images_320/a987aa7aac37.jpg
0c7e82daf5a0,2,val_images/val_images,/content/raw/val_images/val_images/0c7e82daf5a0.png,Moderate,/content/processed/images_320/0c7e82daf5a0.jpg
913490237ad4,3,train_images/train_images,/content/raw/train_images/train_images/913490237ad4.png,Severe,/content/processed/images_320/913490237ad4.jpg
a3475dc3ac80,2,train_images/train_images,/content/raw/train_images/train_images/a3475dc3ac80.png,Moderate,/content/processed/images_320/a3475dc3ac80.jpg
144a1a426137,2,val_images/val_images,/content/raw/val_images/val_images/144a1a426137.png,Moderate,/content/processed/images_320/144a1a426137.jpg
77a9538b8362,1,train_images/train_images,/content/raw/train_images/train_images/77a9538b8362.png,Mild,/content/processed/images_320/77a9538b8362.jpg
b3a994760537,0,train_images/train_images,/content/raw/train_images/train_images/b3a994760537.png,No DR,/content/processed/images_320/b3a994760537.jpg
8be6629a6039,0,train_images/train_images,/content/raw/train_images/train_images/8be6629a6039.png,No DR,/content/processed/images_320/8be6629a6039.jpg
a1edf0e66592,0,train_images/train_images,/content/raw/train_images/train_images/a1edf0e66592.png,No DR,/content/processed/images_320/a1edf0e66592.jpg
08752092140d,2,val_images/val_images,/content/raw/val_images/val_images/08752092140d.png,Moderate,/content/processed/images_320/08752092140d.jpg
fb696a8e055a,4,test_images/test_images,/content/raw/test_images/test_images/fb696a8e055a.png,Proliferative DR,/content/processed/images_320/fb696a8e055a.jpg
c12e9ca420a5,0,train_images/train_images,/content/raw/train_images/train_images/c12e9ca420a5.png,No DR,/content/processed/images_320/c12e9ca420a5.jpg
6baafa56895c,3,train_images/train_images,/content/raw/train_images/train_images/6baafa56895c.png,Severe,/content/processed/images_320/6baafa56895c.jpg
af6166d57f13,0,train_images/train_images,/content/raw/train_images/train_images/af6166d57f13.png,No DR,/content/processed/images_320/af6166d57f13.jpg
172df1330a60,1,val_images/val_images,/content/raw/val_images/val_images/172df1330a60.png,Mild,/content/processed/images_320/172df1330a60.jpg
03b373718013,0,val_images/val_images,/content/raw/val_images/val_images/03b373718013.png,No DR,/content/processed/images_320/03b373718013.jpg
ea9c41e1ced0,0,test_images/test_images,/content/raw/test_images/test_images/ea9c41e1ced0.png,No DR,/content/processed/images_320/ea9c41e1ced0.jpg
c90c6b94cf40,0,train_images/train_images,/content/raw/train_images/train_images/c90c6b94cf40.png,No DR,/content/processed/images_320/c90c6b94cf40.jpg
902dc5a91a3f,0,train_images/train_images,/content/raw/train_images/train_images/902dc5a91a3f.png,No DR,/content/processed/images_320/902dc5a91a3f.jpg
cae51154e1ce,1,train_images/train_images,/content/raw/train_images/train_images/cae51154e1ce.png,Mild,/content/processed/images_320/cae51154e1ce.jpg
cd5714db652d,1,train_images/train_images,/content/raw/train_images/train_images/cd5714db652d.png,Mild,/content/processed/images_320/cd5714db652d.jpg
d66b6f333dc7,1,train_images/train_images,/content/raw/train_images/train_images/d66b6f333dc7.png,Mild,/content/processed/images_320/d66b6f333dc7.jpg
4eabad7948cf,0,train_images/train_images,/content/raw/train_images/train_images/4eabad7948cf.png,No DR,/content/processed/images_320/4eabad7948cf.jpg
85cbb84ac8e0,4,train_images/train_images,/content/raw/train_images/train_images/85cbb84ac8e0.png,Proliferative DR,/content/processed/images_320/85cbb84ac8e0.jpg
6b30767595d8,0,train_images/train_images,/content/raw/train_images/train_images/6b30767595d8.png,No DR,/content/processed/images_320/6b30767595d8.jpg
4318b6adeb97,0,train_images/train_images,/content/raw/train_images/train_images/4318b6adeb97.png,No DR,/content/processed/images_320/4318b6adeb97.jpg
9be0683649ff,0,train_images/train_images,/content/raw/train_images/train_images/9be0683649ff.png,No DR,/content/processed/images_320/9be0683649ff.jpg
8eb3337a54e9,2,train_images/train_images,/content/raw/train_images/train_images/8eb3337a54e9.png,Moderate,/content/processed/images_320/8eb3337a54e9.jpg
22d843b2bbd1,0,train_images/train_images,/content/raw/train_images/train_images/22d843b2bbd1.png,No DR,/content/processed/images_320/22d843b2bbd1.jpg
f952ad2e4356,0,test_images/test_images,/content/raw/test_images/test_images/f952ad2e4356.png,No DR,/content/processed/images_320/f952ad2e4356.jpg
7f1f3269f546,0,train_images/train_images,/content/raw/train_images/train_images/7f1f3269f546.png,No DR,/content/processed/images_320/7f1f3269f546.jpg
dbfd238b3468,3,train_images/train_images,/content/raw/train_images/train_images/dbfd238b3468.png,Severe,/content/processed/images_320/dbfd238b3468.jpg
6294b378d09f,0,train_images/train_images,/content/raw/train_images/train_images/6294b378d09f.png,No DR,/content/processed/images_320/6294b378d09f.jpg
568455854a11,0,train_images/train_images,/content/raw/train_images/train_images/568455854a11.png,No DR,/content/processed/images_320/568455854a11.jpg
291f581d365e,0,train_images/train_images,/content/raw/train_images/train_images/291f581d365e.png,No DR,/content/processed/images_320/291f581d365e.jpg
59ee65760535,2,train_images/train_images,/content/raw/train_images/train_images/59ee65760535.png,Moderate,/content/processed/images_320/59ee65760535.jpg
1411c8ab7161,2,val_images/val_images,/content/raw/val_images/val_images/1411c8ab7161.png,Moderate,/content/processed/images_320/1411c8ab7161.jpg
387138ddf43d,0,train_images/train_images,/content/raw/train_images/train_images/387138ddf43d.png,No DR,/content/processed/images_320/387138ddf43d.jpg
e580676516b0,1,test_images/test_images,/content/raw/test_images/test_images/e580676516b0.png,Mild,/content/processed/images_320/e580676516b0.jpg
84c663f39632,4,train_images/train_images,/content/raw/train_images/train_images/84c663f39632.png,Proliferative DR,/content/processed/images_320/84c663f39632.jpg
d9c9b9786da3,0,train_images/train_images,/content/raw/train_images/train_images/d9c9b9786da3.png,No DR,/content/processed/images_320/d9c9b9786da3.jpg
d85ea1220a03,4,train_images/train_images,/content/raw/train_images/train_images/d85ea1220a03.png,Proliferative DR,/content/processed/images_320/d85ea1220a03.jpg
aa9b8f05f4bf,2,train_images/train_images,/content/raw/train_images/train_images/aa9b8f05f4bf.png,Moderate,/content/processed/images_320/aa9b8f05f4bf.jpg
13d71389563f,2,val_images/val_images,/content/raw/val_images/val_images/13d71389563f.png,Moderate,/content/processed/images_320/13d71389563f.jpg
f460608cf4cc,2,test_images/test_images,/content/raw/test_images/test_images/f460608cf4cc.png,Moderate,/content/processed/images_320/f460608cf4cc.jpg
4dd7b322f342,0,train_images/train_images,/content/raw/train_images/train_images/4dd7b322f342.png,No DR,/content/processed/images_320/4dd7b322f342.jpg
c947bb6cf9f6,0,train_images/train_images,/content/raw/train_images/train_images/c947bb6cf9f6.png,No DR,/content/processed/images_320/c947bb6cf9f6.jpg
f69835dc7c50,4,test_images/test_images,/content/raw/test_images/test_images/f69835dc7c50.png,Proliferative DR,/content/processed/images_320/f69835dc7c50.jpg
342edf9b889d,0,train_images/train_images,/content/raw/train_images/train_images/342edf9b889d.png,No DR,/content/processed/images_320/342edf9b889d.jpg
5bea250d8bf5,0,train_images/train_images,/content/raw/train_images/train_images/5bea250d8bf5.png,No DR,/content/processed/images_320/5bea250d8bf5.jpg
d48178e4a49b,4,train_images/train_images,/content/raw/train_images/train_images/d48178e4a49b.png,Proliferative DR,/content/processed/images_320/d48178e4a49b.jpg
f5a8c6426a71,3,test_images/test_images,/content/raw/test_images/test_images/f5a8c6426a71.png,Severe,/content/processed/images_320/f5a8c6426a71.jpg
58a9e0d7f7af,0,train_images/train_images,/content/raw/train_images/train_images/58a9e0d7f7af.png,No DR,/content/processed/images_320/58a9e0d7f7af.jpg
4c9f0fdaaef7,3,train_images/train_images,/content/raw/train_images/train_images/4c9f0fdaaef7.png,Severe,/content/processed/images_320/4c9f0fdaaef7.jpg
d9a475dfe59a,2,train_images/train_images,/content/raw/train_images/train_images/d9a475dfe59a.png,Moderate,/content/processed/images_320/d9a475dfe59a.jpg
0eff8eacb2f7,2,val_images/val_images,/content/raw/val_images/val_images/0eff8eacb2f7.png,Moderate,/content/processed/images_320/0eff8eacb2f7.jpg
2d9d97a6e713,1,train_images/train_images,/content/raw/train_images/train_images/2d9d97a6e713.png,Mild,/content/processed/images_320/2d9d97a6e713.jpg
c70d09370109,2,train_images/train_images,/content/raw/train_images/train_images/c70d09370109.png,Moderate,/content/processed/images_320/c70d09370109.jpg
6f0e5848d9ce,0,train_images/train_images,/content/raw/train_images/train_images/6f0e5848d9ce.png,No DR,/content/processed/images_320/6f0e5848d9ce.jpg
5b2648ad455e,0,train_images/train_images,/content/raw/train_images/train_images/5b2648ad455e.png,No DR,/content/processed/images_320/5b2648ad455e.jpg
2f143453bb71,0,train_images/train_images,/content/raw/train_images/train_images/2f143453bb71.png,No DR,/content/processed/images_320/2f143453bb71.jpg
03747397839f,2,val_images/val_images,/content/raw/val_images/val_images/03747397839f.png,Moderate,/content/processed/images_320/03747397839f.jpg
5a36cea278ae,2,train_images/train_images,/content/raw/train_images/train_images/5a36cea278ae.png,Moderate,/content/processed/images_320/5a36cea278ae.jpg
4d21ce39c905,2,train_images/train_images,/content/raw/train_images/train_images/4d21ce39c905.png,Moderate,/content/processed/images_320/4d21ce39c905.jpg
ec0c9f817b03,0,test_images/test_images,/content/raw/test_images/test_images/ec0c9f817b03.png,No DR,/content/processed/images_320/ec0c9f817b03.jpg
d881c04f01fe,0,train_images/train_images,/content/raw/train_images/train_images/d881c04f01fe.png,No DR,/content/processed/images_320/d881c04f01fe.jpg
190a309f2cc5,0,val_images/val_images,/content/raw/val_images/val_images/190a309f2cc5.png,No DR,/content/processed/images_320/190a309f2cc5.jpg
b2ffa3e18559,3,train_images/train_images,/content/raw/train_images/train_images/b2ffa3e18559.png,Severe,/content/processed/images_320/b2ffa3e18559.jpg
6cb96a6fb029,0,train_images/train_images,/content/raw/train_images/train_images/6cb96a6fb029.png,No DR,/content/processed/images_320/6cb96a6fb029.jpg
a82a12ad3fb1,0,train_images/train_images,/content/raw/train_images/train_images/a82a12ad3fb1.png,No DR,/content/processed/images_320/a82a12ad3fb1.jpg
c3cd0200df79,3,train_images/train_images,/content/raw/train_images/train_images/c3cd0200df79.png,Severe,/content/processed/images_320/c3cd0200df79.jpg
6061f5b7378d,3,train_images/train_images,/content/raw/train_images/train_images/6061f5b7378d.png,Severe,/content/processed/images_320/6061f5b7378d.jpg
166068a24416,3,val_images/val_images,/content/raw/val_images/val_images/166068a24416.png,Severe,/content/processed/images_320/166068a24416.jpg
2fde69f20585,4,train_images/train_images,/content/raw/train_images/train_images/2fde69f20585.png,Proliferative DR,/content/processed/images_320/2fde69f20585.jpg
4704dbb59536,0,train_images/train_images,/content/raw/train_images/train_images/4704dbb59536.png,No DR,/content/processed/images_320/4704dbb59536.jpg
598b8f5b3822,0,train_images/train_images,/content/raw/train_images/train_images/598b8f5b3822.png,No DR,/content/processed/images_320/598b8f5b3822.jpg
658ad9f09f5d,0,train_images/train_images,/content/raw/train_images/train_images/658ad9f09f5d.png,No DR,/content/processed/images_320/658ad9f09f5d.jpg
82910bba4753,2,train_images/train_images,/content/raw/train_images/train_images/82910bba4753.png,Moderate,/content/processed/images_320/82910bba4753.jpg
ed88faaa325a,2,test_images/test_images,/content/raw/test_images/test_images/ed88faaa325a.png,Moderate,/content/processed/images_320/ed88faaa325a.jpg
9a3c03a5ad0f,2,train_images/train_images,/content/raw/train_images/train_images/9a3c03a5ad0f.png,Moderate,/content/processed/images_320/9a3c03a5ad0f.jpg
5b804948e35f,1,train_images/train_images,/content/raw/train_images/train_images/5b804948e35f.png,Mild,/content/processed/images_320/5b804948e35f.jpg
ac5b5dddf91b,2,train_images/train_images,/content/raw/train_images/train_images/ac5b5dddf91b.png,Moderate,/content/processed/images_320/ac5b5dddf91b.jpg
6165081b9021,1,train_images/train_images,/content/raw/train_images/train_images/6165081b9021.png,Mild,/content/processed/images_320/6165081b9021.jpg
30941b65348b,1,train_images/train_images,/content/raw/train_images/train_images/30941b65348b.png,Mild,/content/processed/images_320/30941b65348b.jpg
77a1f1398fdb,0,train_images/train_images,/content/raw/train_images/train_images/77a1f1398fdb.png,No DR,/content/processed/images_320/77a1f1398fdb.jpg
46f56c38051f,2,train_images/train_images,/content/raw/train_images/train_images/46f56c38051f.png,Moderate,/content/processed/images_320/46f56c38051f.jpg
4f60129e9a5b,2,train_images/train_images,/content/raw/train_images/train_images/4f60129e9a5b.png,Moderate,/content/processed/images_320/4f60129e9a5b.jpg
e76a9cbb2a8c,3,test_images/test_images,/content/raw/test_images/test_images/e76a9cbb2a8c.png,Severe,/content/processed/images_320/e76a9cbb2a8c.jpg
0f495d87656a,1,val_images/val_images,/content/raw/val_images/val_images/0f495d87656a.png,Mild,/content/processed/images_320/0f495d87656a.jpg
2f5c9cdfb333,2,train_images/train_images,/content/raw/train_images/train_images/2f5c9cdfb333.png,Moderate,/content/processed/images_320/2f5c9cdfb333.jpg
5d74f98d62be,4,train_images/train_images,/content/raw/train_images/train_images/5d74f98d62be.png,Proliferative DR,/content/processed/images_320/5d74f98d62be.jpg
96793edb1003,0,train_images/train_images,/content/raw/train_images/train_images/96793edb1003.png,No DR,/content/processed/images_320/96793edb1003.jpg
bb7e0a2544cd,3,train_images/train_images,/content/raw/train_images/train_images/bb7e0a2544cd.png,Severe,/content/processed/images_320/bb7e0a2544cd.jpg
07419eddd6be,2,val_images/val_images,/content/raw/val_images/val_images/07419eddd6be.png,Moderate,/content/processed/images_320/07419eddd6be.jpg
abf09c44d5f4,2,train_images/train_images,/content/raw/train_images/train_images/abf09c44d5f4.png,Moderate,/content/processed/images_320/abf09c44d5f4.jpg
8c2f0f04e1ed,1,train_images/train_images,/content/raw/train_images/train_images/8c2f0f04e1ed.png,Mild,/content/processed/images_320/8c2f0f04e1ed.jpg
f7116e7b2f4e,0,test_images/test_images,/content/raw/test_images/test_images/f7116e7b2f4e.png,No DR,/content/processed/images_320/f7116e7b2f4e.jpg
9a78c6a7b1c2,2,train_images/train_images,/content/raw/train_images/train_images/9a78c6a7b1c2.png,Moderate,/content/processed/images_320/9a78c6a7b1c2.jpg
da9fe02dead3,0,train_images/train_images,/content/raw/train_images/train_images/da9fe02dead3.png,No DR,/content/processed/images_320/da9fe02dead3.jpg
51030843fde2,2,train_images/train_images,/content/raw/train_images/train_images/51030843fde2.png,Moderate,/content/processed/images_320/51030843fde2.jpg
61bbe8db6f3a,1,train_images/train_images,/content/raw/train_images/train_images/61bbe8db6f3a.png,Mild,/content/processed/images_320/61bbe8db6f3a.jpg
26fc2358a38d,0,train_images/train_images,/content/raw/train_images/train_images/26fc2358a38d.png,No DR,/content/processed/images_320/26fc2358a38d.jpg
9fab29e69a6b,4,train_images/train_images,/content/raw/train_images/train_images/9fab29e69a6b.png,Proliferative DR,/content/processed/images_320/9fab29e69a6b.jpg
ead23cc922ed,1,test_images/test_images,/content/raw/test_images/test_images/ead23cc922ed.png,Mild,/content/processed/images_320/ead23cc922ed.jpg
5d5b5da5f939,0,train_images/train_images,/content/raw/train_images/train_images/5d5b5da5f939.png,No DR,/content/processed/images_320/5d5b5da5f939.jpg
f4df3d86688d,0,test_images/test_images,/content/raw/test_images/test_images/f4df3d86688d.png,No DR,/content/processed/images_320/f4df3d86688d.jpg
23148a40ecb0,2,train_images/train_images,/content/raw/train_images/train_images/23148a40ecb0.png,Moderate,/content/processed/images_320/23148a40ecb0.jpg
c3d12a23f451,4,train_images/train_images,/content/raw/train_images/train_images/c3d12a23f451.png,Proliferative DR,/content/processed/images_320/c3d12a23f451.jpg
84b79243e430,0,train_images/train_images,/content/raw/train_images/train_images/84b79243e430.png,No DR,/content/processed/images_320/84b79243e430.jpg
81b0a2651c45,2,train_images/train_images,/content/raw/train_images/train_images/81b0a2651c45.png,Moderate,/content/processed/images_320/81b0a2651c45.jpg
53f6c1c65c04,1,train_images/train_images,/content/raw/train_images/train_images/53f6c1c65c04.png,Mild,/content/processed/images_320/53f6c1c65c04.jpg
992b9a07b25f,0,train_images/train_images,/content/raw/train_images/train_images/992b9a07b25f.png,No DR,/content/processed/images_320/992b9a07b25f.jpg
e17507a4a1f5,2,train_images/train_images,/content/raw/train_images/train_images/e17507a4a1f5.png,Moderate,/content/processed/images_320/e17507a4a1f5.jpg
dbd062558b81,1,train_images/train_images,/content/raw/train_images/train_images/dbd062558b81.png,Mild,/content/processed/images_320/dbd062558b81.jpg
29d059522fa1,0,train_images/train_images,/content/raw/train_images/train_images/29d059522fa1.png,No DR,/content/processed/images_320/29d059522fa1.jpg
f1d719c97838,0,test_images/test_images,/content/raw/test_images/test_images/f1d719c97838.png,No DR,/content/processed/images_320/f1d719c97838.jpg
239f2c348ea4,2,train_images/train_images,/content/raw/train_images/train_images/239f2c348ea4.png,Moderate,/content/processed/images_320/239f2c348ea4.jpg
84e8c62165b5,2,train_images/train_images,/content/raw/train_images/train_images/84e8c62165b5.png,Moderate,/content/processed/images_320/84e8c62165b5.jpg
3de8ad4151e1,1,train_images/train_images,/content/raw/train_images/train_images/3de8ad4151e1.png,Mild,/content/processed/images_320/3de8ad4151e1.jpg
9a94e0316ee3,3,train_images/train_images,/content/raw/train_images/train_images/9a94e0316ee3.png,Severe,/content/processed/images_320/9a94e0316ee3.jpg
2f7789c1e046,4,train_images/train_images,/content/raw/train_images/train_images/2f7789c1e046.png,Proliferative DR,/content/processed/images_320/2f7789c1e046.jpg
c80b0f27541a,0,train_images/train_images,/content/raw/train_images/train_images/c80b0f27541a.png,No DR,/content/processed/images_320/c80b0f27541a.jpg
6b66b0e86f7e,0,train_images/train_images,/content/raw/train_images/train_images/6b66b0e86f7e.png,No DR,/content/processed/images_320/6b66b0e86f7e.jpg
51d574513bcb,2,train_images/train_images,/content/raw/train_images/train_images/51d574513bcb.png,Moderate,/content/processed/images_320/51d574513bcb.jpg
febfb20dc311,0,test_images/test_images,/content/raw/test_images/test_images/febfb20dc311.png,No DR,/content/processed/images_320/febfb20dc311.jpg
191348830ddf,2,val_images/val_images,/content/raw/val_images/val_images/191348830ddf.png,Moderate,/content/processed/images_320/191348830ddf.jpg
29bc0e721cfe,4,train_images/train_images,/content/raw/train_images/train_images/29bc0e721cfe.png,Proliferative DR,/content/processed/images_320/29bc0e721cfe.jpg
f3a4751af42e,0,test_images/test_images,/content/raw/test_images/test_images/f3a4751af42e.png,No DR,/content/processed/images_320/f3a4751af42e.jpg
2fefb720869a,0,train_images/train_images,/content/raw/train_images/train_images/2fefb720869a.png,No DR,/content/processed/images_320/2fefb720869a.jpg
1c3a6b4449e9,1,train_images/train_images,/content/raw/train_images/train_images/1c3a6b4449e9.png,Mild,/content/processed/images_320/1c3a6b4449e9.jpg
8714d17bb6da,1,train_images/train_images,/content/raw/train_images/train_images/8714d17bb6da.png,Mild,/content/processed/images_320/8714d17bb6da.jpg
1e7ccd4a1c87,0,train_images/train_images,/content/raw/train_images/train_images/1e7ccd4a1c87.png,No DR,/content/processed/images_320/1e7ccd4a1c87.jpg
11b5c77fbf79,2,val_images/val_images,/content/raw/val_images/val_images/11b5c77fbf79.png,Moderate,/content/processed/images_320/11b5c77fbf79.jpg
d6df4fe492ec,0,train_images/train_images,/content/raw/train_images/train_images/d6df4fe492ec.png,No DR,/content/processed/images_320/d6df4fe492ec.jpg
7247a2c97f71,2,train_images/train_images,/content/raw/train_images/train_images/7247a2c97f71.png,Moderate,/content/processed/images_320/7247a2c97f71.jpg
8bbd7835e9aa,1,train_images/train_images,/content/raw/train_images/train_images/8bbd7835e9aa.png,Mild,/content/processed/images_320/8bbd7835e9aa.jpg
6180920bc224,0,train_images/train_images,/content/raw/train_images/train_images/6180920bc224.png,No DR,/content/processed/images_320/6180920bc224.jpg
3f8d5c940ba4,2,train_images/train_images,/content/raw/train_images/train_images/3f8d5c940ba4.png,Moderate,/content/processed/images_320/3f8d5c940ba4.jpg
ec01f0862669,0,test_images/test_images,/content/raw/test_images/test_images/ec01f0862669.png,No DR,/content/processed/images_320/ec01f0862669.jpg
e740af6ac6ea,4,test_images/test_images,/content/raw/test_images/test_images/e740af6ac6ea.png,Proliferative DR,/content/processed/images_320/e740af6ac6ea.jpg
757572337fd0,2,train_images/train_images,/content/raw/train_images/train_images/757572337fd0.png,Moderate,/content/processed/images_320/757572337fd0.jpg
ac81fc200162,0,train_images/train_images,/content/raw/train_images/train_images/ac81fc200162.png,No DR,/content/processed/images_320/ac81fc200162.jpg
d6130f2ec903,0,train_images/train_images,/content/raw/train_images/train_images/d6130f2ec903.png,No DR,/content/processed/images_320/d6130f2ec903.jpg
5ca73d28f17f,0,train_images/train_images,/content/raw/train_images/train_images/5ca73d28f17f.png,No DR,/content/processed/images_320/5ca73d28f17f.jpg
e6a5e4718873,0,test_images/test_images,/content/raw/test_images/test_images/e6a5e4718873.png,No DR,/content/processed/images_320/e6a5e4718873.jpg
0fffa73e2402,2,val_images/val_images,/content/raw/val_images/val_images/0fffa73e2402.png,Moderate,/content/processed/images_320/0fffa73e2402.jpg
1409ab48175a,0,val_images/val_images,/content/raw/val_images/val_images/1409ab48175a.png,No DR,/content/processed/images_320/1409ab48175a.jpg
1e4650743fa2,2,train_images/train_images,/content/raw/train_images/train_images/1e4650743fa2.png,Moderate,/content/processed/images_320/1e4650743fa2.jpg
7be1b9aa78aa,0,train_images/train_images,/content/raw/train_images/train_images/7be1b9aa78aa.png,No DR,/content/processed/images_320/7be1b9aa78aa.jpg
0243404e8a00,4,val_images/val_images,/content/raw/val_images/val_images/0243404e8a00.png,Proliferative DR,/content/processed/images_320/0243404e8a00.jpg
80e6e425f966,0,train_images/train_images,/content/raw/train_images/train_images/80e6e425f966.png,No DR,/content/processed/images_320/80e6e425f966.jpg
40e9b5630438,1,train_images/train_images,/content/raw/train_images/train_images/40e9b5630438.png,Mild,/content/processed/images_320/40e9b5630438.jpg
b402b18d99a5,2,train_images/train_images,/content/raw/train_images/train_images/b402b18d99a5.png,Moderate,/content/processed/images_320/b402b18d99a5.jpg
f71bea807c96,0,test_images/test_images,/content/raw/test_images/test_images/f71bea807c96.png,No DR,/content/processed/images_320/f71bea807c96.jpg
d567a1a22d33,1,train_images/train_images,/content/raw/train_images/train_images/d567a1a22d33.png,Mild,/content/processed/images_320/d567a1a22d33.jpg
aa94cc4bfd84,0,train_images/train_images,/content/raw/train_images/train_images/aa94cc4bfd84.png,No DR,/content/processed/images_320/aa94cc4bfd84.jpg
247ac63e5510,4,train_images/train_images,/content/raw/train_images/train_images/247ac63e5510.png,Proliferative DR,/content/processed/images_320/247ac63e5510.jpg
9ac41b9a809e,0,train_images/train_images,/content/raw/train_images/train_images/9ac41b9a809e.png,No DR,/content/processed/images_320/9ac41b9a809e.jpg
8e6df9eedcd8,0,train_images/train_images,/content/raw/train_images/train_images/8e6df9eedcd8.png,No DR,/content/processed/images_320/8e6df9eedcd8.jpg
2cef97083e6f,2,train_images/train_images,/content/raw/train_images/train_images/2cef97083e6f.png,Moderate,/content/processed/images_320/2cef97083e6f.jpg
83517eaeccb9,0,train_images/train_images,/content/raw/train_images/train_images/83517eaeccb9.png,No DR,/content/processed/images_320/83517eaeccb9.jpg
7d37a2939f12,2,train_images/train_images,/content/raw/train_images/train_images/7d37a2939f12.png,Moderate,/content/processed/images_320/7d37a2939f12.jpg
8d4d14a4ab07,0,train_images/train_images,/content/raw/train_images/train_images/8d4d14a4ab07.png,No DR,/content/processed/images_320/8d4d14a4ab07.jpg
80b5a9519aec,2,train_images/train_images,/content/raw/train_images/train_images/80b5a9519aec.png,Moderate,/content/processed/images_320/80b5a9519aec.jpg
11b220a397b8,0,val_images/val_images,/content/raw/val_images/val_images/11b220a397b8.png,No DR,/content/processed/images_320/11b220a397b8.jpg
24de56d433cd,0,train_images/train_images,/content/raw/train_images/train_images/24de56d433cd.png,No DR,/content/processed/images_320/24de56d433cd.jpg
a95d9d61ddd4,0,train_images/train_images,/content/raw/train_images/train_images/a95d9d61ddd4.png,No DR,/content/processed/images_320/a95d9d61ddd4.jpg
4da2961e62fe,1,train_images/train_images,/content/raw/train_images/train_images/4da2961e62fe.png,Mild,/content/processed/images_320/4da2961e62fe.jpg
b187b3c93afb,2,train_images/train_images,/content/raw/train_images/train_images/b187b3c93afb.png,Moderate,/content/processed/images_320/b187b3c93afb.jpg
d2c6b99ef62c,2,train_images/train_images,/content/raw/train_images/train_images/d2c6b99ef62c.png,Moderate,/content/processed/images_320/d2c6b99ef62c.jpg
1e9224ccca95,4,train_images/train_images,/content/raw/train_images/train_images/1e9224ccca95.png,Proliferative DR,/content/processed/images_320/1e9224ccca95.jpg
5ed6dc419e4d,2,train_images/train_images,/content/raw/train_images/train_images/5ed6dc419e4d.png,Moderate,/content/processed/images_320/5ed6dc419e4d.jpg
944a233fbf8e,1,train_images/train_images,/content/raw/train_images/train_images/944a233fbf8e.png,Mild,/content/processed/images_320/944a233fbf8e.jpg
e12d41e7b221,2,train_images/train_images,/content/raw/train_images/train_images/e12d41e7b221.png,Moderate,/content/processed/images_320/e12d41e7b221.jpg
6a905a7202d2,0,train_images/train_images,/content/raw/train_images/train_images/6a905a7202d2.png,No DR,/content/processed/images_320/6a905a7202d2.jpg
0773a1c326ad,0,val_images/val_images,/content/raw/val_images/val_images/0773a1c326ad.png,No DR,/content/processed/images_320/0773a1c326ad.jpg
53327edb9e4d,0,train_images/train_images,/content/raw/train_images/train_images/53327edb9e4d.png,No DR,/content/processed/images_320/53327edb9e4d.jpg
b73d0bcd3d33,0,train_images/train_images,/content/raw/train_images/train_images/b73d0bcd3d33.png,No DR,/content/processed/images_320/b73d0bcd3d33.jpg
606daaf0bfc7,0,train_images/train_images,/content/raw/train_images/train_images/606daaf0bfc7.png,No DR,/content/processed/images_320/606daaf0bfc7.jpg
731b19a460ad,2,train_images/train_images,/content/raw/train_images/train_images/731b19a460ad.png,Moderate,/content/processed/images_320/731b19a460ad.jpg
b1197f2cc9b3,1,train_images/train_images,/content/raw/train_images/train_images/b1197f2cc9b3.png,Mild,/content/processed/images_320/b1197f2cc9b3.jpg
8e20b8fac7c3,2,train_images/train_images,/content/raw/train_images/train_images/8e20b8fac7c3.png,Moderate,/content/processed/images_320/8e20b8fac7c3.jpg
b019a49787c1,3,train_images/train_images,/content/raw/train_images/train_images/b019a49787c1.png,Severe,/content/processed/images_320/b019a49787c1.jpg
1d55e689cf84,2,train_images/train_images,/content/raw/train_images/train_images/1d55e689cf84.png,Moderate,/content/processed/images_320/1d55e689cf84.jpg
6fe67fd7f5d1,0,train_images/train_images,/content/raw/train_images/train_images/6fe67fd7f5d1.png,No DR,/content/processed/images_320/6fe67fd7f5d1.jpg
4ccee4db09b6,0,train_images/train_images,/content/raw/train_images/train_images/4ccee4db09b6.png,No DR,/content/processed/images_320/4ccee4db09b6.jpg
92b0d27fc0ec,2,train_images/train_images,/content/raw/train_images/train_images/92b0d27fc0ec.png,Moderate,/content/processed/images_320/92b0d27fc0ec.jpg
51aa3361294c,0,train_images/train_images,/content/raw/train_images/train_images/51aa3361294c.png,No DR,/content/processed/images_320/51aa3361294c.jpg
fa59221cf464,4,test_images/test_images,/content/raw/test_images/test_images/fa59221cf464.png,Proliferative DR,/content/processed/images_320/fa59221cf464.jpg
1b329a127307,1,train_images/train_images,/content/raw/train_images/train_images/1b329a127307.png,Mild,/content/processed/images_320/1b329a127307.jpg
070d4ce5fd90,0,val_images/val_images,/content/raw/val_images/val_images/070d4ce5fd90.png,No DR,/content/processed/images_320/070d4ce5fd90.jpg
45c39ab9e797,2,train_images/train_images,/content/raw/train_images/train_images/45c39ab9e797.png,Moderate,/content/processed/images_320/45c39ab9e797.jpg
5c85d22bd0de,0,train_images/train_images,/content/raw/train_images/train_images/5c85d22bd0de.png,No DR,/content/processed/images_320/5c85d22bd0de.jpg
e81f4a2fbbdc,0,test_images/test_images,/content/raw/test_images/test_images/e81f4a2fbbdc.png,No DR,/content/processed/images_320/e81f4a2fbbdc.jpg
a77eb914b383,0,train_images/train_images,/content/raw/train_images/train_images/a77eb914b383.png,No DR,/content/processed/images_320/a77eb914b383.jpg
1509d097b69a,0,val_images/val_images,/content/raw/val_images/val_images/1509d097b69a.png,No DR,/content/processed/images_320/1509d097b69a.jpg
2ef10194e80d,0,train_images/train_images,/content/raw/train_images/train_images/2ef10194e80d.png,No DR,/content/processed/images_320/2ef10194e80d.jpg
906d02fb822d,0,train_images/train_images,/content/raw/train_images/train_images/906d02fb822d.png,No DR,/content/processed/images_320/906d02fb822d.jpg
3044022c6969,1,train_images/train_images,/content/raw/train_images/train_images/3044022c6969.png,Mild,/content/processed/images_320/3044022c6969.jpg
4d1cf360b2d7,2,train_images/train_images,/content/raw/train_images/train_images/4d1cf360b2d7.png,Moderate,/content/processed/images_320/4d1cf360b2d7.jpg
e66855a5c583,0,test_images/test_images,/content/raw/test_images/test_images/e66855a5c583.png,No DR,/content/processed/images_320/e66855a5c583.jpg
aed4e743c230,2,train_images/train_images,/content/raw/train_images/train_images/aed4e743c230.png,Moderate,/content/processed/images_320/aed4e743c230.jpg
f9aa35187bf3,2,test_images/test_images,/content/raw/test_images/test_images/f9aa35187bf3.png,Moderate,/content/processed/images_320/f9aa35187bf3.jpg
2b5bb6d33959,0,train_images/train_images,/content/raw/train_images/train_images/2b5bb6d33959.png,No DR,/content/processed/images_320/2b5bb6d33959.jpg
82088c6734e6,0,train_images/train_images,/content/raw/train_images/train_images/82088c6734e6.png,No DR,/content/processed/images_320/82088c6734e6.jpg
e83d315d8f98,2,test_images/test_images,/content/raw/test_images/test_images/e83d315d8f98.png,Moderate,/content/processed/images_320/e83d315d8f98.jpg
e724866f5084,2,test_images/test_images,/content/raw/test_images/test_images/e724866f5084.png,Moderate,/content/processed/images_320/e724866f5084.jpg
7269a1d84a57,0,train_images/train_images,/content/raw/train_images/train_images/7269a1d84a57.png,No DR,/content/processed/images_320/7269a1d84a57.jpg
6298468d7d75,1,train_images/train_images,/content/raw/train_images/train_images/6298468d7d75.png,Mild,/content/processed/images_320/6298468d7d75.jpg
523b3f0fc646,1,train_images/train_images,/content/raw/train_images/train_images/523b3f0fc646.png,Mild,/content/processed/images_320/523b3f0fc646.jpg
72c31aa48e2c,0,train_images/train_images,/content/raw/train_images/train_images/72c31aa48e2c.png,No DR,/content/processed/images_320/72c31aa48e2c.jpg
c365c598ad4e,0,train_images/train_images,/content/raw/train_images/train_images/c365c598ad4e.png,No DR,/content/processed/images_320/c365c598ad4e.jpg
bda91b76095b,0,train_images/train_images,/content/raw/train_images/train_images/bda91b76095b.png,No DR,/content/processed/images_320/bda91b76095b.jpg
150f92b45349,0,val_images/val_images,/content/raw/val_images/val_images/150f92b45349.png,No DR,/content/processed/images_320/150f92b45349.jpg
a3d2a0c4cd17,1,train_images/train_images,/content/raw/train_images/train_images/a3d2a0c4cd17.png,Mild,/content/processed/images_320/a3d2a0c4cd17.jpg
da949aa67a4f,0,train_images/train_images,/content/raw/train_images/train_images/da949aa67a4f.png,No DR,/content/processed/images_320/da949aa67a4f.jpg
a7673ac44509,0,train_images/train_images,/content/raw/train_images/train_images/a7673ac44509.png,No DR,/content/processed/images_320/a7673ac44509.jpg
b0f8613305a3,0,train_images/train_images,/content/raw/train_images/train_images/b0f8613305a3.png,No DR,/content/processed/images_320/b0f8613305a3.jpg
2f4e81787d9b,1,train_images/train_images,/content/raw/train_images/train_images/2f4e81787d9b.png,Mild,/content/processed/images_320/2f4e81787d9b.jpg
453a1e2754b2,2,train_images/train_images,/content/raw/train_images/train_images/453a1e2754b2.png,Moderate,/content/processed/images_320/453a1e2754b2.jpg
a30a143a53a3,0,train_images/train_images,/content/raw/train_images/train_images/a30a143a53a3.png,No DR,/content/processed/images_320/a30a143a53a3.jpg
840527bc6628,2,train_images/train_images,/content/raw/train_images/train_images/840527bc6628.png,Moderate,/content/processed/images_320/840527bc6628.jpg
4a589edaea60,0,train_images/train_images,/content/raw/train_images/train_images/4a589edaea60.png,No DR,/content/processed/images_320/4a589edaea60.jpg
79d44db3da2d,4,train_images/train_images,/content/raw/train_images/train_images/79d44db3da2d.png,Proliferative DR,/content/processed/images_320/79d44db3da2d.jpg
0dc8d25b3f69,3,val_images/val_images,/content/raw/val_images/val_images/0dc8d25b3f69.png,Severe,/content/processed/images_320/0dc8d25b3f69.jpg
a07d571bf7ba,0,train_images/train_images,/content/raw/train_images/train_images/a07d571bf7ba.png,No DR,/content/processed/images_320/a07d571bf7ba.jpg
e5f332efcbc7,0,test_images/test_images,/content/raw/test_images/test_images/e5f332efcbc7.png,No DR,/content/processed/images_320/e5f332efcbc7.jpg
687759336b0d,3,train_images/train_images,/content/raw/train_images/train_images/687759336b0d.png,Severe,/content/processed/images_320/687759336b0d.jpg
97f290d31813,0,train_images/train_images,/content/raw/train_images/train_images/97f290d31813.png,No DR,/content/processed/images_320/97f290d31813.jpg
b0b3b16fc305,0,train_images/train_images,/content/raw/train_images/train_images/b0b3b16fc305.png,No DR,/content/processed/images_320/b0b3b16fc305.jpg
61d9c88a3a4b,0,train_images/train_images,/content/raw/train_images/train_images/61d9c88a3a4b.png,No DR,/content/processed/images_320/61d9c88a3a4b.jpg
3af9aaa880e9,0,train_images/train_images,/content/raw/train_images/train_images/3af9aaa880e9.png,No DR,/content/processed/images_320/3af9aaa880e9.jpg
6d7d26025122,4,train_images/train_images,/content/raw/train_images/train_images/6d7d26025122.png,Proliferative DR,/content/processed/images_320/6d7d26025122.jpg
ae61e19fb766,0,train_images/train_images,/content/raw/train_images/train_images/ae61e19fb766.png,No DR,/content/processed/images_320/ae61e19fb766.jpg
dbee04ae6426,2,train_images/train_images,/content/raw/train_images/train_images/dbee04ae6426.png,Moderate,/content/processed/images_320/dbee04ae6426.jpg
f0a2dc580009,0,test_images/test_images,/content/raw/test_images/test_images/f0a2dc580009.png,No DR,/content/processed/images_320/f0a2dc580009.jpg
0dbe6c26cedc,0,val_images/val_images,/content/raw/val_images/val_images/0dbe6c26cedc.png,No DR,/content/processed/images_320/0dbe6c26cedc.jpg
c6a8f8f998a2,0,train_images/train_images,/content/raw/train_images/train_images/c6a8f8f998a2.png,No DR,/content/processed/images_320/c6a8f8f998a2.jpg
2bbd1f99ecc3,3,train_images/train_images,/content/raw/train_images/train_images/2bbd1f99ecc3.png,Severe,/content/processed/images_320/2bbd1f99ecc3.jpg
6d9effbcde78,0,train_images/train_images,/content/raw/train_images/train_images/6d9effbcde78.png,No DR,/content/processed/images_320/6d9effbcde78.jpg
c8905b8d5cf1,2,train_images/train_images,/content/raw/train_images/train_images/c8905b8d5cf1.png,Moderate,/content/processed/images_320/c8905b8d5cf1.jpg
d144144a2f3f,2,train_images/train_images,/content/raw/train_images/train_images/d144144a2f3f.png,Moderate,/content/processed/images_320/d144144a2f3f.jpg
3d3e288d490e,2,train_images/train_images,/content/raw/train_images/train_images/3d3e288d490e.png,Moderate,/content/processed/images_320/3d3e288d490e.jpg
1cb6961d141c,0,train_images/train_images,/content/raw/train_images/train_images/1cb6961d141c.png,No DR,/content/processed/images_320/1cb6961d141c.jpg
a06a63d866b2,0,train_images/train_images,/content/raw/train_images/train_images/a06a63d866b2.png,No DR,/content/processed/images_320/a06a63d866b2.jpg
3f98be586fe3,0,train_images/train_images,/content/raw/train_images/train_images/3f98be586fe3.png,No DR,/content/processed/images_320/3f98be586fe3.jpg
e55188915f9d,1,test_images/test_images,/content/raw/test_images/test_images/e55188915f9d.png,Mild,/content/processed/images_320/e55188915f9d.jpg
ae1344610ebe,2,train_images/train_images,/content/raw/train_images/train_images/ae1344610ebe.png,Moderate,/content/processed/images_320/ae1344610ebe.jpg
9a7bd084395e,2,train_images/train_images,/content/raw/train_images/train_images/9a7bd084395e.png,Moderate,/content/processed/images_320/9a7bd084395e.jpg
0953c0ac1735,2,val_images/val_images,/content/raw/val_images/val_images/0953c0ac1735.png,Moderate,/content/processed/images_320/0953c0ac1735.jpg
3b9817a39adf,0,train_images/train_images,/content/raw/train_images/train_images/3b9817a39adf.png,No DR,/content/processed/images_320/3b9817a39adf.jpg
81371b0c01ad,0,train_images/train_images,/content/raw/train_images/train_images/81371b0c01ad.png,No DR,/content/processed/images_320/81371b0c01ad.jpg
d9e58e4d8689,0,train_images/train_images,/content/raw/train_images/train_images/d9e58e4d8689.png,No DR,/content/processed/images_320/d9e58e4d8689.jpg
a3fcf42ff56d,4,train_images/train_images,/content/raw/train_images/train_images/a3fcf42ff56d.png,Proliferative DR,/content/processed/images_320/a3fcf42ff56d.jpg
f7508f14dd7b,0,test_images/test_images,/content/raw/test_images/test_images/f7508f14dd7b.png,No DR,/content/processed/images_320/f7508f14dd7b.jpg
8650d32f4a9e,0,train_images/train_images,/content/raw/train_images/train_images/8650d32f4a9e.png,No DR,/content/processed/images_320/8650d32f4a9e.jpg
c9c563864ab1,0,train_images/train_images,/content/raw/train_images/train_images/c9c563864ab1.png,No DR,/content/processed/images_320/c9c563864ab1.jpg
c85b79d70079,0,train_images/train_images,/content/raw/train_images/train_images/c85b79d70079.png,No DR,/content/processed/images_320/c85b79d70079.jpg
75c180e04f65,0,train_images/train_images,/content/raw/train_images/train_images/75c180e04f65.png,No DR,/content/processed/images_320/75c180e04f65.jpg
5d024177e214,2,train_images/train_images,/content/raw/train_images/train_images/5d024177e214.png,Moderate,/content/processed/images_320/5d024177e214.jpg
5d4e5fd34d91,0,train_images/train_images,/content/raw/train_images/train_images/5d4e5fd34d91.png,No DR,/content/processed/images_320/5d4e5fd34d91.jpg
7526c59c36d3,0,train_images/train_images,/content/raw/train_images/train_images/7526c59c36d3.png,No DR,/content/processed/images_320/7526c59c36d3.jpg
02cd34a85b24,0,val_images/val_images,/content/raw/val_images/val_images/02cd34a85b24.png,No DR,/content/processed/images_320/02cd34a85b24.jpg
b9b99dad668d,1,train_images/train_images,/content/raw/train_images/train_images/b9b99dad668d.png,Mild,/content/processed/images_320/b9b99dad668d.jpg
5e505e25cd3e,0,train_images/train_images,/content/raw/train_images/train_images/5e505e25cd3e.png,No DR,/content/processed/images_320/5e505e25cd3e.jpg
3fd7df6099e3,2,train_images/train_images,/content/raw/train_images/train_images/3fd7df6099e3.png,Moderate,/content/processed/images_320/3fd7df6099e3.jpg
c1c8550508e0,2,train_images/train_images,/content/raw/train_images/train_images/c1c8550508e0.png,Moderate,/content/processed/images_320/c1c8550508e0.jpg
00cb6555d108,1,val_images/val_images,/content/raw/val_images/val_images/00cb6555d108.png,Mild,/content/processed/images_320/00cb6555d108.jpg
ee3fe7809e6a,0,test_images/test_images,/content/raw/test_images/test_images/ee3fe7809e6a.png,No DR,/content/processed/images_320/ee3fe7809e6a.jpg
7c2e852171c0,0,train_images/train_images,/content/raw/train_images/train_images/7c2e852171c0.png,No DR,/content/processed/images_320/7c2e852171c0.jpg
74211a2b6dcf,0,train_images/train_images,/content/raw/train_images/train_images/74211a2b6dcf.png,No DR,/content/processed/images_320/74211a2b6dcf.jpg
cd48cfab4e44,0,train_images/train_images,/content/raw/train_images/train_images/cd48cfab4e44.png,No DR,/content/processed/images_320/cd48cfab4e44.jpg
7b691d9ced34,0,train_images/train_images,/content/raw/train_images/train_images/7b691d9ced34.png,No DR,/content/processed/images_320/7b691d9ced34.jpg
1120f6d08d95,2,val_images/val_images,/content/raw/val_images/val_images/1120f6d08d95.png,Moderate,/content/processed/images_320/1120f6d08d95.jpg
e6a58edc5b42,2,test_images/test_images,/content/raw/test_images/test_images/e6a58edc5b42.png,Moderate,/content/processed/images_320/e6a58edc5b42.jpg
be21d8b60e2a,2,train_images/train_images,/content/raw/train_images/train_images/be21d8b60e2a.png,Moderate,/content/processed/images_320/be21d8b60e2a.jpg
807135cbc438,2,train_images/train_images,/content/raw/train_images/train_images/807135cbc438.png,Moderate,/content/processed/images_320/807135cbc438.jpg
62ab144d5cee,2,train_images/train_images,/content/raw/train_images/train_images/62ab144d5cee.png,Moderate,/content/processed/images_320/62ab144d5cee.jpg
47536db39f00,0,train_images/train_images,/content/raw/train_images/train_images/47536db39f00.png,No DR,/content/processed/images_320/47536db39f00.jpg
2a2274bcb00a,0,train_images/train_images,/content/raw/train_images/train_images/2a2274bcb00a.png,No DR,/content/processed/images_320/2a2274bcb00a.jpg
7ef5ff774a48,1,train_images/train_images,/content/raw/train_images/train_images/7ef5ff774a48.png,Mild,/content/processed/images_320/7ef5ff774a48.jpg
50d8249f7bc9,0,train_images/train_images,/content/raw/train_images/train_images/50d8249f7bc9.png,No DR,/content/processed/images_320/50d8249f7bc9.jpg
05e9126dfa5c,0,val_images/val_images,/content/raw/val_images/val_images/05e9126dfa5c.png,No DR,/content/processed/images_320/05e9126dfa5c.jpg
f762c272c522,1,test_images/test_images,/content/raw/test_images/test_images/f762c272c522.png,Mild,/content/processed/images_320/f762c272c522.jpg
90b8bf342032,3,train_images/train_images,/content/raw/train_images/train_images/90b8bf342032.png,Severe,/content/processed/images_320/90b8bf342032.jpg
98f48850ebce,2,train_images/train_images,/content/raw/train_images/train_images/98f48850ebce.png,Moderate,/content/processed/images_320/98f48850ebce.jpg
437900a99871,2,train_images/train_images,/content/raw/train_images/train_images/437900a99871.png,Moderate,/content/processed/images_320/437900a99871.jpg
d25b8a8ad3c4,2,train_images/train_images,/content/raw/train_images/train_images/d25b8a8ad3c4.png,Moderate,/content/processed/images_320/d25b8a8ad3c4.jpg
2994f17f58a5,1,train_images/train_images,/content/raw/train_images/train_images/2994f17f58a5.png,Mild,/content/processed/images_320/2994f17f58a5.jpg
66d2ca47aa44,2,train_images/train_images,/content/raw/train_images/train_images/66d2ca47aa44.png,Moderate,/content/processed/images_320/66d2ca47aa44.jpg
8d3d67661620,2,train_images/train_images,/content/raw/train_images/train_images/8d3d67661620.png,Moderate,/content/processed/images_320/8d3d67661620.jpg
912fbe06407e,0,train_images/train_images,/content/raw/train_images/train_images/912fbe06407e.png,No DR,/content/processed/images_320/912fbe06407e.jpg
014508ccb9cb,0,val_images/val_images,/content/raw/val_images/val_images/014508ccb9cb.png,No DR,/content/processed/images_320/014508ccb9cb.jpg
4ef16a53d899,0,train_images/train_images,/content/raw/train_images/train_images/4ef16a53d899.png,No DR,/content/processed/images_320/4ef16a53d899.jpg
bfe467b7e997,2,train_images/train_images,/content/raw/train_images/train_images/bfe467b7e997.png,Moderate,/content/processed/images_320/bfe467b7e997.jpg
1bea04b2bb2d,2,train_images/train_images,/content/raw/train_images/train_images/1bea04b2bb2d.png,Moderate,/content/processed/images_320/1bea04b2bb2d.jpg
916915f01e17,0,train_images/train_images,/content/raw/train_images/train_images/916915f01e17.png,No DR,/content/processed/images_320/916915f01e17.jpg
c6f5b5b5be41,0,train_images/train_images,/content/raw/train_images/train_images/c6f5b5b5be41.png,No DR,/content/processed/images_320/c6f5b5b5be41.jpg
63363410389a,1,train_images/train_images,/content/raw/train_images/train_images/63363410389a.png,Mild,/content/processed/images_320/63363410389a.jpg
a8aed92940fb,0,train_images/train_images,/content/raw/train_images/train_images/a8aed92940fb.png,No DR,/content/processed/images_320/a8aed92940fb.jpg
e4151feb8443,2,train_images/train_images,/content/raw/train_images/train_images/e4151feb8443.png,Moderate,/content/processed/images_320/e4151feb8443.jpg
42cc993f23a9,3,train_images/train_images,/content/raw/train_images/train_images/42cc993f23a9.png,Severe,/content/processed/images_320/42cc993f23a9.jpg
e96099b961b4,2,test_images/test_images,/content/raw/test_images/test_images/e96099b961b4.png,Moderate,/content/processed/images_320/e96099b961b4.jpg
3c42512c81e0,0,train_images/train_images,/content/raw/train_images/train_images/3c42512c81e0.png,No DR,/content/processed/images_320/3c42512c81e0.jpg
ea7e21bab610,0,test_images/test_images,/content/raw/test_images/test_images/ea7e21bab610.png,No DR,/content/processed/images_320/ea7e21bab610.jpg
d85a842d20bd,2,train_images/train_images,/content/raw/train_images/train_images/d85a842d20bd.png,Moderate,/content/processed/images_320/d85a842d20bd.jpg
3908b3cfd620,0,train_images/train_images,/content/raw/train_images/train_images/3908b3cfd620.png,No DR,/content/processed/images_320/3908b3cfd620.jpg
0af296d2f04a,2,val_images/val_images,/content/raw/val_images/val_images/0af296d2f04a.png,Moderate,/content/processed/images_320/0af296d2f04a.jpg
62cc7ddb53b6,2,train_images/train_images,/content/raw/train_images/train_images/62cc7ddb53b6.png,Moderate,/content/processed/images_320/62cc7ddb53b6.jpg
09f6ab477654,2,val_images/val_images,/content/raw/val_images/val_images/09f6ab477654.png,Moderate,/content/processed/images_320/09f6ab477654.jpg
83a63c4a3e4a,0,train_images/train_images,/content/raw/train_images/train_images/83a63c4a3e4a.png,No DR,/content/processed/images_320/83a63c4a3e4a.jpg
4489d421e5aa,2,train_images/train_images,/content/raw/train_images/train_images/4489d421e5aa.png,Moderate,/content/processed/images_320/4489d421e5aa.jpg
870f433e8f37,0,train_images/train_images,/content/raw/train_images/train_images/870f433e8f37.png,No DR,/content/processed/images_320/870f433e8f37.jpg
bb783d8e496f,1,train_images/train_images,/content/raw/train_images/train_images/bb783d8e496f.png,Mild,/content/processed/images_320/bb783d8e496f.jpg
b7a1bb106051,0,train_images/train_images,/content/raw/train_images/train_images/b7a1bb106051.png,No DR,/content/processed/images_320/b7a1bb106051.jpg
e7defafeb957,2,test_images/test_images,/content/raw/test_images/test_images/e7defafeb957.png,Moderate,/content/processed/images_320/e7defafeb957.jpg
8acdf12f412a,0,train_images/train_images,/content/raw/train_images/train_images/8acdf12f412a.png,No DR,/content/processed/images_320/8acdf12f412a.jpg
2b07790a2422,2,train_images/train_images,/content/raw/train_images/train_images/2b07790a2422.png,Moderate,/content/processed/images_320/2b07790a2422.jpg
7347f5133a6a,1,train_images/train_images,/content/raw/train_images/train_images/7347f5133a6a.png,Mild,/content/processed/images_320/7347f5133a6a.jpg
23d7ca170bdb,2,train_images/train_images,/content/raw/train_images/train_images/23d7ca170bdb.png,Moderate,/content/processed/images_320/23d7ca170bdb.jpg
2ecbc2e3f239,1,train_images/train_images,/content/raw/train_images/train_images/2ecbc2e3f239.png,Mild,/content/processed/images_320/2ecbc2e3f239.jpg
3a6e9730b298,4,train_images/train_images,/content/raw/train_images/train_images/3a6e9730b298.png,Proliferative DR,/content/processed/images_320/3a6e9730b298.jpg
3f73c91b7e32,1,train_images/train_images,/content/raw/train_images/train_images/3f73c91b7e32.png,Mild,/content/processed/images_320/3f73c91b7e32.jpg
1a1b4b2450ca,2,val_images/val_images,/content/raw/val_images/val_images/1a1b4b2450ca.png,Moderate,/content/processed/images_320/1a1b4b2450ca.jpg
c97472ef2c66,0,train_images/train_images,/content/raw/train_images/train_images/c97472ef2c66.png,No DR,/content/processed/images_320/c97472ef2c66.jpg
1a0dbc6c0cda,0,val_images/val_images,/content/raw/val_images/val_images/1a0dbc6c0cda.png,No DR,/content/processed/images_320/1a0dbc6c0cda.jpg
705f508d1e42,0,train_images/train_images,/content/raw/train_images/train_images/705f508d1e42.png,No DR,/content/processed/images_320/705f508d1e42.jpg
2a2a6435f7f3,0,train_images/train_images,/content/raw/train_images/train_images/2a2a6435f7f3.png,No DR,/content/processed/images_320/2a2a6435f7f3.jpg
c3a82acb7d7a,3,train_images/train_images,/content/raw/train_images/train_images/c3a82acb7d7a.png,Severe,/content/processed/images_320/c3a82acb7d7a.jpg
5b32ece9c627,0,train_images/train_images,/content/raw/train_images/train_images/5b32ece9c627.png,No DR,/content/processed/images_320/5b32ece9c627.jpg
b72f59b85f7c,0,train_images/train_images,/content/raw/train_images/train_images/b72f59b85f7c.png,No DR,/content/processed/images_320/b72f59b85f7c.jpg
094858f005ab,2,val_images/val_images,/content/raw/val_images/val_images/094858f005ab.png,Moderate,/content/processed/images_320/094858f005ab.jpg
3f0d3629d69e,0,train_images/train_images,/content/raw/train_images/train_images/3f0d3629d69e.png,No DR,/content/processed/images_320/3f0d3629d69e.jpg
ecad6845f630,0,test_images/test_images,/content/raw/test_images/test_images/ecad6845f630.png,No DR,/content/processed/images_320/ecad6845f630.jpg
bb2f89488ecd,0,train_images/train_images,/content/raw/train_images/train_images/bb2f89488ecd.png,No DR,/content/processed/images_320/bb2f89488ecd.jpg
f02babb3a023,0,test_images/test_images,/content/raw/test_images/test_images/f02babb3a023.png,No DR,/content/processed/images_320/f02babb3a023.jpg
cbc23af521f3,0,train_images/train_images,/content/raw/train_images/train_images/cbc23af521f3.png,No DR,/content/processed/images_320/cbc23af521f3.jpg
8ff863f8874f,1,train_images/train_images,/content/raw/train_images/train_images/8ff863f8874f.png,Mild,/content/processed/images_320/8ff863f8874f.jpg
beeca5f14618,0,train_images/train_images,/content/raw/train_images/train_images/beeca5f14618.png,No DR,/content/processed/images_320/beeca5f14618.jpg
196e6a186452,2,val_images/val_images,/content/raw/val_images/val_images/196e6a186452.png,Moderate,/content/processed/images_320/196e6a186452.jpg
1f31701dd61b,0,train_images/train_images,/content/raw/train_images/train_images/1f31701dd61b.png,No DR,/content/processed/images_320/1f31701dd61b.jpg
63b4d030b016,4,train_images/train_images,/content/raw/train_images/train_images/63b4d030b016.png,Proliferative DR,/content/processed/images_320/63b4d030b016.jpg
8d13c46e7d75,0,train_images/train_images,/content/raw/train_images/train_images/8d13c46e7d75.png,No DR,/content/processed/images_320/8d13c46e7d75.jpg
65e530ee2e79,2,train_images/train_images,/content/raw/train_images/train_images/65e530ee2e79.png,Moderate,/content/processed/images_320/65e530ee2e79.jpg
dd3176bacfe2,0,train_images/train_images,/content/raw/train_images/train_images/dd3176bacfe2.png,No DR,/content/processed/images_320/dd3176bacfe2.jpg
6fb656d506b2,3,train_images/train_images,/content/raw/train_images/train_images/6fb656d506b2.png,Severe,/content/processed/images_320/6fb656d506b2.jpg
4cae247d9909,1,train_images/train_images,/content/raw/train_images/train_images/4cae247d9909.png,Mild,/content/processed/images_320/4cae247d9909.jpg
780be525036d,0,train_images/train_images,/content/raw/train_images/train_images/780be525036d.png,No DR,/content/processed/images_320/780be525036d.jpg
4df6a81b476e,3,train_images/train_images,/content/raw/train_images/train_images/4df6a81b476e.png,Severe,/content/processed/images_320/4df6a81b476e.jpg
15bed5adde74,3,val_images/val_images,/content/raw/val_images/val_images/15bed5adde74.png,Severe,/content/processed/images_320/15bed5adde74.jpg
65a3b13ad9a0,0,train_images/train_images,/content/raw/train_images/train_images/65a3b13ad9a0.png,No DR,/content/processed/images_320/65a3b13ad9a0.jpg
ec6f1797a25a,0,test_images/test_images,/content/raw/test_images/test_images/ec6f1797a25a.png,No DR,/content/processed/images_320/ec6f1797a25a.jpg
f80118bbda18,2,test_images/test_images,/content/raw/test_images/test_images/f80118bbda18.png,Moderate,/content/processed/images_320/f80118bbda18.jpg
a81b06f50612,4,train_images/train_images,/content/raw/train_images/train_images/a81b06f50612.png,Proliferative DR,/content/processed/images_320/a81b06f50612.jpg
c561bcd519e9,2,train_images/train_images,/content/raw/train_images/train_images/c561bcd519e9.png,Moderate,/content/processed/images_320/c561bcd519e9.jpg
15528e740543,2,val_images/val_images,/content/raw/val_images/val_images/15528e740543.png,Moderate,/content/processed/images_320/15528e740543.jpg
a4d41c495666,2,train_images/train_images,/content/raw/train_images/train_images/a4d41c495666.png,Moderate,/content/processed/images_320/a4d41c495666.jpg
260a455692b5,0,train_images/train_images,/content/raw/train_images/train_images/260a455692b5.png,No DR,/content/processed/images_320/260a455692b5.jpg
9b95d6203406,2,train_images/train_images,/content/raw/train_images/train_images/9b95d6203406.png,Moderate,/content/processed/images_320/9b95d6203406.jpg
1b8ad0afe9fb,2,train_images/train_images,/content/raw/train_images/train_images/1b8ad0afe9fb.png,Moderate,/content/processed/images_320/1b8ad0afe9fb.jpg
65c958379680,4,train_images/train_images,/content/raw/train_images/train_images/65c958379680.png,Proliferative DR,/content/processed/images_320/65c958379680.jpg
1ae3c58759fb,0,val_images/val_images,/content/raw/val_images/val_images/1ae3c58759fb.png,No DR,/content/processed/images_320/1ae3c58759fb.jpg
cf8f1bc7a215,0,train_images/train_images,/content/raw/train_images/train_images/cf8f1bc7a215.png,No DR,/content/processed/images_320/cf8f1bc7a215.jpg
b3c0c3330278,2,train_images/train_images,/content/raw/train_images/train_images/b3c0c3330278.png,Moderate,/content/processed/images_320/b3c0c3330278.jpg
38487e1a5b1f,2,train_images/train_images,/content/raw/train_images/train_images/38487e1a5b1f.png,Moderate,/content/processed/images_320/38487e1a5b1f.jpg
4a0890b08532,2,train_images/train_images,/content/raw/train_images/train_images/4a0890b08532.png,Moderate,/content/processed/images_320/4a0890b08532.jpg
0cecc2864b7f,0,val_images/val_images,/content/raw/val_images/val_images/0cecc2864b7f.png,No DR,/content/processed/images_320/0cecc2864b7f.jpg
a247961a5cd9,0,train_images/train_images,/content/raw/train_images/train_images/a247961a5cd9.png,No DR,/content/processed/images_320/a247961a5cd9.jpg
6d10709053ae,0,train_images/train_images,/content/raw/train_images/train_images/6d10709053ae.png,No DR,/content/processed/images_320/6d10709053ae.jpg
91e8af9ceee9,2,train_images/train_images,/content/raw/train_images/train_images/91e8af9ceee9.png,Moderate,/content/processed/images_320/91e8af9ceee9.jpg
da9262d9f5d9,0,train_images/train_images,/content/raw/train_images/train_images/da9262d9f5d9.png,No DR,/content/processed/images_320/da9262d9f5d9.jpg
f7fec8935126,1,test_images/test_images,/content/raw/test_images/test_images/f7fec8935126.png,Mild,/content/processed/images_320/f7fec8935126.jpg
3601dac9bed7,0,train_images/train_images,/content/raw/train_images/train_images/3601dac9bed7.png,No DR,/content/processed/images_320/3601dac9bed7.jpg
12e6e66c80a7,2,val_images/val_images,/content/raw/val_images/val_images/12e6e66c80a7.png,Moderate,/content/processed/images_320/12e6e66c80a7.jpg
6531070bf03c,2,train_images/train_images,/content/raw/train_images/train_images/6531070bf03c.png,Moderate,/content/processed/images_320/6531070bf03c.jpg
9f5a8665cf2e,2,train_images/train_images,/content/raw/train_images/train_images/9f5a8665cf2e.png,Moderate,/content/processed/images_320/9f5a8665cf2e.jpg
04579e31e4be,0,val_images/val_images,/content/raw/val_images/val_images/04579e31e4be.png,No DR,/content/processed/images_320/04579e31e4be.jpg
d994203deb64,2,train_images/train_images,/content/raw/train_images/train_images/d994203deb64.png,Moderate,/content/processed/images_320/d994203deb64.jpg
ab50123abadb,2,train_images/train_images,/content/raw/train_images/train_images/ab50123abadb.png,Moderate,/content/processed/images_320/ab50123abadb.jpg
82e5bc01f8a4,0,train_images/train_images,/content/raw/train_images/train_images/82e5bc01f8a4.png,No DR,/content/processed/images_320/82e5bc01f8a4.jpg
44878f34e31f,0,train_images/train_images,/content/raw/train_images/train_images/44878f34e31f.png,No DR,/content/processed/images_320/44878f34e31f.jpg
a4b8de38eac1,3,train_images/train_images,/content/raw/train_images/train_images/a4b8de38eac1.png,Severe,/content/processed/images_320/a4b8de38eac1.jpg
1e8a1fdee5b9,1,train_images/train_images,/content/raw/train_images/train_images/1e8a1fdee5b9.png,Mild,/content/processed/images_320/1e8a1fdee5b9.jpg
49386d603494,1,train_images/train_images,/content/raw/train_images/train_images/49386d603494.png,Mild,/content/processed/images_320/49386d603494.jpg
fe06dad6851c,0,test_images/test_images,/content/raw/test_images/test_images/fe06dad6851c.png,No DR,/content/processed/images_320/fe06dad6851c.jpg
be68322c7223,2,train_images/train_images,/content/raw/train_images/train_images/be68322c7223.png,Moderate,/content/processed/images_320/be68322c7223.jpg
0fe31196e0e8,0,val_images/val_images,/content/raw/val_images/val_images/0fe31196e0e8.png,No DR,/content/processed/images_320/0fe31196e0e8.jpg
0e0fc1d9810c,4,val_images/val_images,/content/raw/val_images/val_images/0e0fc1d9810c.png,Proliferative DR,/content/processed/images_320/0e0fc1d9810c.jpg
e5f73f2855c0,0,test_images/test_images,/content/raw/test_images/test_images/e5f73f2855c0.png,No DR,/content/processed/images_320/e5f73f2855c0.jpg
436e7a7af761,0,train_images/train_images,/content/raw/train_images/train_images/436e7a7af761.png,No DR,/content/processed/images_320/436e7a7af761.jpg
9f935fb38440,0,train_images/train_images,/content/raw/train_images/train_images/9f935fb38440.png,No DR,/content/processed/images_320/9f935fb38440.jpg
ca7f5caddf96,2,train_images/train_images,/content/raw/train_images/train_images/ca7f5caddf96.png,Moderate,/content/processed/images_320/ca7f5caddf96.jpg
930fee99213a,0,train_images/train_images,/content/raw/train_images/train_images/930fee99213a.png,No DR,/content/processed/images_320/930fee99213a.jpg
971bb98ab935,0,train_images/train_images,/content/raw/train_images/train_images/971bb98ab935.png,No DR,/content/processed/images_320/971bb98ab935.jpg
17eff993386f,1,val_images/val_images,/content/raw/val_images/val_images/17eff993386f.png,Mild,/content/processed/images_320/17eff993386f.jpg
9d75de31f1b8,0,train_images/train_images,/content/raw/train_images/train_images/9d75de31f1b8.png,No DR,/content/processed/images_320/9d75de31f1b8.jpg
41960d5f58c2,0,train_images/train_images,/content/raw/train_images/train_images/41960d5f58c2.png,No DR,/content/processed/images_320/41960d5f58c2.jpg
b640e3bdff75,1,train_images/train_images,/content/raw/train_images/train_images/b640e3bdff75.png,Mild,/content/processed/images_320/b640e3bdff75.jpg
49c5e7f6b8d2,1,train_images/train_images,/content/raw/train_images/train_images/49c5e7f6b8d2.png,Mild,/content/processed/images_320/49c5e7f6b8d2.jpg
a1b12fdce6c3,2,train_images/train_images,/content/raw/train_images/train_images/a1b12fdce6c3.png,Moderate,/content/processed/images_320/a1b12fdce6c3.jpg
7e160c8b611e,3,train_images/train_images,/content/raw/train_images/train_images/7e160c8b611e.png,Severe,/content/processed/images_320/7e160c8b611e.jpg
9bbb6c455913,0,train_images/train_images,/content/raw/train_images/train_images/9bbb6c455913.png,No DR,/content/processed/images_320/9bbb6c455913.jpg
bb08949dd70a,0,train_images/train_images,/content/raw/train_images/train_images/bb08949dd70a.png,No DR,/content/processed/images_320/bb08949dd70a.jpg
5b76117c4bcb,4,train_images/train_images,/content/raw/train_images/train_images/5b76117c4bcb.png,Proliferative DR,/content/processed/images_320/5b76117c4bcb.jpg
49e4b95ee2dc,0,train_images/train_images,/content/raw/train_images/train_images/49e4b95ee2dc.png,No DR,/content/processed/images_320/49e4b95ee2dc.jpg
53704c80f0d8,1,train_images/train_images,/content/raw/train_images/train_images/53704c80f0d8.png,Mild,/content/processed/images_320/53704c80f0d8.jpg
5b1c4cefeb24,0,train_images/train_images,/content/raw/train_images/train_images/5b1c4cefeb24.png,No DR,/content/processed/images_320/5b1c4cefeb24.jpg
a8dea22ef903,0,train_images/train_images,/content/raw/train_images/train_images/a8dea22ef903.png,No DR,/content/processed/images_320/a8dea22ef903.jpg
2e79041ef722,2,train_images/train_images,/content/raw/train_images/train_images/2e79041ef722.png,Moderate,/content/processed/images_320/2e79041ef722.jpg
0babc12807b2,0,val_images/val_images,/content/raw/val_images/val_images/0babc12807b2.png,No DR,/content/processed/images_320/0babc12807b2.jpg
1b495ac025b7,3,train_images/train_images,/content/raw/train_images/train_images/1b495ac025b7.png,Severe,/content/processed/images_320/1b495ac025b7.jpg
92889b863ae6,0,train_images/train_images,/content/raw/train_images/train_images/92889b863ae6.png,No DR,/content/processed/images_320/92889b863ae6.jpg
3c726de3ee90,1,train_images/train_images,/content/raw/train_images/train_images/3c726de3ee90.png,Mild,/content/processed/images_320/3c726de3ee90.jpg
698d6e422a80,2,train_images/train_images,/content/raw/train_images/train_images/698d6e422a80.png,Moderate,/content/processed/images_320/698d6e422a80.jpg
ac720570dd0f,2,train_images/train_images,/content/raw/train_images/train_images/ac720570dd0f.png,Moderate,/content/processed/images_320/ac720570dd0f.jpg
4818672273af,2,train_images/train_images,/content/raw/train_images/train_images/4818672273af.png,Moderate,/content/processed/images_320/4818672273af.jpg
69591ebb198d,2,train_images/train_images,/content/raw/train_images/train_images/69591ebb198d.png,Moderate,/content/processed/images_320/69591ebb198d.jpg
99132193eaa0,1,train_images/train_images,/content/raw/train_images/train_images/99132193eaa0.png,Mild,/content/processed/images_320/99132193eaa0.jpg
c7b622ec8104,1,train_images/train_images,/content/raw/train_images/train_images/c7b622ec8104.png,Mild,/content/processed/images_320/c7b622ec8104.jpg
a8c9fcdbc0be,0,train_images/train_images,/content/raw/train_images/train_images/a8c9fcdbc0be.png,No DR,/content/processed/images_320/a8c9fcdbc0be.jpg
82deb07a6618,2,train_images/train_images,/content/raw/train_images/train_images/82deb07a6618.png,Moderate,/content/processed/images_320/82deb07a6618.jpg
c373b73a80c8,0,train_images/train_images,/content/raw/train_images/train_images/c373b73a80c8.png,No DR,/content/processed/images_320/c373b73a80c8.jpg
07122e268a1d,4,val_images/val_images,/content/raw/val_images/val_images/07122e268a1d.png,Proliferative DR,/content/processed/images_320/07122e268a1d.jpg
2399d68d407f,0,train_images/train_images,/content/raw/train_images/train_images/2399d68d407f.png,No DR,/content/processed/images_320/2399d68d407f.jpg
e3ec668f6fad,4,train_images/train_images,/content/raw/train_images/train_images/e3ec668f6fad.png,Proliferative DR,/content/processed/images_320/e3ec668f6fad.jpg
98e8adcf085c,2,train_images/train_images,/content/raw/train_images/train_images/98e8adcf085c.png,Moderate,/content/processed/images_320/98e8adcf085c.jpg
d18aea8238a0,2,train_images/train_images,/content/raw/train_images/train_images/d18aea8238a0.png,Moderate,/content/processed/images_320/d18aea8238a0.jpg
2cceb07ff706,2,train_images/train_images,/content/raw/train_images/train_images/2cceb07ff706.png,Moderate,/content/processed/images_320/2cceb07ff706.jpg
3079490a4b9c,0,train_images/train_images,/content/raw/train_images/train_images/3079490a4b9c.png,No DR,/content/processed/images_320/3079490a4b9c.jpg
0ae2dd2e09ea,0,val_images/val_images,/content/raw/val_images/val_images/0ae2dd2e09ea.png,No DR,/content/processed/images_320/0ae2dd2e09ea.jpg
92e3d608fd3c,0,train_images/train_images,/content/raw/train_images/train_images/92e3d608fd3c.png,No DR,/content/processed/images_320/92e3d608fd3c.jpg
ca9c912ebad7,2,train_images/train_images,/content/raw/train_images/train_images/ca9c912ebad7.png,Moderate,/content/processed/images_320/ca9c912ebad7.jpg
8b568d47a1fd,0,train_images/train_images,/content/raw/train_images/train_images/8b568d47a1fd.png,No DR,/content/processed/images_320/8b568d47a1fd.jpg
384631079d1e,1,train_images/train_images,/content/raw/train_images/train_images/384631079d1e.png,Mild,/content/processed/images_320/384631079d1e.jpg
46acc506fa61,0,train_images/train_images,/content/raw/train_images/train_images/46acc506fa61.png,No DR,/content/processed/images_320/46acc506fa61.jpg
18b06f56ab27,1,val_images/val_images,/content/raw/val_images/val_images/18b06f56ab27.png,Mild,/content/processed/images_320/18b06f56ab27.jpg
9033f1493da1,2,train_images/train_images,/content/raw/train_images/train_images/9033f1493da1.png,Moderate,/content/processed/images_320/9033f1493da1.jpg
8d62ba9cb22a,2,train_images/train_images,/content/raw/train_images/train_images/8d62ba9cb22a.png,Moderate,/content/processed/images_320/8d62ba9cb22a.jpg
f85c78201a50,0,test_images/test_images,/content/raw/test_images/test_images/f85c78201a50.png,No DR,/content/processed/images_320/f85c78201a50.jpg
b89938407ee6,2,train_images/train_images,/content/raw/train_images/train_images/b89938407ee6.png,Moderate,/content/processed/images_320/b89938407ee6.jpg
e23add229074,4,train_images/train_images,/content/raw/train_images/train_images/e23add229074.png,Proliferative DR,/content/processed/images_320/e23add229074.jpg
6c315ad3d07f,2,train_images/train_images,/content/raw/train_images/train_images/6c315ad3d07f.png,Moderate,/content/processed/images_320/6c315ad3d07f.jpg
45369821d6a3,0,train_images/train_images,/content/raw/train_images/train_images/45369821d6a3.png,No DR,/content/processed/images_320/45369821d6a3.jpg
272d9c043c81,2,train_images/train_images,/content/raw/train_images/train_images/272d9c043c81.png,Moderate,/content/processed/images_320/272d9c043c81.jpg
c5a0e84e955d,0,train_images/train_images,/content/raw/train_images/train_images/c5a0e84e955d.png,No DR,/content/processed/images_320/c5a0e84e955d.jpg
ec4649213ccf,1,test_images/test_images,/content/raw/test_images/test_images/ec4649213ccf.png,Mild,/content/processed/images_320/ec4649213ccf.jpg
f02956bd7c50,0,test_images/test_images,/content/raw/test_images/test_images/f02956bd7c50.png,No DR,/content/processed/images_320/f02956bd7c50.jpg
e6f0ce5bf282,2,test_images/test_images,/content/raw/test_images/test_images/e6f0ce5bf282.png,Moderate,/content/processed/images_320/e6f0ce5bf282.jpg
c67117c6ab3b,3,train_images/train_images,/content/raw/train_images/train_images/c67117c6ab3b.png,Severe,/content/processed/images_320/c67117c6ab3b.jpg
c1e6fa1ad314,1,train_images/train_images,/content/raw/train_images/train_images/c1e6fa1ad314.png,Mild,/content/processed/images_320/c1e6fa1ad314.jpg
a2ddabee14e9,4,train_images/train_images,/content/raw/train_images/train_images/a2ddabee14e9.png,Proliferative DR,/content/processed/images_320/a2ddabee14e9.jpg
274f5029189b,1,train_images/train_images,/content/raw/train_images/train_images/274f5029189b.png,Mild,/content/processed/images_320/274f5029189b.jpg
10f10fd30718,0,val_images/val_images,/content/raw/val_images/val_images/10f10fd30718.png,No DR,/content/processed/images_320/10f10fd30718.jpg
45ae04cfde5d,2,train_images/train_images,/content/raw/train_images/train_images/45ae04cfde5d.png,Moderate,/content/processed/images_320/45ae04cfde5d.jpg
103abbd8b63e,0,val_images/val_images,/content/raw/val_images/val_images/103abbd8b63e.png,No DR,/content/processed/images_320/103abbd8b63e.jpg
8860c7b11530,2,train_images/train_images,/content/raw/train_images/train_images/8860c7b11530.png,Moderate,/content/processed/images_320/8860c7b11530.jpg
ae2e888905ba,0,train_images/train_images,/content/raw/train_images/train_images/ae2e888905ba.png,No DR,/content/processed/images_320/ae2e888905ba.jpg
496155f71d0a,0,train_images/train_images,/content/raw/train_images/train_images/496155f71d0a.png,No DR,/content/processed/images_320/496155f71d0a.jpg
aa10a4b2e709,0,train_images/train_images,/content/raw/train_images/train_images/aa10a4b2e709.png,No DR,/content/processed/images_320/aa10a4b2e709.jpg
6324d77cf926,0,train_images/train_images,/content/raw/train_images/train_images/6324d77cf926.png,No DR,/content/processed/images_320/6324d77cf926.jpg
3323fd59782e,0,train_images/train_images,/content/raw/train_images/train_images/3323fd59782e.png,No DR,/content/processed/images_320/3323fd59782e.jpg
54dc6e8107cd,2,train_images/train_images,/content/raw/train_images/train_images/54dc6e8107cd.png,Moderate,/content/processed/images_320/54dc6e8107cd.jpg
e65f94ad9be3,2,test_images/test_images,/content/raw/test_images/test_images/e65f94ad9be3.png,Moderate,/content/processed/images_320/e65f94ad9be3.jpg
4926dea289f8,0,train_images/train_images,/content/raw/train_images/train_images/4926dea289f8.png,No DR,/content/processed/images_320/4926dea289f8.jpg
115e42dd6a81,2,val_images/val_images,/content/raw/val_images/val_images/115e42dd6a81.png,Moderate,/content/processed/images_320/115e42dd6a81.jpg
20688cb25704,2,train_images/train_images,/content/raw/train_images/train_images/20688cb25704.png,Moderate,/content/processed/images_320/20688cb25704.jpg
457c7c927e27,3,train_images/train_images,/content/raw/train_images/train_images/457c7c927e27.png,Severe,/content/processed/images_320/457c7c927e27.jpg
97d02a9b94f7,0,train_images/train_images,/content/raw/train_images/train_images/97d02a9b94f7.png,No DR,/content/processed/images_320/97d02a9b94f7.jpg
43fb6eda9b97,2,train_images/train_images,/content/raw/train_images/train_images/43fb6eda9b97.png,Moderate,/content/processed/images_320/43fb6eda9b97.jpg
7d3835e4e63a,3,train_images/train_images,/content/raw/train_images/train_images/7d3835e4e63a.png,Severe,/content/processed/images_320/7d3835e4e63a.jpg
cd29c88c9e36,2,train_images/train_images,/content/raw/train_images/train_images/cd29c88c9e36.png,Moderate,/content/processed/images_320/cd29c88c9e36.jpg
0b3efe669365,0,val_images/val_images,/content/raw/val_images/val_images/0b3efe669365.png,No DR,/content/processed/images_320/0b3efe669365.jpg
4cddfc22b0ad,0,train_images/train_images,/content/raw/train_images/train_images/4cddfc22b0ad.png,No DR,/content/processed/images_320/4cddfc22b0ad.jpg
99c626e58464,0,train_images/train_images,/content/raw/train_images/train_images/99c626e58464.png,No DR,/content/processed/images_320/99c626e58464.jpg
a2811f512c1c,0,train_images/train_images,/content/raw/train_images/train_images/a2811f512c1c.png,No DR,/content/processed/images_320/a2811f512c1c.jpg
896ad584a841,0,train_images/train_images,/content/raw/train_images/train_images/896ad584a841.png,No DR,/content/processed/images_320/896ad584a841.jpg
e2ec22b3d07e,0,train_images/train_images,/content/raw/train_images/train_images/e2ec22b3d07e.png,No DR,/content/processed/images_320/e2ec22b3d07e.jpg
ef81cd8854cb,0,test_images/test_images,/content/raw/test_images/test_images/ef81cd8854cb.png,No DR,/content/processed/images_320/ef81cd8854cb.jpg
702de9dcde32,4,train_images/train_images,/content/raw/train_images/train_images/702de9dcde32.png,Proliferative DR,/content/processed/images_320/702de9dcde32.jpg
d1afdb8cf70d,0,train_images/train_images,/content/raw/train_images/train_images/d1afdb8cf70d.png,No DR,/content/processed/images_320/d1afdb8cf70d.jpg
9d1feed37610,0,train_images/train_images,/content/raw/train_images/train_images/9d1feed37610.png,No DR,/content/processed/images_320/9d1feed37610.jpg
b3d135bd3bb5,3,train_images/train_images,/content/raw/train_images/train_images/b3d135bd3bb5.png,Severe,/content/processed/images_320/b3d135bd3bb5.jpg
46d3316c4857,4,train_images/train_images,/content/raw/train_images/train_images/46d3316c4857.png,Proliferative DR,/content/processed/images_320/46d3316c4857.jpg
5a2c27b95c7c,2,train_images/train_images,/content/raw/train_images/train_images/5a2c27b95c7c.png,Moderate,/content/processed/images_320/5a2c27b95c7c.jpg
61c2fbd16e38,2,train_images/train_images,/content/raw/train_images/train_images/61c2fbd16e38.png,Moderate,/content/processed/images_320/61c2fbd16e38.jpg
7270367410a1,4,train_images/train_images,/content/raw/train_images/train_images/7270367410a1.png,Proliferative DR,/content/processed/images_320/7270367410a1.jpg
2a099b247b10,2,train_images/train_images,/content/raw/train_images/train_images/2a099b247b10.png,Moderate,/content/processed/images_320/2a099b247b10.jpg
6e861bc3bd7b,0,train_images/train_images,/content/raw/train_images/train_images/6e861bc3bd7b.png,No DR,/content/processed/images_320/6e861bc3bd7b.jpg
1c9521878baf,3,train_images/train_images,/content/raw/train_images/train_images/1c9521878baf.png,Severe,/content/processed/images_320/1c9521878baf.jpg
76e5b50f95a7,0,train_images/train_images,/content/raw/train_images/train_images/76e5b50f95a7.png,No DR,/content/processed/images_320/76e5b50f95a7.jpg
500aad15b7c8,0,train_images/train_images,/content/raw/train_images/train_images/500aad15b7c8.png,No DR,/content/processed/images_320/500aad15b7c8.jpg
c06024f05a16,0,train_images/train_images,/content/raw/train_images/train_images/c06024f05a16.png,No DR,/content/processed/images_320/c06024f05a16.jpg
b17f0b81dab3,1,train_images/train_images,/content/raw/train_images/train_images/b17f0b81dab3.png,Mild,/content/processed/images_320/b17f0b81dab3.jpg
1a369baf9ee6,2,val_images/val_images,/content/raw/val_images/val_images/1a369baf9ee6.png,Moderate,/content/processed/images_320/1a369baf9ee6.jpg
12058bbb8299,0,val_images/val_images,/content/raw/val_images/val_images/12058bbb8299.png,No DR,/content/processed/images_320/12058bbb8299.jpg
3c1efa38d0da,2,train_images/train_images,/content/raw/train_images/train_images/3c1efa38d0da.png,Moderate,/content/processed/images_320/3c1efa38d0da.jpg
a53d6d2472a6,0,train_images/train_images,/content/raw/train_images/train_images/a53d6d2472a6.png,No DR,/content/processed/images_320/a53d6d2472a6.jpg
b6bf847fbcb2,0,train_images/train_images,/content/raw/train_images/train_images/b6bf847fbcb2.png,No DR,/content/processed/images_320/b6bf847fbcb2.jpg
12e3f5f2cb17,1,val_images/val_images,/content/raw/val_images/val_images/12e3f5f2cb17.png,Mild,/content/processed/images_320/12e3f5f2cb17.jpg
ad1f7445b1a8,1,train_images/train_images,/content/raw/train_images/train_images/ad1f7445b1a8.png,Mild,/content/processed/images_320/ad1f7445b1a8.jpg
6a57a3db3eff,0,train_images/train_images,/content/raw/train_images/train_images/6a57a3db3eff.png,No DR,/content/processed/images_320/6a57a3db3eff.jpg
1fddd7c98fd2,0,train_images/train_images,/content/raw/train_images/train_images/1fddd7c98fd2.png,No DR,/content/processed/images_320/1fddd7c98fd2.jpg
cf6551521a35,0,train_images/train_images,/content/raw/train_images/train_images/cf6551521a35.png,No DR,/content/processed/images_320/cf6551521a35.jpg
b6a0e348a01e,1,train_images/train_images,/content/raw/train_images/train_images/b6a0e348a01e.png,Mild,/content/processed/images_320/b6a0e348a01e.jpg
38f1901f214a,0,train_images/train_images,/content/raw/train_images/train_images/38f1901f214a.png,No DR,/content/processed/images_320/38f1901f214a.jpg
101b9ebfc720,1,val_images/val_images,/content/raw/val_images/val_images/101b9ebfc720.png,Mild,/content/processed/images_320/101b9ebfc720.jpg
ae20112e7a1e,0,train_images/train_images,/content/raw/train_images/train_images/ae20112e7a1e.png,No DR,/content/processed/images_320/ae20112e7a1e.jpg
b8e9a8f4617d,0,train_images/train_images,/content/raw/train_images/train_images/b8e9a8f4617d.png,No DR,/content/processed/images_320/b8e9a8f4617d.jpg
218c822a3dd9,0,train_images/train_images,/content/raw/train_images/train_images/218c822a3dd9.png,No DR,/content/processed/images_320/218c822a3dd9.jpg
bed8296c8dfe,0,train_images/train_images,/content/raw/train_images/train_images/bed8296c8dfe.png,No DR,/content/processed/images_320/bed8296c8dfe.jpg
c252da9b41d8,2,train_images/train_images,/content/raw/train_images/train_images/c252da9b41d8.png,Moderate,/content/processed/images_320/c252da9b41d8.jpg
df9cb3729eb1,0,train_images/train_images,/content/raw/train_images/train_images/df9cb3729eb1.png,No DR,/content/processed/images_320/df9cb3729eb1.jpg
fa7fa797c650,0,test_images/test_images,/content/raw/test_images/test_images/fa7fa797c650.png,No DR,/content/processed/images_320/fa7fa797c650.jpg
12ce6a1a1f31,1,val_images/val_images,/content/raw/val_images/val_images/12ce6a1a1f31.png,Mild,/content/processed/images_320/12ce6a1a1f31.jpg
14c3b41d289c,0,val_images/val_images,/content/raw/val_images/val_images/14c3b41d289c.png,No DR,/content/processed/images_320/14c3b41d289c.jpg
c1437a7a52c9,0,train_images/train_images,/content/raw/train_images/train_images/c1437a7a52c9.png,No DR,/content/processed/images_320/c1437a7a52c9.jpg
e32dc722eca5,4,train_images/train_images,/content/raw/train_images/train_images/e32dc722eca5.png,Proliferative DR,/content/processed/images_320/e32dc722eca5.jpg
9274e75dc4d5,0,train_images/train_images,/content/raw/train_images/train_images/9274e75dc4d5.png,No DR,/content/processed/images_320/9274e75dc4d5.jpg
80d24897669f,1,train_images/train_images,/content/raw/train_images/train_images/80d24897669f.png,Mild,/content/processed/images_320/80d24897669f.jpg
5eb8fb1aad41,0,train_images/train_images,/content/raw/train_images/train_images/5eb8fb1aad41.png,No DR,/content/processed/images_320/5eb8fb1aad41.jpg
4860f7813654,0,train_images/train_images,/content/raw/train_images/train_images/4860f7813654.png,No DR,/content/processed/images_320/4860f7813654.jpg
e529c5757d64,0,test_images/test_images,/content/raw/test_images/test_images/e529c5757d64.png,No DR,/content/processed/images_320/e529c5757d64.jpg
ebe0175e530c,4,test_images/test_images,/content/raw/test_images/test_images/ebe0175e530c.png,Proliferative DR,/content/processed/images_320/ebe0175e530c.jpg
a85cda5f725d,0,train_images/train_images,/content/raw/train_images/train_images/a85cda5f725d.png,No DR,/content/processed/images_320/a85cda5f725d.jpg
348598d01e18,0,train_images/train_images,/content/raw/train_images/train_images/348598d01e18.png,No DR,/content/processed/images_320/348598d01e18.jpg
2c827005b8f8,0,train_images/train_images,/content/raw/train_images/train_images/2c827005b8f8.png,No DR,/content/processed/images_320/2c827005b8f8.jpg
15cd5f52d300,2,val_images/val_images,/content/raw/val_images/val_images/15cd5f52d300.png,Moderate,/content/processed/images_320/15cd5f52d300.jpg
7179f85bfd6f,0,train_images/train_images,/content/raw/train_images/train_images/7179f85bfd6f.png,No DR,/content/processed/images_320/7179f85bfd6f.jpg
6735931000ec,3,train_images/train_images,/content/raw/train_images/train_images/6735931000ec.png,Severe,/content/processed/images_320/6735931000ec.jpg
ed2c06fcc573,2,test_images/test_images,/content/raw/test_images/test_images/ed2c06fcc573.png,Moderate,/content/processed/images_320/ed2c06fcc573.jpg
b83a6eca125f,2,train_images/train_images,/content/raw/train_images/train_images/b83a6eca125f.png,Moderate,/content/processed/images_320/b83a6eca125f.jpg
d9ba044671e1,4,train_images/train_images,/content/raw/train_images/train_images/d9ba044671e1.png,Proliferative DR,/content/processed/images_320/d9ba044671e1.jpg
934104859e68,0,train_images/train_images,/content/raw/train_images/train_images/934104859e68.png,No DR,/content/processed/images_320/934104859e68.jpg
15c24478ac72,0,val_images/val_images,/content/raw/val_images/val_images/15c24478ac72.png,No DR,/content/processed/images_320/15c24478ac72.jpg
4528fbbd43a3,0,train_images/train_images,/content/raw/train_images/train_images/4528fbbd43a3.png,No DR,/content/processed/images_320/4528fbbd43a3.jpg
fe0fc67c7980,3,test_images/test_images,/content/raw/test_images/test_images/fe0fc67c7980.png,Severe,/content/processed/images_320/fe0fc67c7980.jpg
0fbbd665431f,0,val_images/val_images,/content/raw/val_images/val_images/0fbbd665431f.png,No DR,/content/processed/images_320/0fbbd665431f.jpg
f26b02ead915,0,test_images/test_images,/content/raw/test_images/test_images/f26b02ead915.png,No DR,/content/processed/images_320/f26b02ead915.jpg
b11dcdcbc8c8,0,train_images/train_images,/content/raw/train_images/train_images/b11dcdcbc8c8.png,No DR,/content/processed/images_320/b11dcdcbc8c8.jpg
8ead8f37423c,0,train_images/train_images,/content/raw/train_images/train_images/8ead8f37423c.png,No DR,/content/processed/images_320/8ead8f37423c.jpg
6dcde47060f9,2,train_images/train_images,/content/raw/train_images/train_images/6dcde47060f9.png,Moderate,/content/processed/images_320/6dcde47060f9.jpg
a3ad6c2db6f1,1,train_images/train_images,/content/raw/train_images/train_images/a3ad6c2db6f1.png,Mild,/content/processed/images_320/a3ad6c2db6f1.jpg
b498b84d383f,2,train_images/train_images,/content/raw/train_images/train_images/b498b84d383f.png,Moderate,/content/processed/images_320/b498b84d383f.jpg
57a5f1015504,2,train_images/train_images,/content/raw/train_images/train_images/57a5f1015504.png,Moderate,/content/processed/images_320/57a5f1015504.jpg
e26d8718ca58,1,train_images/train_images,/content/raw/train_images/train_images/e26d8718ca58.png,Mild,/content/processed/images_320/e26d8718ca58.jpg
4e0656629d02,1,train_images/train_images,/content/raw/train_images/train_images/4e0656629d02.png,Mild,/content/processed/images_320/4e0656629d02.jpg
8448af27ba07,0,train_images/train_images,/content/raw/train_images/train_images/8448af27ba07.png,No DR,/content/processed/images_320/8448af27ba07.jpg
070f67572d03,3,val_images/val_images,/content/raw/val_images/val_images/070f67572d03.png,Severe,/content/processed/images_320/070f67572d03.jpg
203275daf46d,2,train_images/train_images,/content/raw/train_images/train_images/203275daf46d.png,Moderate,/content/processed/images_320/203275daf46d.jpg
e30a890600e1,0,train_images/train_images,/content/raw/train_images/train_images/e30a890600e1.png,No DR,/content/processed/images_320/e30a890600e1.jpg
5fcff7280019,0,train_images/train_images,/content/raw/train_images/train_images/5fcff7280019.png,No DR,/content/processed/images_320/5fcff7280019.jpg
6f0463c1ff18,2,train_images/train_images,/content/raw/train_images/train_images/6f0463c1ff18.png,Moderate,/content/processed/images_320/6f0463c1ff18.jpg
9f285b3e57ed,0,train_images/train_images,/content/raw/train_images/train_images/9f285b3e57ed.png,No DR,/content/processed/images_320/9f285b3e57ed.jpg
495255c7492f,1,train_images/train_images,/content/raw/train_images/train_images/495255c7492f.png,Mild,/content/processed/images_320/495255c7492f.jpg
10ecc5292ab1,2,val_images/val_images,/content/raw/val_images/val_images/10ecc5292ab1.png,Moderate,/content/processed/images_320/10ecc5292ab1.jpg
c7c3d363bc86,0,train_images/train_images,/content/raw/train_images/train_images/c7c3d363bc86.png,No DR,/content/processed/images_320/c7c3d363bc86.jpg
3c311c9109b0,2,train_images/train_images,/content/raw/train_images/train_images/3c311c9109b0.png,Moderate,/content/processed/images_320/3c311c9109b0.jpg
3c28fd846b43,0,train_images/train_images,/content/raw/train_images/train_images/3c28fd846b43.png,No DR,/content/processed/images_320/3c28fd846b43.jpg
1f3f32efaf20,0,train_images/train_images,/content/raw/train_images/train_images/1f3f32efaf20.png,No DR,/content/processed/images_320/1f3f32efaf20.jpg
43ddd0ab0cc4,2,train_images/train_images,/content/raw/train_images/train_images/43ddd0ab0cc4.png,Moderate,/content/processed/images_320/43ddd0ab0cc4.jpg
876deb29f000,0,train_images/train_images,/content/raw/train_images/train_images/876deb29f000.png,No DR,/content/processed/images_320/876deb29f000.jpg
962cf85e4f6d,2,train_images/train_images,/content/raw/train_images/train_images/962cf85e4f6d.png,Moderate,/content/processed/images_320/962cf85e4f6d.jpg
af345c68e836,0,train_images/train_images,/content/raw/train_images/train_images/af345c68e836.png,No DR,/content/processed/images_320/af345c68e836.jpg
a08a0133754a,0,train_images/train_images,/content/raw/train_images/train_images/a08a0133754a.png,No DR,/content/processed/images_320/a08a0133754a.jpg
d4f32b9c07df,1,train_images/train_images,/content/raw/train_images/train_images/d4f32b9c07df.png,Mild,/content/processed/images_320/d4f32b9c07df.jpg
e4b0df29b96f,0,train_images/train_images,/content/raw/train_images/train_images/e4b0df29b96f.png,No DR,/content/processed/images_320/e4b0df29b96f.jpg
6af071b0ac6e,0,train_images/train_images,/content/raw/train_images/train_images/6af071b0ac6e.png,No DR,/content/processed/images_320/6af071b0ac6e.jpg
4bd5d0b30198,0,train_images/train_images,/content/raw/train_images/train_images/4bd5d0b30198.png,No DR,/content/processed/images_320/4bd5d0b30198.jpg
4b1001050f1d,2,train_images/train_images,/content/raw/train_images/train_images/4b1001050f1d.png,Moderate,/content/processed/images_320/4b1001050f1d.jpg
cfb17a7cc8d4,0,train_images/train_images,/content/raw/train_images/train_images/cfb17a7cc8d4.png,No DR,/content/processed/images_320/cfb17a7cc8d4.jpg
3e86335bc2fd,2,train_images/train_images,/content/raw/train_images/train_images/3e86335bc2fd.png,Moderate,/content/processed/images_320/3e86335bc2fd.jpg
664b1f9a2087,4,train_images/train_images,/content/raw/train_images/train_images/664b1f9a2087.png,Proliferative DR,/content/processed/images_320/664b1f9a2087.jpg
ba4d2c4b3039,4,train_images/train_images,/content/raw/train_images/train_images/ba4d2c4b3039.png,Proliferative DR,/content/processed/images_320/ba4d2c4b3039.jpg
215d2b7c3fde,0,train_images/train_images,/content/raw/train_images/train_images/215d2b7c3fde.png,No DR,/content/processed/images_320/215d2b7c3fde.jpg
27bab1432f61,2,train_images/train_images,/content/raw/train_images/train_images/27bab1432f61.png,Moderate,/content/processed/images_320/27bab1432f61.jpg
26cd40b57ad1,0,train_images/train_images,/content/raw/train_images/train_images/26cd40b57ad1.png,No DR,/content/processed/images_320/26cd40b57ad1.jpg
18d8fdb140b7,2,val_images/val_images,/content/raw/val_images/val_images/18d8fdb140b7.png,Moderate,/content/processed/images_320/18d8fdb140b7.jpg
b085caa513a8,0,train_images/train_images,/content/raw/train_images/train_images/b085caa513a8.png,No DR,/content/processed/images_320/b085caa513a8.jpg
1438288bb2e1,2,val_images/val_images,/content/raw/val_images/val_images/1438288bb2e1.png,Moderate,/content/processed/images_320/1438288bb2e1.jpg
0fc6829da85b,0,val_images/val_images,/content/raw/val_images/val_images/0fc6829da85b.png,No DR,/content/processed/images_320/0fc6829da85b.jpg
0c917c372572,3,val_images/val_images,/content/raw/val_images/val_images/0c917c372572.png,Severe,/content/processed/images_320/0c917c372572.jpg
a2dff8dbc9f8,0,train_images/train_images,/content/raw/train_images/train_images/a2dff8dbc9f8.png,No DR,/content/processed/images_320/a2dff8dbc9f8.jpg
9f4132bd6ed6,2,train_images/train_images,/content/raw/train_images/train_images/9f4132bd6ed6.png,Moderate,/content/processed/images_320/9f4132bd6ed6.jpg
9ac2e3e9fca5,0,train_images/train_images,/content/raw/train_images/train_images/9ac2e3e9fca5.png,No DR,/content/processed/images_320/9ac2e3e9fca5.jpg
969f92a390db,0,train_images/train_images,/content/raw/train_images/train_images/969f92a390db.png,No DR,/content/processed/images_320/969f92a390db.jpg
5ac7a414560e,0,train_images/train_images,/content/raw/train_images/train_images/5ac7a414560e.png,No DR,/content/processed/images_320/5ac7a414560e.jpg
7e9458de5707,2,train_images/train_images,/content/raw/train_images/train_images/7e9458de5707.png,Moderate,/content/processed/images_320/7e9458de5707.jpg
c1ebe785503a,1,train_images/train_images,/content/raw/train_images/train_images/c1ebe785503a.png,Mild,/content/processed/images_320/c1ebe785503a.jpg
437cbec4a3f8,2,train_images/train_images,/content/raw/train_images/train_images/437cbec4a3f8.png,Moderate,/content/processed/images_320/437cbec4a3f8.jpg
6b128e648646,3,train_images/train_images,/content/raw/train_images/train_images/6b128e648646.png,Severe,/content/processed/images_320/6b128e648646.jpg
e632e38fd2d4,0,test_images/test_images,/content/raw/test_images/test_images/e632e38fd2d4.png,No DR,/content/processed/images_320/e632e38fd2d4.jpg
9f1efb799b7b,2,train_images/train_images,/content/raw/train_images/train_images/9f1efb799b7b.png,Moderate,/content/processed/images_320/9f1efb799b7b.jpg
837acf120946,0,train_images/train_images,/content/raw/train_images/train_images/837acf120946.png,No DR,/content/processed/images_320/837acf120946.jpg
a9d0c900b6a9,2,train_images/train_images,/content/raw/train_images/train_images/a9d0c900b6a9.png,Moderate,/content/processed/images_320/a9d0c900b6a9.jpg
3796af4d987a,4,train_images/train_images,/content/raw/train_images/train_images/3796af4d987a.png,Proliferative DR,/content/processed/images_320/3796af4d987a.jpg
6cee2e148520,0,train_images/train_images,/content/raw/train_images/train_images/6cee2e148520.png,No DR,/content/processed/images_320/6cee2e148520.jpg
6b91e99c9408,0,train_images/train_images,/content/raw/train_images/train_images/6b91e99c9408.png,No DR,/content/processed/images_320/6b91e99c9408.jpg
b5a3ca5c0a80,0,train_images/train_images,/content/raw/train_images/train_images/b5a3ca5c0a80.png,No DR,/content/processed/images_320/b5a3ca5c0a80.jpg
8000a6b97a84,2,train_images/train_images,/content/raw/train_images/train_images/8000a6b97a84.png,Moderate,/content/processed/images_320/8000a6b97a84.jpg
57469423a012,2,train_images/train_images,/content/raw/train_images/train_images/57469423a012.png,Moderate,/content/processed/images_320/57469423a012.jpg
1db6bb46c102,0,train_images/train_images,/content/raw/train_images/train_images/1db6bb46c102.png,No DR,/content/processed/images_320/1db6bb46c102.jpg
135575dc57c9,2,val_images/val_images,/content/raw/val_images/val_images/135575dc57c9.png,Moderate,/content/processed/images_320/135575dc57c9.jpg
85f99e7e4052,0,train_images/train_images,/content/raw/train_images/train_images/85f99e7e4052.png,No DR,/content/processed/images_320/85f99e7e4052.jpg
d1cf31577a59,0,train_images/train_images,/content/raw/train_images/train_images/d1cf31577a59.png,No DR,/content/processed/images_320/d1cf31577a59.jpg
8ff2733f6aef,2,train_images/train_images,/content/raw/train_images/train_images/8ff2733f6aef.png,Moderate,/content/processed/images_320/8ff2733f6aef.jpg
937bc1b924b1,0,train_images/train_images,/content/raw/train_images/train_images/937bc1b924b1.png,No DR,/content/processed/images_320/937bc1b924b1.jpg
2c1d5be654dd,2,train_images/train_images,/content/raw/train_images/train_images/2c1d5be654dd.png,Moderate,/content/processed/images_320/2c1d5be654dd.jpg
3b232b394e4f,4,train_images/train_images,/content/raw/train_images/train_images/3b232b394e4f.png,Proliferative DR,/content/processed/images_320/3b232b394e4f.jpg
5069feccd866,0,train_images/train_images,/content/raw/train_images/train_images/5069feccd866.png,No DR,/content/processed/images_320/5069feccd866.jpg
8af6a4e5396f,4,train_images/train_images,/content/raw/train_images/train_images/8af6a4e5396f.png,Proliferative DR,/content/processed/images_320/8af6a4e5396f.jpg
07751b94a88a,0,val_images/val_images,/content/raw/val_images/val_images/07751b94a88a.png,No DR,/content/processed/images_320/07751b94a88a.jpg
5347b4c8e9b3,1,train_images/train_images,/content/raw/train_images/train_images/5347b4c8e9b3.png,Mild,/content/processed/images_320/5347b4c8e9b3.jpg
dee1031a76ae,0,train_images/train_images,/content/raw/train_images/train_images/dee1031a76ae.png,No DR,/content/processed/images_320/dee1031a76ae.jpg
331121c65e88,0,train_images/train_images,/content/raw/train_images/train_images/331121c65e88.png,No DR,/content/processed/images_320/331121c65e88.jpg
eeb231c3ef1f,1,test_images/test_images,/content/raw/test_images/test_images/eeb231c3ef1f.png,Mild,/content/processed/images_320/eeb231c3ef1f.jpg
6dc07f968794,0,train_images/train_images,/content/raw/train_images/train_images/6dc07f968794.png,No DR,/content/processed/images_320/6dc07f968794.jpg
780f9daaa24b,0,train_images/train_images,/content/raw/train_images/train_images/780f9daaa24b.png,No DR,/content/processed/images_320/780f9daaa24b.jpg
58c12863f33d,0,train_images/train_images,/content/raw/train_images/train_images/58c12863f33d.png,No DR,/content/processed/images_320/58c12863f33d.jpg
09662e462531,0,val_images/val_images,/content/raw/val_images/val_images/09662e462531.png,No DR,/content/processed/images_320/09662e462531.jpg
f7edc074f06b,2,test_images/test_images,/content/raw/test_images/test_images/f7edc074f06b.png,Moderate,/content/processed/images_320/f7edc074f06b.jpg
ab03d50bba2f,0,train_images/train_images,/content/raw/train_images/train_images/ab03d50bba2f.png,No DR,/content/processed/images_320/ab03d50bba2f.jpg
44ecf3f4efa5,4,train_images/train_images,/content/raw/train_images/train_images/44ecf3f4efa5.png,Proliferative DR,/content/processed/images_320/44ecf3f4efa5.jpg
73ef3c3dcbe4,0,train_images/train_images,/content/raw/train_images/train_images/73ef3c3dcbe4.png,No DR,/content/processed/images_320/73ef3c3dcbe4.jpg
57a710de68a4,0,train_images/train_images,/content/raw/train_images/train_images/57a710de68a4.png,No DR,/content/processed/images_320/57a710de68a4.jpg
a6d45de20e4d,4,train_images/train_images,/content/raw/train_images/train_images/a6d45de20e4d.png,Proliferative DR,/content/processed/images_320/a6d45de20e4d.jpg
523ff163211b,2,train_images/train_images,/content/raw/train_images/train_images/523ff163211b.png,Moderate,/content/processed/images_320/523ff163211b.jpg
d7078e8b0349,0,train_images/train_images,/content/raw/train_images/train_images/d7078e8b0349.png,No DR,/content/processed/images_320/d7078e8b0349.jpg
19b0e3c734f5,0,val_images/val_images,/content/raw/val_images/val_images/19b0e3c734f5.png,No DR,/content/processed/images_320/19b0e3c734f5.jpg
9a159d4674cd,0,train_images/train_images,/content/raw/train_images/train_images/9a159d4674cd.png,No DR,/content/processed/images_320/9a159d4674cd.jpg
25b0e72705a8,3,train_images/train_images,/content/raw/train_images/train_images/25b0e72705a8.png,Severe,/content/processed/images_320/25b0e72705a8.jpg
c3b15bf9b4bc,0,train_images/train_images,/content/raw/train_images/train_images/c3b15bf9b4bc.png,No DR,/content/processed/images_320/c3b15bf9b4bc.jpg
803120c5d287,2,train_images/train_images,/content/raw/train_images/train_images/803120c5d287.png,Moderate,/content/processed/images_320/803120c5d287.jpg
1c47815f4a6b,0,train_images/train_images,/content/raw/train_images/train_images/1c47815f4a6b.png,No DR,/content/processed/images_320/1c47815f4a6b.jpg
13ab8db8c700,1,val_images/val_images,/content/raw/val_images/val_images/13ab8db8c700.png,Mild,/content/processed/images_320/13ab8db8c700.jpg
e8ddfc9709ce,0,test_images/test_images,/content/raw/test_images/test_images/e8ddfc9709ce.png,No DR,/content/processed/images_320/e8ddfc9709ce.jpg
523d0c2cb4d6,2,train_images/train_images,/content/raw/train_images/train_images/523d0c2cb4d6.png,Moderate,/content/processed/images_320/523d0c2cb4d6.jpg
a2b97d98f130,0,train_images/train_images,/content/raw/train_images/train_images/a2b97d98f130.png,No DR,/content/processed/images_320/a2b97d98f130.jpg
93421787f520,0,train_images/train_images,/content/raw/train_images/train_images/93421787f520.png,No DR,/content/processed/images_320/93421787f520.jpg
9a4f370d341b,2,train_images/train_images,/content/raw/train_images/train_images/9a4f370d341b.png,Moderate,/content/processed/images_320/9a4f370d341b.jpg
613028ede6a0,4,train_images/train_images,/content/raw/train_images/train_images/613028ede6a0.png,Proliferative DR,/content/processed/images_320/613028ede6a0.jpg
bf18ff30a8f6,1,train_images/train_images,/content/raw/train_images/train_images/bf18ff30a8f6.png,Mild,/content/processed/images_320/bf18ff30a8f6.jpg
73d40ce06a67,0,train_images/train_images,/content/raw/train_images/train_images/73d40ce06a67.png,No DR,/content/processed/images_320/73d40ce06a67.jpg
e9f82b5bbaf4,2,test_images/test_images,/content/raw/test_images/test_images/e9f82b5bbaf4.png,Moderate,/content/processed/images_320/e9f82b5bbaf4.jpg
0c76fd494af6,2,val_images/val_images,/content/raw/val_images/val_images/0c76fd494af6.png,Moderate,/content/processed/images_320/0c76fd494af6.jpg
17d997fe1090,0,val_images/val_images,/content/raw/val_images/val_images/17d997fe1090.png,No DR,/content/processed/images_320/17d997fe1090.jpg
2b3a4a81d748,0,train_images/train_images,/content/raw/train_images/train_images/2b3a4a81d748.png,No DR,/content/processed/images_320/2b3a4a81d748.jpg
c3c8fdda50c0,0,train_images/train_images,/content/raw/train_images/train_images/c3c8fdda50c0.png,No DR,/content/processed/images_320/c3c8fdda50c0.jpg
cb0cc98d7e35,0,train_images/train_images,/content/raw/train_images/train_images/cb0cc98d7e35.png,No DR,/content/processed/images_320/cb0cc98d7e35.jpg
a0cd7bffdaa0,4,train_images/train_images,/content/raw/train_images/train_images/a0cd7bffdaa0.png,Proliferative DR,/content/processed/images_320/a0cd7bffdaa0.jpg
0182152c50de,0,val_images/val_images,/content/raw/val_images/val_images/0182152c50de.png,No DR,/content/processed/images_320/0182152c50de.jpg
55968f0e63c4,0,train_images/train_images,/content/raw/train_images/train_images/55968f0e63c4.png,No DR,/content/processed/images_320/55968f0e63c4.jpg
da6389d129aa,0,train_images/train_images,/content/raw/train_images/train_images/da6389d129aa.png,No DR,/content/processed/images_320/da6389d129aa.jpg
2241b7e90782,2,train_images/train_images,/content/raw/train_images/train_images/2241b7e90782.png,Moderate,/content/processed/images_320/2241b7e90782.jpg
35aa7f5c2ec0,1,train_images/train_images,/content/raw/train_images/train_images/35aa7f5c2ec0.png,Mild,/content/processed/images_320/35aa7f5c2ec0.jpg
18621b9ca978,0,val_images/val_images,/content/raw/val_images/val_images/18621b9ca978.png,No DR,/content/processed/images_320/18621b9ca978.jpg
e387311a840e,2,train_images/train_images,/content/raw/train_images/train_images/e387311a840e.png,Moderate,/content/processed/images_320/e387311a840e.jpg
bab776139279,0,train_images/train_images,/content/raw/train_images/train_images/bab776139279.png,No DR,/content/processed/images_320/bab776139279.jpg
d38cf0f4a9af,0,train_images/train_images,/content/raw/train_images/train_images/d38cf0f4a9af.png,No DR,/content/processed/images_320/d38cf0f4a9af.jpg
5d3c8c1f57da,0,train_images/train_images,/content/raw/train_images/train_images/5d3c8c1f57da.png,No DR,/content/processed/images_320/5d3c8c1f57da.jpg
7ccf9d25dc48,0,train_images/train_images,/content/raw/train_images/train_images/7ccf9d25dc48.png,No DR,/content/processed/images_320/7ccf9d25dc48.jpg
460893cd86e3,2,train_images/train_images,/content/raw/train_images/train_images/460893cd86e3.png,Moderate,/content/processed/images_320/460893cd86e3.jpg
7bc00e58d419,0,train_images/train_images,/content/raw/train_images/train_images/7bc00e58d419.png,No DR,/content/processed/images_320/7bc00e58d419.jpg
1d37f1c8b6d8,0,train_images/train_images,/content/raw/train_images/train_images/1d37f1c8b6d8.png,No DR,/content/processed/images_320/1d37f1c8b6d8.jpg
d56d32a1d62d,0,train_images/train_images,/content/raw/train_images/train_images/d56d32a1d62d.png,No DR,/content/processed/images_320/d56d32a1d62d.jpg
d99b0f7dd9b9,0,train_images/train_images,/content/raw/train_images/train_images/d99b0f7dd9b9.png,No DR,/content/processed/images_320/d99b0f7dd9b9.jpg
6b07971c3bf6,1,train_images/train_images,/content/raw/train_images/train_images/6b07971c3bf6.png,Mild,/content/processed/images_320/6b07971c3bf6.jpg
bd9904495ccd,4,train_images/train_images,/content/raw/train_images/train_images/bd9904495ccd.png,Proliferative DR,/content/processed/images_320/bd9904495ccd.jpg
6cdd0f985270,1,train_images/train_images,/content/raw/train_images/train_images/6cdd0f985270.png,Mild,/content/processed/images_320/6cdd0f985270.jpg
c98f623d08d1,0,train_images/train_images,/content/raw/train_images/train_images/c98f623d08d1.png,No DR,/content/processed/images_320/c98f623d08d1.jpg
e06d3d4733f0,2,train_images/train_images,/content/raw/train_images/train_images/e06d3d4733f0.png,Moderate,/content/processed/images_320/e06d3d4733f0.jpg
1002f3fe38f0,0,val_images/val_images,/content/raw/val_images/val_images/1002f3fe38f0.png,No DR,/content/processed/images_320/1002f3fe38f0.jpg
1b32e1d775ea,4,train_images/train_images,/content/raw/train_images/train_images/1b32e1d775ea.png,Proliferative DR,/content/processed/images_320/1b32e1d775ea.jpg
461fa5292fda,0,train_images/train_images,/content/raw/train_images/train_images/461fa5292fda.png,No DR,/content/processed/images_320/461fa5292fda.jpg
e037643244b7,4,train_images/train_images,/content/raw/train_images/train_images/e037643244b7.png,Proliferative DR,/content/processed/images_320/e037643244b7.jpg
4dd71fc7f22b,4,train_images/train_images,/content/raw/train_images/train_images/4dd71fc7f22b.png,Proliferative DR,/content/processed/images_320/4dd71fc7f22b.jpg
afc744fad65e,0,train_images/train_images,/content/raw/train_images/train_images/afc744fad65e.png,No DR,/content/processed/images_320/afc744fad65e.jpg
39923b29988a,2,train_images/train_images,/content/raw/train_images/train_images/39923b29988a.png,Moderate,/content/processed/images_320/39923b29988a.jpg
a2b995b81692,0,train_images/train_images,/content/raw/train_images/train_images/a2b995b81692.png,No DR,/content/processed/images_320/a2b995b81692.jpg
226c6ceb9185,0,train_images/train_images,/content/raw/train_images/train_images/226c6ceb9185.png,No DR,/content/processed/images_320/226c6ceb9185.jpg
7b9d519cbd66,0,train_images/train_images,/content/raw/train_images/train_images/7b9d519cbd66.png,No DR,/content/processed/images_320/7b9d519cbd66.jpg
5879285f9d8d,1,train_images/train_images,/content/raw/train_images/train_images/5879285f9d8d.png,Mild,/content/processed/images_320/5879285f9d8d.jpg
de16416220de,4,train_images/train_images,/content/raw/train_images/train_images/de16416220de.png,Proliferative DR,/content/processed/images_320/de16416220de.jpg
5baed382f062,0,train_images/train_images,/content/raw/train_images/train_images/5baed382f062.png,No DR,/content/processed/images_320/5baed382f062.jpg
222f3ee3a1e8,4,train_images/train_images,/content/raw/train_images/train_images/222f3ee3a1e8.png,Proliferative DR,/content/processed/images_320/222f3ee3a1e8.jpg
daff5427c9b2,0,train_images/train_images,/content/raw/train_images/train_images/daff5427c9b2.png,No DR,/content/processed/images_320/daff5427c9b2.jpg
5a5d3798c357,2,train_images/train_images,/content/raw/train_images/train_images/5a5d3798c357.png,Moderate,/content/processed/images_320/5a5d3798c357.jpg
dd19428c3d29,1,train_images/train_images,/content/raw/train_images/train_images/dd19428c3d29.png,Mild,/content/processed/images_320/dd19428c3d29.jpg
8e2a3978c244,0,train_images/train_images,/content/raw/train_images/train_images/8e2a3978c244.png,No DR,/content/processed/images_320/8e2a3978c244.jpg
e322acd46152,0,train_images/train_images,/content/raw/train_images/train_images/e322acd46152.png,No DR,/content/processed/images_320/e322acd46152.jpg
1e036f2e7095,0,train_images/train_images,/content/raw/train_images/train_images/1e036f2e7095.png,No DR,/content/processed/images_320/1e036f2e7095.jpg
2da82d14e1b7,0,train_images/train_images,/content/raw/train_images/train_images/2da82d14e1b7.png,No DR,/content/processed/images_320/2da82d14e1b7.jpg
66366a90d1ef,0,train_images/train_images,/content/raw/train_images/train_images/66366a90d1ef.png,No DR,/content/processed/images_320/66366a90d1ef.jpg
87d46b1cc4e9,0,train_images/train_images,/content/raw/train_images/train_images/87d46b1cc4e9.png,No DR,/content/processed/images_320/87d46b1cc4e9.jpg
4384fa687afa,2,train_images/train_images,/content/raw/train_images/train_images/4384fa687afa.png,Moderate,/content/processed/images_320/4384fa687afa.jpg
c23ff6dcf15e,0,train_images/train_images,/content/raw/train_images/train_images/c23ff6dcf15e.png,No DR,/content/processed/images_320/c23ff6dcf15e.jpg
e12b67835e03,2,train_images/train_images,/content/raw/train_images/train_images/e12b67835e03.png,Moderate,/content/processed/images_320/e12b67835e03.jpg
49419f8d5cb4,2,train_images/train_images,/content/raw/train_images/train_images/49419f8d5cb4.png,Moderate,/content/processed/images_320/49419f8d5cb4.jpg
d85d052900b4,1,train_images/train_images,/content/raw/train_images/train_images/d85d052900b4.png,Mild,/content/processed/images_320/d85d052900b4.jpg
b09101adb478,0,train_images/train_images,/content/raw/train_images/train_images/b09101adb478.png,No DR,/content/processed/images_320/b09101adb478.jpg
2cdcc910778d,0,train_images/train_images,/content/raw/train_images/train_images/2cdcc910778d.png,No DR,/content/processed/images_320/2cdcc910778d.jpg
87774aafe068,4,train_images/train_images,/content/raw/train_images/train_images/87774aafe068.png,Proliferative DR,/content/processed/images_320/87774aafe068.jpg
542964865b1e,0,train_images/train_images,/content/raw/train_images/train_images/542964865b1e.png,No DR,/content/processed/images_320/542964865b1e.jpg
9ab18a4a957f,0,train_images/train_images,/content/raw/train_images/train_images/9ab18a4a957f.png,No DR,/content/processed/images_320/9ab18a4a957f.jpg
1e742358e0b9,0,train_images/train_images,/content/raw/train_images/train_images/1e742358e0b9.png,No DR,/content/processed/images_320/1e742358e0b9.jpg
da3a2275c850,0,train_images/train_images,/content/raw/train_images/train_images/da3a2275c850.png,No DR,/content/processed/images_320/da3a2275c850.jpg
6c4ec95dd8ba,0,train_images/train_images,/content/raw/train_images/train_images/6c4ec95dd8ba.png,No DR,/content/processed/images_320/6c4ec95dd8ba.jpg
8f318a978844,4,train_images/train_images,/content/raw/train_images/train_images/8f318a978844.png,Proliferative DR,/content/processed/images_320/8f318a978844.jpg
369229040a34,0,train_images/train_images,/content/raw/train_images/train_images/369229040a34.png,No DR,/content/processed/images_320/369229040a34.jpg
fbcbc81cf9be,0,test_images/test_images,/content/raw/test_images/test_images/fbcbc81cf9be.png,No DR,/content/processed/images_320/fbcbc81cf9be.jpg
47d1603a555b,1,train_images/train_images,/content/raw/train_images/train_images/47d1603a555b.png,Mild,/content/processed/images_320/47d1603a555b.jpg
69f43381317b,0,train_images/train_images,/content/raw/train_images/train_images/69f43381317b.png,No DR,/content/processed/images_320/69f43381317b.jpg
eb32a815f78c,2,test_images/test_images,/content/raw/test_images/test_images/eb32a815f78c.png,Moderate,/content/processed/images_320/eb32a815f78c.jpg
98277aeb96a7,0,train_images/train_images,/content/raw/train_images/train_images/98277aeb96a7.png,No DR,/content/processed/images_320/98277aeb96a7.jpg
e9129ce55fd7,2,test_images/test_images,/content/raw/test_images/test_images/e9129ce55fd7.png,Moderate,/content/processed/images_320/e9129ce55fd7.jpg
43e9c66eb0f3,0,train_images/train_images,/content/raw/train_images/train_images/43e9c66eb0f3.png,No DR,/content/processed/images_320/43e9c66eb0f3.jpg
76c0c7e1b6cb,2,train_images/train_images,/content/raw/train_images/train_images/76c0c7e1b6cb.png,Moderate,/content/processed/images_320/76c0c7e1b6cb.jpg
6c3745a222da,4,train_images/train_images,/content/raw/train_images/train_images/6c3745a222da.png,Proliferative DR,/content/processed/images_320/6c3745a222da.jpg
64678182d8a8,1,train_images/train_images,/content/raw/train_images/train_images/64678182d8a8.png,Mild,/content/processed/images_320/64678182d8a8.jpg
a1872f9c0cba,0,train_images/train_images,/content/raw/train_images/train_images/a1872f9c0cba.png,No DR,/content/processed/images_320/a1872f9c0cba.jpg
2df07eb5779f,4,train_images/train_images,/content/raw/train_images/train_images/2df07eb5779f.png,Proliferative DR,/content/processed/images_320/2df07eb5779f.jpg
ed246ae1ed08,4,test_images/test_images,/content/raw/test_images/test_images/ed246ae1ed08.png,Proliferative DR,/content/processed/images_320/ed246ae1ed08.jpg
5b301a6d1ac7,2,train_images/train_images,/content/raw/train_images/train_images/5b301a6d1ac7.png,Moderate,/content/processed/images_320/5b301a6d1ac7.jpg
6b664ed2a938,0,train_images/train_images,/content/raw/train_images/train_images/6b664ed2a938.png,No DR,/content/processed/images_320/6b664ed2a938.jpg
211518c46162,4,train_images/train_images,/content/raw/train_images/train_images/211518c46162.png,Proliferative DR,/content/processed/images_320/211518c46162.jpg
5cf9127f251a,2,train_images/train_images,/content/raw/train_images/train_images/5cf9127f251a.png,Moderate,/content/processed/images_320/5cf9127f251a.jpg
58ccba7eec9c,1,train_images/train_images,/content/raw/train_images/train_images/58ccba7eec9c.png,Mild,/content/processed/images_320/58ccba7eec9c.jpg
0c2e2369dfff,2,val_images/val_images,/content/raw/val_images/val_images/0c2e2369dfff.png,Moderate,/content/processed/images_320/0c2e2369dfff.jpg
12ae44be0d38,0,val_images/val_images,/content/raw/val_images/val_images/12ae44be0d38.png,No DR,/content/processed/images_320/12ae44be0d38.jpg
c8823cdaf7fa,2,train_images/train_images,/content/raw/train_images/train_images/c8823cdaf7fa.png,Moderate,/content/processed/images_320/c8823cdaf7fa.jpg
e9f3c85a2a02,0,test_images/test_images,/content/raw/test_images/test_images/e9f3c85a2a02.png,No DR,/content/processed/images_320/e9f3c85a2a02.jpg
9f8112c710be,0,train_images/train_images,/content/raw/train_images/train_images/9f8112c710be.png,No DR,/content/processed/images_320/9f8112c710be.jpg
c38dec54a9f7,0,train_images/train_images,/content/raw/train_images/train_images/c38dec54a9f7.png,No DR,/content/processed/images_320/c38dec54a9f7.jpg
d30d079e6f9a,0,train_images/train_images,/content/raw/train_images/train_images/d30d079e6f9a.png,No DR,/content/processed/images_320/d30d079e6f9a.jpg
d02b79fc3200,0,train_images/train_images,/content/raw/train_images/train_images/d02b79fc3200.png,No DR,/content/processed/images_320/d02b79fc3200.jpg
f9d8ff3e6592,0,test_images/test_images,/content/raw/test_images/test_images/f9d8ff3e6592.png,No DR,/content/processed/images_320/f9d8ff3e6592.jpg
99c6a123ed6a,0,train_images/train_images,/content/raw/train_images/train_images/99c6a123ed6a.png,No DR,/content/processed/images_320/99c6a123ed6a.jpg
14e3f84445f7,3,val_images/val_images,/content/raw/val_images/val_images/14e3f84445f7.png,Severe,/content/processed/images_320/14e3f84445f7.jpg
9ce46d400cd6,0,train_images/train_images,/content/raw/train_images/train_images/9ce46d400cd6.png,No DR,/content/processed/images_320/9ce46d400cd6.jpg
39b5b05d6cd9,2,train_images/train_images,/content/raw/train_images/train_images/39b5b05d6cd9.png,Moderate,/content/processed/images_320/39b5b05d6cd9.jpg
b46b09a45f39,0,train_images/train_images,/content/raw/train_images/train_images/b46b09a45f39.png,No DR,/content/processed/images_320/b46b09a45f39.jpg
ae975c43bd8b,0,train_images/train_images,/content/raw/train_images/train_images/ae975c43bd8b.png,No DR,/content/processed/images_320/ae975c43bd8b.jpg
3d663a6a50a3,2,train_images/train_images,/content/raw/train_images/train_images/3d663a6a50a3.png,Moderate,/content/processed/images_320/3d663a6a50a3.jpg
3a122851e526,2,train_images/train_images,/content/raw/train_images/train_images/3a122851e526.png,Moderate,/content/processed/images_320/3a122851e526.jpg
a5a2a7003d60,1,train_images/train_images,/content/raw/train_images/train_images/a5a2a7003d60.png,Mild,/content/processed/images_320/a5a2a7003d60.jpg
d2c2f02bb313,4,train_images/train_images,/content/raw/train_images/train_images/d2c2f02bb313.png,Proliferative DR,/content/processed/images_320/d2c2f02bb313.jpg
cca626a0e19a,2,train_images/train_images,/content/raw/train_images/train_images/cca626a0e19a.png,Moderate,/content/processed/images_320/cca626a0e19a.jpg
a3957df90a78,2,train_images/train_images,/content/raw/train_images/train_images/a3957df90a78.png,Moderate,/content/processed/images_320/a3957df90a78.jpg
869bbd3170cc,2,train_images/train_images,/content/raw/train_images/train_images/869bbd3170cc.png,Moderate,/content/processed/images_320/869bbd3170cc.jpg
bdff5d8bddf8,4,train_images/train_images,/content/raw/train_images/train_images/bdff5d8bddf8.png,Proliferative DR,/content/processed/images_320/bdff5d8bddf8.jpg
cc3d2e961768,4,train_images/train_images,/content/raw/train_images/train_images/cc3d2e961768.png,Proliferative DR,/content/processed/images_320/cc3d2e961768.jpg
d8404680bba6,2,train_images/train_images,/content/raw/train_images/train_images/d8404680bba6.png,Moderate,/content/processed/images_320/d8404680bba6.jpg
9904939ab83d,2,train_images/train_images,/content/raw/train_images/train_images/9904939ab83d.png,Moderate,/content/processed/images_320/9904939ab83d.jpg
01c7808d901d,2,val_images/val_images,/content/raw/val_images/val_images/01c7808d901d.png,Moderate,/content/processed/images_320/01c7808d901d.jpg
d88c4843aec3,0,train_images/train_images,/content/raw/train_images/train_images/d88c4843aec3.png,No DR,/content/processed/images_320/d88c4843aec3.jpg
05195a3db5e2,0,val_images/val_images,/content/raw/val_images/val_images/05195a3db5e2.png,No DR,/content/processed/images_320/05195a3db5e2.jpg
0304bedad8fe,0,val_images/val_images,/content/raw/val_images/val_images/0304bedad8fe.png,No DR,/content/processed/images_320/0304bedad8fe.jpg
4d009cebabc9,2,train_images/train_images,/content/raw/train_images/train_images/4d009cebabc9.png,Moderate,/content/processed/images_320/4d009cebabc9.jpg
7ddcfcea7369,0,train_images/train_images,/content/raw/train_images/train_images/7ddcfcea7369.png,No DR,/content/processed/images_320/7ddcfcea7369.jpg
7e0598cc88a0,4,train_images/train_images,/content/raw/train_images/train_images/7e0598cc88a0.png,Proliferative DR,/content/processed/images_320/7e0598cc88a0.jpg
75ed83dbccce,0,train_images/train_images,/content/raw/train_images/train_images/75ed83dbccce.png,No DR,/content/processed/images_320/75ed83dbccce.jpg
1e8c31e29dd3,0,train_images/train_images,/content/raw/train_images/train_images/1e8c31e29dd3.png,No DR,/content/processed/images_320/1e8c31e29dd3.jpg
56e56aa08362,2,train_images/train_images,/content/raw/train_images/train_images/56e56aa08362.png,Moderate,/content/processed/images_320/56e56aa08362.jpg
e7fc93ac5b6d,2,test_images/test_images,/content/raw/test_images/test_images/e7fc93ac5b6d.png,Moderate,/content/processed/images_320/e7fc93ac5b6d.jpg
650fbed3fdca,2,train_images/train_images,/content/raw/train_images/train_images/650fbed3fdca.png,Moderate,/content/processed/images_320/650fbed3fdca.jpg
4e82c3c8d31f,1,train_images/train_images,/content/raw/train_images/train_images/4e82c3c8d31f.png,Mild,/content/processed/images_320/4e82c3c8d31f.jpg
2532613a584a,2,train_images/train_images,/content/raw/train_images/train_images/2532613a584a.png,Moderate,/content/processed/images_320/2532613a584a.jpg
e69b48516577,0,test_images/test_images,/content/raw/test_images/test_images/e69b48516577.png,No DR,/content/processed/images_320/e69b48516577.jpg
812d5adafaf2,2,train_images/train_images,/content/raw/train_images/train_images/812d5adafaf2.png,Moderate,/content/processed/images_320/812d5adafaf2.jpg
3ddb86eb530e,2,train_images/train_images,/content/raw/train_images/train_images/3ddb86eb530e.png,Moderate,/content/processed/images_320/3ddb86eb530e.jpg
681c3c115684,2,train_images/train_images,/content/raw/train_images/train_images/681c3c115684.png,Moderate,/content/processed/images_320/681c3c115684.jpg
cd54d022e37d,4,train_images/train_images,/content/raw/train_images/train_images/cd54d022e37d.png,Proliferative DR,/content/processed/images_320/cd54d022e37d.jpg
4e231670b48c,0,train_images/train_images,/content/raw/train_images/train_images/4e231670b48c.png,No DR,/content/processed/images_320/4e231670b48c.jpg
9837048b85dc,2,train_images/train_images,/content/raw/train_images/train_images/9837048b85dc.png,Moderate,/content/processed/images_320/9837048b85dc.jpg
70d657f8f503,4,train_images/train_images,/content/raw/train_images/train_images/70d657f8f503.png,Proliferative DR,/content/processed/images_320/70d657f8f503.jpg
d1f7ea924a01,0,train_images/train_images,/content/raw/train_images/train_images/d1f7ea924a01.png,No DR,/content/processed/images_320/d1f7ea924a01.jpg
fc898dfeb24f,0,test_images/test_images,/content/raw/test_images/test_images/fc898dfeb24f.png,No DR,/content/processed/images_320/fc898dfeb24f.jpg
00a8624548a9,2,val_images/val_images,/content/raw/val_images/val_images/00a8624548a9.png,Moderate,/content/processed/images_320/00a8624548a9.jpg
7fdb177b8f7d,0,train_images/train_images,/content/raw/train_images/train_images/7fdb177b8f7d.png,No DR,/content/processed/images_320/7fdb177b8f7d.jpg
6d259b5b4c76,4,train_images/train_images,/content/raw/train_images/train_images/6d259b5b4c76.png,Proliferative DR,/content/processed/images_320/6d259b5b4c76.jpg
2bb063318cf1,3,train_images/train_images,/content/raw/train_images/train_images/2bb063318cf1.png,Severe,/content/processed/images_320/2bb063318cf1.jpg
97a235367f9d,0,train_images/train_images,/content/raw/train_images/train_images/97a235367f9d.png,No DR,/content/processed/images_320/97a235367f9d.jpg
9c6512166557,0,train_images/train_images,/content/raw/train_images/train_images/9c6512166557.png,No DR,/content/processed/images_320/9c6512166557.jpg
aa9cfe639ef1,2,train_images/train_images,/content/raw/train_images/train_images/aa9cfe639ef1.png,Moderate,/content/processed/images_320/aa9cfe639ef1.jpg
189cbbc9e5e3,0,val_images/val_images,/content/raw/val_images/val_images/189cbbc9e5e3.png,No DR,/content/processed/images_320/189cbbc9e5e3.jpg
97bf61736b86,2,train_images/train_images,/content/raw/train_images/train_images/97bf61736b86.png,Moderate,/content/processed/images_320/97bf61736b86.jpg
bfda2fd0533a,2,train_images/train_images,/content/raw/train_images/train_images/bfda2fd0533a.png,Moderate,/content/processed/images_320/bfda2fd0533a.jpg
07a1c7073982,1,val_images/val_images,/content/raw/val_images/val_images/07a1c7073982.png,Mild,/content/processed/images_320/07a1c7073982.jpg
22895c89792f,4,train_images/train_images,/content/raw/train_images/train_images/22895c89792f.png,Proliferative DR,/content/processed/images_320/22895c89792f.jpg
e3e490babc0c,2,train_images/train_images,/content/raw/train_images/train_images/e3e490babc0c.png,Moderate,/content/processed/images_320/e3e490babc0c.jpg
2c2aa057afc5,2,train_images/train_images,/content/raw/train_images/train_images/2c2aa057afc5.png,Moderate,/content/processed/images_320/2c2aa057afc5.jpg
c7c0470bcf87,2,train_images/train_images,/content/raw/train_images/train_images/c7c0470bcf87.png,Moderate,/content/processed/images_320/c7c0470bcf87.jpg
7f6690fa390a,0,train_images/train_images,/content/raw/train_images/train_images/7f6690fa390a.png,No DR,/content/processed/images_320/7f6690fa390a.jpg
4c17e85686f0,0,train_images/train_images,/content/raw/train_images/train_images/4c17e85686f0.png,No DR,/content/processed/images_320/4c17e85686f0.jpg
3aa2b1ce6700,2,train_images/train_images,/content/raw/train_images/train_images/3aa2b1ce6700.png,Moderate,/content/processed/images_320/3aa2b1ce6700.jpg
419406328dcd,2,train_images/train_images,/content/raw/train_images/train_images/419406328dcd.png,Moderate,/content/processed/images_320/419406328dcd.jpg
45693d027798,0,train_images/train_images,/content/raw/train_images/train_images/45693d027798.png,No DR,/content/processed/images_320/45693d027798.jpg
eabf421f94d0,0,test_images/test_images,/content/raw/test_images/test_images/eabf421f94d0.png,No DR,/content/processed/images_320/eabf421f94d0.jpg
03fd50da928d,2,val_images/val_images,/content/raw/val_images/val_images/03fd50da928d.png,Moderate,/content/processed/images_320/03fd50da928d.jpg
898f0bc8acfa,0,train_images/train_images,/content/raw/train_images/train_images/898f0bc8acfa.png,No DR,/content/processed/images_320/898f0bc8acfa.jpg
ca0f1a17c8e5,2,train_images/train_images,/content/raw/train_images/train_images/ca0f1a17c8e5.png,Moderate,/content/processed/images_320/ca0f1a17c8e5.jpg
47e51065b819,2,train_images/train_images,/content/raw/train_images/train_images/47e51065b819.png,Moderate,/content/processed/images_320/47e51065b819.jpg
d26bb2ed6e71,0,train_images/train_images,/content/raw/train_images/train_images/d26bb2ed6e71.png,No DR,/content/processed/images_320/d26bb2ed6e71.jpg
263d8851e33b,0,train_images/train_images,/content/raw/train_images/train_images/263d8851e33b.png,No DR,/content/processed/images_320/263d8851e33b.jpg
12ab2f6397f0,0,val_images/val_images,/content/raw/val_images/val_images/12ab2f6397f0.png,No DR,/content/processed/images_320/12ab2f6397f0.jpg
8bad12d70368,4,train_images/train_images,/content/raw/train_images/train_images/8bad12d70368.png,Proliferative DR,/content/processed/images_320/8bad12d70368.jpg
aeed1f251ceb,4,train_images/train_images,/content/raw/train_images/train_images/aeed1f251ceb.png,Proliferative DR,/content/processed/images_320/aeed1f251ceb.jpg
7356dd08b0ae,2,train_images/train_images,/content/raw/train_images/train_images/7356dd08b0ae.png,Moderate,/content/processed/images_320/7356dd08b0ae.jpg
78937523f7a8,0,train_images/train_images,/content/raw/train_images/train_images/78937523f7a8.png,No DR,/content/processed/images_320/78937523f7a8.jpg
5671eb95512b,1,train_images/train_images,/content/raw/train_images/train_images/5671eb95512b.png,Mild,/content/processed/images_320/5671eb95512b.jpg
0851d6a69589,0,val_images/val_images,/content/raw/val_images/val_images/0851d6a69589.png,No DR,/content/processed/images_320/0851d6a69589.jpg
6d4f6c9a8406,0,train_images/train_images,/content/raw/train_images/train_images/6d4f6c9a8406.png,No DR,/content/processed/images_320/6d4f6c9a8406.jpg
18b99159a14f,0,val_images/val_images,/content/raw/val_images/val_images/18b99159a14f.png,No DR,/content/processed/images_320/18b99159a14f.jpg
d9ad2a0ec026,0,train_images/train_images,/content/raw/train_images/train_images/d9ad2a0ec026.png,No DR,/content/processed/images_320/d9ad2a0ec026.jpg
a0267206d51e,2,train_images/train_images,/content/raw/train_images/train_images/a0267206d51e.png,Moderate,/content/processed/images_320/a0267206d51e.jpg
6028a575dc27,1,train_images/train_images,/content/raw/train_images/train_images/6028a575dc27.png,Mild,/content/processed/images_320/6028a575dc27.jpg
281d7b7c7676,4,train_images/train_images,/content/raw/train_images/train_images/281d7b7c7676.png,Proliferative DR,/content/processed/images_320/281d7b7c7676.jpg
3218a6d8eb2c,3,train_images/train_images,/content/raw/train_images/train_images/3218a6d8eb2c.png,Severe,/content/processed/images_320/3218a6d8eb2c.jpg
06be1092a062,0,val_images/val_images,/content/raw/val_images/val_images/06be1092a062.png,No DR,/content/processed/images_320/06be1092a062.jpg
c62585bd68fb,4,train_images/train_images,/content/raw/train_images/train_images/c62585bd68fb.png,Proliferative DR,/content/processed/images_320/c62585bd68fb.jpg
9ad92f1c1542,2,train_images/train_images,/content/raw/train_images/train_images/9ad92f1c1542.png,Moderate,/content/processed/images_320/9ad92f1c1542.jpg
7a42443ed106,0,train_images/train_images,/content/raw/train_images/train_images/7a42443ed106.png,No DR,/content/processed/images_320/7a42443ed106.jpg
b22354b5f94b,1,train_images/train_images,/content/raw/train_images/train_images/b22354b5f94b.png,Mild,/content/processed/images_320/b22354b5f94b.jpg
cd972e5639e0,4,train_images/train_images,/content/raw/train_images/train_images/cd972e5639e0.png,Proliferative DR,/content/processed/images_320/cd972e5639e0.jpg
874f8c1929f6,0,train_images/train_images,/content/raw/train_images/train_images/874f8c1929f6.png,No DR,/content/processed/images_320/874f8c1929f6.jpg
d990a3f0cbdb,2,train_images/train_images,/content/raw/train_images/train_images/d990a3f0cbdb.png,Moderate,/content/processed/images_320/d990a3f0cbdb.jpg
8d8aca52c07b,4,train_images/train_images,/content/raw/train_images/train_images/8d8aca52c07b.png,Proliferative DR,/content/processed/images_320/8d8aca52c07b.jpg
21d18b022429,4,train_images/train_images,/content/raw/train_images/train_images/21d18b022429.png,Proliferative DR,/content/processed/images_320/21d18b022429.jpg
40140a925c43,2,train_images/train_images,/content/raw/train_images/train_images/40140a925c43.png,Moderate,/content/processed/images_320/40140a925c43.jpg
66cd9c28e636,1,train_images/train_images,/content/raw/train_images/train_images/66cd9c28e636.png,Mild,/content/processed/images_320/66cd9c28e636.jpg
52886bed8a07,2,train_images/train_images,/content/raw/train_images/train_images/52886bed8a07.png,Moderate,/content/processed/images_320/52886bed8a07.jpg
f366fb1cc475,0,test_images/test_images,/content/raw/test_images/test_images/f366fb1cc475.png,No DR,/content/processed/images_320/f366fb1cc475.jpg
a73d012c4c38,0,train_images/train_images,/content/raw/train_images/train_images/a73d012c4c38.png,No DR,/content/processed/images_320/a73d012c4c38.jpg
28f73575e1f2,0,train_images/train_images,/content/raw/train_images/train_images/28f73575e1f2.png,No DR,/content/processed/images_320/28f73575e1f2.jpg
4eaf2f81819d,0,train_images/train_images,/content/raw/train_images/train_images/4eaf2f81819d.png,No DR,/content/processed/images_320/4eaf2f81819d.jpg
60aa4e649abf,0,train_images/train_images,/content/raw/train_images/train_images/60aa4e649abf.png,No DR,/content/processed/images_320/60aa4e649abf.jpg
de55ed25e0e8,0,train_images/train_images,/content/raw/train_images/train_images/de55ed25e0e8.png,No DR,/content/processed/images_320/de55ed25e0e8.jpg
af8aa32beee4,2,train_images/train_images,/content/raw/train_images/train_images/af8aa32beee4.png,Moderate,/content/processed/images_320/af8aa32beee4.jpg
a8b637abd96b,0,train_images/train_images,/content/raw/train_images/train_images/a8b637abd96b.png,No DR,/content/processed/images_320/a8b637abd96b.jpg
73ba798fee25,0,train_images/train_images,/content/raw/train_images/train_images/73ba798fee25.png,No DR,/content/processed/images_320/73ba798fee25.jpg
8273fdb4405e,1,train_images/train_images,/content/raw/train_images/train_images/8273fdb4405e.png,Mild,/content/processed/images_320/8273fdb4405e.jpg
4826d10030b3,0,train_images/train_images,/content/raw/train_images/train_images/4826d10030b3.png,No DR,/content/processed/images_320/4826d10030b3.jpg
6cbc3dad809c,2,train_images/train_images,/content/raw/train_images/train_images/6cbc3dad809c.png,Moderate,/content/processed/images_320/6cbc3dad809c.jpg
91a88d3b0358,2,train_images/train_images,/content/raw/train_images/train_images/91a88d3b0358.png,Moderate,/content/processed/images_320/91a88d3b0358.jpg
a386ec9aabde,2,train_images/train_images,/content/raw/train_images/train_images/a386ec9aabde.png,Moderate,/content/processed/images_320/a386ec9aabde.jpg
e32a359be36d,3,train_images/train_images,/content/raw/train_images/train_images/e32a359be36d.png,Severe,/content/processed/images_320/e32a359be36d.jpg
405b4f78658f,3,train_images/train_images,/content/raw/train_images/train_images/405b4f78658f.png,Severe,/content/processed/images_320/405b4f78658f.jpg
099021fac3c9,0,val_images/val_images,/content/raw/val_images/val_images/099021fac3c9.png,No DR,/content/processed/images_320/099021fac3c9.jpg
19e350c7c83c,1,val_images/val_images,/content/raw/val_images/val_images/19e350c7c83c.png,Mild,/content/processed/images_320/19e350c7c83c.jpg
86baef833ae0,2,train_images/train_images,/content/raw/train_images/train_images/86baef833ae0.png,Moderate,/content/processed/images_320/86baef833ae0.jpg
b8e20c076b03,0,train_images/train_images,/content/raw/train_images/train_images/b8e20c076b03.png,No DR,/content/processed/images_320/b8e20c076b03.jpg
0097f532ac9f,0,val_images/val_images,/content/raw/val_images/val_images/0097f532ac9f.png,No DR,/content/processed/images_320/0097f532ac9f.jpg
417f408ee8e0,2,train_images/train_images,/content/raw/train_images/train_images/417f408ee8e0.png,Moderate,/content/processed/images_320/417f408ee8e0.jpg
3435fd8675a2,3,train_images/train_images,/content/raw/train_images/train_images/3435fd8675a2.png,Severe,/content/processed/images_320/3435fd8675a2.jpg
22098b1fe461,1,train_images/train_images,/content/raw/train_images/train_images/22098b1fe461.png,Mild,/content/processed/images_320/22098b1fe461.jpg
9568eb7e9c08,2,train_images/train_images,/content/raw/train_images/train_images/9568eb7e9c08.png,Moderate,/content/processed/images_320/9568eb7e9c08.jpg
be7f791a7877,0,train_images/train_images,/content/raw/train_images/train_images/be7f791a7877.png,No DR,/content/processed/images_320/be7f791a7877.jpg
6363b360aefb,2,train_images/train_images,/content/raw/train_images/train_images/6363b360aefb.png,Moderate,/content/processed/images_320/6363b360aefb.jpg
dd02d60bef14,0,train_images/train_images,/content/raw/train_images/train_images/dd02d60bef14.png,No DR,/content/processed/images_320/dd02d60bef14.jpg
5814cbd2e9bf,0,train_images/train_images,/content/raw/train_images/train_images/5814cbd2e9bf.png,No DR,/content/processed/images_320/5814cbd2e9bf.jpg
4ed31cc07366,2,train_images/train_images,/content/raw/train_images/train_images/4ed31cc07366.png,Moderate,/content/processed/images_320/4ed31cc07366.jpg
28f93cad89c5,2,train_images/train_images,/content/raw/train_images/train_images/28f93cad89c5.png,Moderate,/content/processed/images_320/28f93cad89c5.jpg
0415fc68b176,2,val_images/val_images,/content/raw/val_images/val_images/0415fc68b176.png,Moderate,/content/processed/images_320/0415fc68b176.jpg
87a9f4d20f07,0,train_images/train_images,/content/raw/train_images/train_images/87a9f4d20f07.png,No DR,/content/processed/images_320/87a9f4d20f07.jpg
573ea80a53be,0,train_images/train_images,/content/raw/train_images/train_images/573ea80a53be.png,No DR,/content/processed/images_320/573ea80a53be.jpg
5e97cb2b0888,0,train_images/train_images,/content/raw/train_images/train_images/5e97cb2b0888.png,No DR,/content/processed/images_320/5e97cb2b0888.jpg
ef99c499d665,0,test_images/test_images,/content/raw/test_images/test_images/ef99c499d665.png,No DR,/content/processed/images_320/ef99c499d665.jpg
ca7140ecf389,1,train_images/train_images,/content/raw/train_images/train_images/ca7140ecf389.png,Mild,/content/processed/images_320/ca7140ecf389.jpg
d659d7fd5ccf,4,train_images/train_images,/content/raw/train_images/train_images/d659d7fd5ccf.png,Proliferative DR,/content/processed/images_320/d659d7fd5ccf.jpg
6110ecb3bb1c,0,train_images/train_images,/content/raw/train_images/train_images/6110ecb3bb1c.png,No DR,/content/processed/images_320/6110ecb3bb1c.jpg
7b8c78b41c0d,2,train_images/train_images,/content/raw/train_images/train_images/7b8c78b41c0d.png,Moderate,/content/processed/images_320/7b8c78b41c0d.jpg
8ae049175db6,4,train_images/train_images,/content/raw/train_images/train_images/8ae049175db6.png,Proliferative DR,/content/processed/images_320/8ae049175db6.jpg
537e5c578f40,0,train_images/train_images,/content/raw/train_images/train_images/537e5c578f40.png,No DR,/content/processed/images_320/537e5c578f40.jpg
54cab3596214,2,train_images/train_images,/content/raw/train_images/train_images/54cab3596214.png,Moderate,/content/processed/images_320/54cab3596214.jpg
4409965eb2a4,0,train_images/train_images,/content/raw/train_images/train_images/4409965eb2a4.png,No DR,/content/processed/images_320/4409965eb2a4.jpg
9859e2a6cc24,4,train_images/train_images,/content/raw/train_images/train_images/9859e2a6cc24.png,Proliferative DR,/content/processed/images_320/9859e2a6cc24.jpg
d160ebef4117,0,train_images/train_images,/content/raw/train_images/train_images/d160ebef4117.png,No DR,/content/processed/images_320/d160ebef4117.jpg
639915f58a2f,0,train_images/train_images,/content/raw/train_images/train_images/639915f58a2f.png,No DR,/content/processed/images_320/639915f58a2f.jpg
f999c6921e6d,2,test_images/test_images,/content/raw/test_images/test_images/f999c6921e6d.png,Moderate,/content/processed/images_320/f999c6921e6d.jpg
b3819a805dca,4,train_images/train_images,/content/raw/train_images/train_images/b3819a805dca.png,Proliferative DR,/content/processed/images_320/b3819a805dca.jpg
f5c953bee7cd,0,test_images/test_images,/content/raw/test_images/test_images/f5c953bee7cd.png,No DR,/content/processed/images_320/f5c953bee7cd.jpg
f66c4ee86629,0,test_images/test_images,/content/raw/test_images/test_images/f66c4ee86629.png,No DR,/content/processed/images_320/f66c4ee86629.jpg
879744b9dc65,2,train_images/train_images,/content/raw/train_images/train_images/879744b9dc65.png,Moderate,/content/processed/images_320/879744b9dc65.jpg
99ecdb41d5e7,1,train_images/train_images,/content/raw/train_images/train_images/99ecdb41d5e7.png,Mild,/content/processed/images_320/99ecdb41d5e7.jpg
95a4cc805c7b,1,train_images/train_images,/content/raw/train_images/train_images/95a4cc805c7b.png,Mild,/content/processed/images_320/95a4cc805c7b.jpg
178412895d5e,0,val_images/val_images,/content/raw/val_images/val_images/178412895d5e.png,No DR,/content/processed/images_320/178412895d5e.jpg
1f0e223b8055,2,train_images/train_images,/content/raw/train_images/train_images/1f0e223b8055.png,Moderate,/content/processed/images_320/1f0e223b8055.jpg
b7e0f95353f2,3,train_images/train_images,/content/raw/train_images/train_images/b7e0f95353f2.png,Severe,/content/processed/images_320/b7e0f95353f2.jpg
a96ff96bbae5,0,train_images/train_images,/content/raw/train_images/train_images/a96ff96bbae5.png,No DR,/content/processed/images_320/a96ff96bbae5.jpg
9da74370835a,2,train_images/train_images,/content/raw/train_images/train_images/9da74370835a.png,Moderate,/content/processed/images_320/9da74370835a.jpg
9c893e16c055,0,train_images/train_images,/content/raw/train_images/train_images/9c893e16c055.png,No DR,/content/processed/images_320/9c893e16c055.jpg
c57c164bca05,0,train_images/train_images,/content/raw/train_images/train_images/c57c164bca05.png,No DR,/content/processed/images_320/c57c164bca05.jpg
d94e10f42861,2,train_images/train_images,/content/raw/train_images/train_images/d94e10f42861.png,Moderate,/content/processed/images_320/d94e10f42861.jpg
4b422b48d0d4,2,train_images/train_images,/content/raw/train_images/train_images/4b422b48d0d4.png,Moderate,/content/processed/images_320/4b422b48d0d4.jpg
478fc46eaa49,0,train_images/train_images,/content/raw/train_images/train_images/478fc46eaa49.png,No DR,/content/processed/images_320/478fc46eaa49.jpg
f4de9620e3f2,0,test_images/test_images,/content/raw/test_images/test_images/f4de9620e3f2.png,No DR,/content/processed/images_320/f4de9620e3f2.jpg
1ade1e949383,2,val_images/val_images,/content/raw/val_images/val_images/1ade1e949383.png,Moderate,/content/processed/images_320/1ade1e949383.jpg
4fecf87184e6,3,train_images/train_images,/content/raw/train_images/train_images/4fecf87184e6.png,Severe,/content/processed/images_320/4fecf87184e6.jpg
01d9477b1171,0,val_images/val_images,/content/raw/val_images/val_images/01d9477b1171.png,No DR,/content/processed/images_320/01d9477b1171.jpg
0a74c92e287c,0,val_images/val_images,/content/raw/val_images/val_images/0a74c92e287c.png,No DR,/content/processed/images_320/0a74c92e287c.jpg
f7e9fa75c7c1,0,test_images/test_images,/content/raw/test_images/test_images/f7e9fa75c7c1.png,No DR,/content/processed/images_320/f7e9fa75c7c1.jpg
3dfc50108072,2,train_images/train_images,/content/raw/train_images/train_images/3dfc50108072.png,Moderate,/content/processed/images_320/3dfc50108072.jpg
f9e779a13204,2,test_images/test_images,/content/raw/test_images/test_images/f9e779a13204.png,Moderate,/content/processed/images_320/f9e779a13204.jpg
76516f828d88,0,train_images/train_images,/content/raw/train_images/train_images/76516f828d88.png,No DR,/content/processed/images_320/76516f828d88.jpg
1006345f70b7,2,val_images/val_images,/content/raw/val_images/val_images/1006345f70b7.png,Moderate,/content/processed/images_320/1006345f70b7.jpg
0fd16b64697e,2,val_images/val_images,/content/raw/val_images/val_images/0fd16b64697e.png,Moderate,/content/processed/images_320/0fd16b64697e.jpg
1a1e974a7dbf,0,val_images/val_images,/content/raw/val_images/val_images/1a1e974a7dbf.png,No DR,/content/processed/images_320/1a1e974a7dbf.jpg
8a01daa423f7,1,train_images/train_images,/content/raw/train_images/train_images/8a01daa423f7.png,Mild,/content/processed/images_320/8a01daa423f7.jpg
501c319f7a9f,0,train_images/train_images,/content/raw/train_images/train_images/501c319f7a9f.png,No DR,/content/processed/images_320/501c319f7a9f.jpg
f994a3b07935,0,test_images/test_images,/content/raw/test_images/test_images/f994a3b07935.png,No DR,/content/processed/images_320/f994a3b07935.jpg
a86c6283fd78,2,train_images/train_images,/content/raw/train_images/train_images/a86c6283fd78.png,Moderate,/content/processed/images_320/a86c6283fd78.jpg
2d870833c0c9,2,train_images/train_images,/content/raw/train_images/train_images/2d870833c0c9.png,Moderate,/content/processed/images_320/2d870833c0c9.jpg
a44345b27804,0,train_images/train_images,/content/raw/train_images/train_images/a44345b27804.png,No DR,/content/processed/images_320/a44345b27804.jpg
e3b47ed5b511,0,train_images/train_images,/content/raw/train_images/train_images/e3b47ed5b511.png,No DR,/content/processed/images_320/e3b47ed5b511.jpg
870fbe6eaa68,0,train_images/train_images,/content/raw/train_images/train_images/870fbe6eaa68.png,No DR,/content/processed/images_320/870fbe6eaa68.jpg
17188c13e635,2,val_images/val_images,/content/raw/val_images/val_images/17188c13e635.png,Moderate,/content/processed/images_320/17188c13e635.jpg
c58971bcebb2,0,train_images/train_images,/content/raw/train_images/train_images/c58971bcebb2.png,No DR,/content/processed/images_320/c58971bcebb2.jpg
42c65af5ab16,0,train_images/train_images,/content/raw/train_images/train_images/42c65af5ab16.png,No DR,/content/processed/images_320/42c65af5ab16.jpg
e06cccc08c59,0,train_images/train_images,/content/raw/train_images/train_images/e06cccc08c59.png,No DR,/content/processed/images_320/e06cccc08c59.jpg
ea15a290eb96,1,test_images/test_images,/content/raw/test_images/test_images/ea15a290eb96.png,Mild,/content/processed/images_320/ea15a290eb96.jpg
f8d62557ad0c,0,test_images/test_images,/content/raw/test_images/test_images/f8d62557ad0c.png,No DR,/content/processed/images_320/f8d62557ad0c.jpg
4a5a6efc0bef,0,train_images/train_images,/content/raw/train_images/train_images/4a5a6efc0bef.png,No DR,/content/processed/images_320/4a5a6efc0bef.jpg
cd4e7f9fa1a9,2,train_images/train_images,/content/raw/train_images/train_images/cd4e7f9fa1a9.png,Moderate,/content/processed/images_320/cd4e7f9fa1a9.jpg
ff0740cb484a,2,test_images/test_images,/content/raw/test_images/test_images/ff0740cb484a.png,Moderate,/content/processed/images_320/ff0740cb484a.jpg
5f6db235c04d,0,train_images/train_images,/content/raw/train_images/train_images/5f6db235c04d.png,No DR,/content/processed/images_320/5f6db235c04d.jpg
a2163f0c2af5,0,train_images/train_images,/content/raw/train_images/train_images/a2163f0c2af5.png,No DR,/content/processed/images_320/a2163f0c2af5.jpg
f6d760566a51,0,test_images/test_images,/content/raw/test_images/test_images/f6d760566a51.png,No DR,/content/processed/images_320/f6d760566a51.jpg
8a3eb86ae4bd,0,train_images/train_images,/content/raw/train_images/train_images/8a3eb86ae4bd.png,No DR,/content/processed/images_320/8a3eb86ae4bd.jpg
d1a24527a15d,4,train_images/train_images,/content/raw/train_images/train_images/d1a24527a15d.png,Proliferative DR,/content/processed/images_320/d1a24527a15d.jpg
4403538fb50f,0,train_images/train_images,/content/raw/train_images/train_images/4403538fb50f.png,No DR,/content/processed/images_320/4403538fb50f.jpg
441848e0f308,0,train_images/train_images,/content/raw/train_images/train_images/441848e0f308.png,No DR,/content/processed/images_320/441848e0f308.jpg
cec299c2a2d5,0,train_images/train_images,/content/raw/train_images/train_images/cec299c2a2d5.png,No DR,/content/processed/images_320/cec299c2a2d5.jpg
3b9c1f42c2f2,2,train_images/train_images,/content/raw/train_images/train_images/3b9c1f42c2f2.png,Moderate,/content/processed/images_320/3b9c1f42c2f2.jpg
4464bb62bf20,0,train_images/train_images,/content/raw/train_images/train_images/4464bb62bf20.png,No DR,/content/processed/images_320/4464bb62bf20.jpg
06586082a24d,0,val_images/val_images,/content/raw/val_images/val_images/06586082a24d.png,No DR,/content/processed/images_320/06586082a24d.jpg
f2f569a64949,0,test_images/test_images,/content/raw/test_images/test_images/f2f569a64949.png,No DR,/content/processed/images_320/f2f569a64949.jpg
e933923aab15,0,test_images/test_images,/content/raw/test_images/test_images/e933923aab15.png,No DR,/content/processed/images_320/e933923aab15.jpg
4e85aa647534,0,train_images/train_images,/content/raw/train_images/train_images/4e85aa647534.png,No DR,/content/processed/images_320/4e85aa647534.jpg
8f9819752ca0,0,train_images/train_images,/content/raw/train_images/train_images/8f9819752ca0.png,No DR,/content/processed/images_320/8f9819752ca0.jpg
fa6f3d8bb1d5,0,test_images/test_images,/content/raw/test_images/test_images/fa6f3d8bb1d5.png,No DR,/content/processed/images_320/fa6f3d8bb1d5.jpg
883ddb650967,0,train_images/train_images,/content/raw/train_images/train_images/883ddb650967.png,No DR,/content/processed/images_320/883ddb650967.jpg
65f69234c8a7,0,train_images/train_images,/content/raw/train_images/train_images/65f69234c8a7.png,No DR,/content/processed/images_320/65f69234c8a7.jpg
e68746d426b2,0,test_images/test_images,/content/raw/test_images/test_images/e68746d426b2.png,No DR,/content/processed/images_320/e68746d426b2.jpg
9c52b87d01f1,3,train_images/train_images,/content/raw/train_images/train_images/9c52b87d01f1.png,Severe,/content/processed/images_320/9c52b87d01f1.jpg
ac17cc18a994,0,train_images/train_images,/content/raw/train_images/train_images/ac17cc18a994.png,No DR,/content/processed/images_320/ac17cc18a994.jpg
dcc6c0ad5cad,0,train_images/train_images,/content/raw/train_images/train_images/dcc6c0ad5cad.png,No DR,/content/processed/images_320/dcc6c0ad5cad.jpg
ff4955e76894,0,test_images/test_images,/content/raw/test_images/test_images/ff4955e76894.png,No DR,/content/processed/images_320/ff4955e76894.jpg
32ed318235b8,0,train_images/train_images,/content/raw/train_images/train_images/32ed318235b8.png,No DR,/content/processed/images_320/32ed318235b8.jpg
3b10191dfd25,0,train_images/train_images,/content/raw/train_images/train_images/3b10191dfd25.png,No DR,/content/processed/images_320/3b10191dfd25.jpg
69c4cbb630de,0,train_images/train_images,/content/raw/train_images/train_images/69c4cbb630de.png,No DR,/content/processed/images_320/69c4cbb630de.jpg
58059e73d2d4,0,train_images/train_images,/content/raw/train_images/train_images/58059e73d2d4.png,No DR,/content/processed/images_320/58059e73d2d4.jpg
d2ffe9287dc7,3,train_images/train_images,/content/raw/train_images/train_images/d2ffe9287dc7.png,Severe,/content/processed/images_320/d2ffe9287dc7.jpg
bcc762618e7d,2,train_images/train_images,/content/raw/train_images/train_images/bcc762618e7d.png,Moderate,/content/processed/images_320/bcc762618e7d.jpg
76bc31e0d3be,0,train_images/train_images,/content/raw/train_images/train_images/76bc31e0d3be.png,No DR,/content/processed/images_320/76bc31e0d3be.jpg
c5b58cc992af,0,train_images/train_images,/content/raw/train_images/train_images/c5b58cc992af.png,No DR,/content/processed/images_320/c5b58cc992af.jpg
999115d9386b,2,train_images/train_images,/content/raw/train_images/train_images/999115d9386b.png,Moderate,/content/processed/images_320/999115d9386b.jpg
98104c8c67eb,2,train_images/train_images,/content/raw/train_images/train_images/98104c8c67eb.png,Moderate,/content/processed/images_320/98104c8c67eb.jpg
d1cad012a254,1,train_images/train_images,/content/raw/train_images/train_images/d1cad012a254.png,Mild,/content/processed/images_320/d1cad012a254.jpg
300305ce82d2,2,train_images/train_images,/content/raw/train_images/train_images/300305ce82d2.png,Moderate,/content/processed/images_320/300305ce82d2.jpg
a150ff5dfe07,2,train_images/train_images,/content/raw/train_images/train_images/a150ff5dfe07.png,Moderate,/content/processed/images_320/a150ff5dfe07.jpg
9b7b6e4db1d5,2,train_images/train_images,/content/raw/train_images/train_images/9b7b6e4db1d5.png,Moderate,/content/processed/images_320/9b7b6e4db1d5.jpg
a804cef3e51f,2,train_images/train_images,/content/raw/train_images/train_images/a804cef3e51f.png,Moderate,/content/processed/images_320/a804cef3e51f.jpg
4a4cb731f91a,0,train_images/train_images,/content/raw/train_images/train_images/4a4cb731f91a.png,No DR,/content/processed/images_320/4a4cb731f91a.jpg
8f2996b8d855,1,train_images/train_images,/content/raw/train_images/train_images/8f2996b8d855.png,Mild,/content/processed/images_320/8f2996b8d855.jpg
895fe2bfc5b6,0,train_images/train_images,/content/raw/train_images/train_images/895fe2bfc5b6.png,No DR,/content/processed/images_320/895fe2bfc5b6.jpg
9287e57326d0,0,train_images/train_images,/content/raw/train_images/train_images/9287e57326d0.png,No DR,/content/processed/images_320/9287e57326d0.jpg
ea68b58a6e8f,0,test_images/test_images,/content/raw/test_images/test_images/ea68b58a6e8f.png,No DR,/content/processed/images_320/ea68b58a6e8f.jpg
e68bdd36e589,0,test_images/test_images,/content/raw/test_images/test_images/e68bdd36e589.png,No DR,/content/processed/images_320/e68bdd36e589.jpg
cd9e2190c73f,2,train_images/train_images,/content/raw/train_images/train_images/cd9e2190c73f.png,Moderate,/content/processed/images_320/cd9e2190c73f.jpg
94ef1d14597f,4,train_images/train_images,/content/raw/train_images/train_images/94ef1d14597f.png,Proliferative DR,/content/processed/images_320/94ef1d14597f.jpg
d1a60c3b9fe5,0,train_images/train_images,/content/raw/train_images/train_images/d1a60c3b9fe5.png,No DR,/content/processed/images_320/d1a60c3b9fe5.jpg
f4e68b61f480,0,test_images/test_images,/content/raw/test_images/test_images/f4e68b61f480.png,No DR,/content/processed/images_320/f4e68b61f480.jpg
58529a8638d0,2,train_images/train_images,/content/raw/train_images/train_images/58529a8638d0.png,Moderate,/content/processed/images_320/58529a8638d0.jpg
188a9323be03,2,val_images/val_images,/content/raw/val_images/val_images/188a9323be03.png,Moderate,/content/processed/images_320/188a9323be03.jpg
1623e8e3adc4,3,val_images/val_images,/content/raw/val_images/val_images/1623e8e3adc4.png,Severe,/content/processed/images_320/1623e8e3adc4.jpg
1f543a86c4d4,2,train_images/train_images,/content/raw/train_images/train_images/1f543a86c4d4.png,Moderate,/content/processed/images_320/1f543a86c4d4.jpg
a6356a3c5d11,0,train_images/train_images,/content/raw/train_images/train_images/a6356a3c5d11.png,No DR,/content/processed/images_320/a6356a3c5d11.jpg
234399352d36,2,train_images/train_images,/content/raw/train_images/train_images/234399352d36.png,Moderate,/content/processed/images_320/234399352d36.jpg
89d2a7403a06,2,train_images/train_images,/content/raw/train_images/train_images/89d2a7403a06.png,Moderate,/content/processed/images_320/89d2a7403a06.jpg
84b472c49cfa,0,train_images/train_images,/content/raw/train_images/train_images/84b472c49cfa.png,No DR,/content/processed/images_320/84b472c49cfa.jpg
4ccfa0b4e96c,4,train_images/train_images,/content/raw/train_images/train_images/4ccfa0b4e96c.png,Proliferative DR,/content/processed/images_320/4ccfa0b4e96c.jpg
c8a3eb9a5b52,2,train_images/train_images,/content/raw/train_images/train_images/c8a3eb9a5b52.png,Moderate,/content/processed/images_320/c8a3eb9a5b52.jpg
f72adcac5638,4,test_images/test_images,/content/raw/test_images/test_images/f72adcac5638.png,Proliferative DR,/content/processed/images_320/f72adcac5638.jpg
bc8c6a778cde,0,train_images/train_images,/content/raw/train_images/train_images/bc8c6a778cde.png,No DR,/content/processed/images_320/bc8c6a778cde.jpg
3e3a3955b9c5,3,train_images/train_images,/content/raw/train_images/train_images/3e3a3955b9c5.png,Severe,/content/processed/images_320/3e3a3955b9c5.jpg
001639a390f0,4,val_images/val_images,/content/raw/val_images/val_images/001639a390f0.png,Proliferative DR,/content/processed/images_320/001639a390f0.jpg
83fda7c0500b,0,train_images/train_images,/content/raw/train_images/train_images/83fda7c0500b.png,No DR,/content/processed/images_320/83fda7c0500b.jpg
13c191b59ed0,0,val_images/val_images,/content/raw/val_images/val_images/13c191b59ed0.png,No DR,/content/processed/images_320/13c191b59ed0.jpg
b5bf7b84fc66,0,train_images/train_images,/content/raw/train_images/train_images/b5bf7b84fc66.png,No DR,/content/processed/images_320/b5bf7b84fc66.jpg
388279491b5d,0,train_images/train_images,/content/raw/train_images/train_images/388279491b5d.png,No DR,/content/processed/images_320/388279491b5d.jpg
10eefba568dd,2,val_images/val_images,/content/raw/val_images/val_images/10eefba568dd.png,Moderate,/content/processed/images_320/10eefba568dd.jpg
a4ee03ecff60,0,train_images/train_images,/content/raw/train_images/train_images/a4ee03ecff60.png,No DR,/content/processed/images_320/a4ee03ecff60.jpg
4a0bba3b7d83,2,train_images/train_images,/content/raw/train_images/train_images/4a0bba3b7d83.png,Moderate,/content/processed/images_320/4a0bba3b7d83.jpg
e4210e7fe587,3,train_images/train_images,/content/raw/train_images/train_images/e4210e7fe587.png,Severe,/content/processed/images_320/e4210e7fe587.jpg
310c27067ac0,2,train_images/train_images,/content/raw/train_images/train_images/310c27067ac0.png,Moderate,/content/processed/images_320/310c27067ac0.jpg
af6a1508cd95,0,train_images/train_images,/content/raw/train_images/train_images/af6a1508cd95.png,No DR,/content/processed/images_320/af6a1508cd95.jpg
eadfc8809ec8,2,test_images/test_images,/content/raw/test_images/test_images/eadfc8809ec8.png,Moderate,/content/processed/images_320/eadfc8809ec8.jpg
9b418ce42c13,2,train_images/train_images,/content/raw/train_images/train_images/9b418ce42c13.png,Moderate,/content/processed/images_320/9b418ce42c13.jpg
7d8f67cadc29,2,train_images/train_images,/content/raw/train_images/train_images/7d8f67cadc29.png,Moderate,/content/processed/images_320/7d8f67cadc29.jpg
9ed6c2b25767,0,train_images/train_images,/content/raw/train_images/train_images/9ed6c2b25767.png,No DR,/content/processed/images_320/9ed6c2b25767.jpg
259d30f693b6,1,train_images/train_images,/content/raw/train_images/train_images/259d30f693b6.png,Mild,/content/processed/images_320/259d30f693b6.jpg
240b25a7debe,0,train_images/train_images,/content/raw/train_images/train_images/240b25a7debe.png,No DR,/content/processed/images_320/240b25a7debe.jpg
24f271c87e73,0,train_images/train_images,/content/raw/train_images/train_images/24f271c87e73.png,No DR,/content/processed/images_320/24f271c87e73.jpg
3b018e8b7303,3,train_images/train_images,/content/raw/train_images/train_images/3b018e8b7303.png,Severe,/content/processed/images_320/3b018e8b7303.jpg
4a96c28f3f07,0,train_images/train_images,/content/raw/train_images/train_images/4a96c28f3f07.png,No DR,/content/processed/images_320/4a96c28f3f07.jpg
d0b132d2c7ec,4,train_images/train_images,/content/raw/train_images/train_images/d0b132d2c7ec.png,Proliferative DR,/content/processed/images_320/d0b132d2c7ec.jpg
f901d460517c,3,test_images/test_images,/content/raw/test_images/test_images/f901d460517c.png,Severe,/content/processed/images_320/f901d460517c.jpg
059bc89df7f4,1,val_images/val_images,/content/raw/val_images/val_images/059bc89df7f4.png,Mild,/content/processed/images_320/059bc89df7f4.jpg
f0098e9d4aee,4,test_images/test_images,/content/raw/test_images/test_images/f0098e9d4aee.png,Proliferative DR,/content/processed/images_320/f0098e9d4aee.jpg
b759cbef90c5,0,train_images/train_images,/content/raw/train_images/train_images/b759cbef90c5.png,No DR,/content/processed/images_320/b759cbef90c5.jpg
bdc6c60e9133,0,train_images/train_images,/content/raw/train_images/train_images/bdc6c60e9133.png,No DR,/content/processed/images_320/bdc6c60e9133.jpg
851e40a21f81,0,train_images/train_images,/content/raw/train_images/train_images/851e40a21f81.png,No DR,/content/processed/images_320/851e40a21f81.jpg
80feb1f7ca5e,2,train_images/train_images,/content/raw/train_images/train_images/80feb1f7ca5e.png,Moderate,/content/processed/images_320/80feb1f7ca5e.jpg
e3ab63dc9a60,4,train_images/train_images,/content/raw/train_images/train_images/e3ab63dc9a60.png,Proliferative DR,/content/processed/images_320/e3ab63dc9a60.jpg
7116128c65ab,1,train_images/train_images,/content/raw/train_images/train_images/7116128c65ab.png,Mild,/content/processed/images_320/7116128c65ab.jpg
578109578b46,1,train_images/train_images,/content/raw/train_images/train_images/578109578b46.png,Mild,/content/processed/images_320/578109578b46.jpg
624fb7317106,2,train_images/train_images,/content/raw/train_images/train_images/624fb7317106.png,Moderate,/content/processed/images_320/624fb7317106.jpg
4ec7796df40e,0,train_images/train_images,/content/raw/train_images/train_images/4ec7796df40e.png,No DR,/content/processed/images_320/4ec7796df40e.jpg
7005be54cab1,1,train_images/train_images,/content/raw/train_images/train_images/7005be54cab1.png,Mild,/content/processed/images_320/7005be54cab1.jpg
f583a722434c,2,test_images/test_images,/content/raw/test_images/test_images/f583a722434c.png,Moderate,/content/processed/images_320/f583a722434c.jpg
4189d4e631ec,2,train_images/train_images,/content/raw/train_images/train_images/4189d4e631ec.png,Moderate,/content/processed/images_320/4189d4e631ec.jpg
d6f6bdfd8011,0,train_images/train_images,/content/raw/train_images/train_images/d6f6bdfd8011.png,No DR,/content/processed/images_320/d6f6bdfd8011.jpg
b4f41b5bf0ef,1,train_images/train_images,/content/raw/train_images/train_images/b4f41b5bf0ef.png,Mild,/content/processed/images_320/b4f41b5bf0ef.jpg
b8f1b30877db,2,train_images/train_images,/content/raw/train_images/train_images/b8f1b30877db.png,Moderate,/content/processed/images_320/b8f1b30877db.jpg
8cb6b0efaaac,2,train_images/train_images,/content/raw/train_images/train_images/8cb6b0efaaac.png,Moderate,/content/processed/images_320/8cb6b0efaaac.jpg
789c60cba801,0,train_images/train_images,/content/raw/train_images/train_images/789c60cba801.png,No DR,/content/processed/images_320/789c60cba801.jpg
a47878630dc2,2,train_images/train_images,/content/raw/train_images/train_images/a47878630dc2.png,Moderate,/content/processed/images_320/a47878630dc2.jpg
a2ad3da4c7d6,2,train_images/train_images,/content/raw/train_images/train_images/a2ad3da4c7d6.png,Moderate,/content/processed/images_320/a2ad3da4c7d6.jpg
f3bb996b45ce,0,test_images/test_images,/content/raw/test_images/test_images/f3bb996b45ce.png,No DR,/content/processed/images_320/f3bb996b45ce.jpg
6c30dd481717,0,train_images/train_images,/content/raw/train_images/train_images/6c30dd481717.png,No DR,/content/processed/images_320/6c30dd481717.jpg
b468ebf5cb11,2,train_images/train_images,/content/raw/train_images/train_images/b468ebf5cb11.png,Moderate,/content/processed/images_320/b468ebf5cb11.jpg
a9bc2f892cb3,0,train_images/train_images,/content/raw/train_images/train_images/a9bc2f892cb3.png,No DR,/content/processed/images_320/a9bc2f892cb3.jpg
a6c9e96a10d7,2,train_images/train_images,/content/raw/train_images/train_images/a6c9e96a10d7.png,Moderate,/content/processed/images_320/a6c9e96a10d7.jpg
76f3473df8a6,0,train_images/train_images,/content/raw/train_images/train_images/76f3473df8a6.png,No DR,/content/processed/images_320/76f3473df8a6.jpg
fcc32dffd24d,0,test_images/test_images,/content/raw/test_images/test_images/fcc32dffd24d.png,No DR,/content/processed/images_320/fcc32dffd24d.jpg
7a06ea127e02,0,train_images/train_images,/content/raw/train_images/train_images/7a06ea127e02.png,No DR,/content/processed/images_320/7a06ea127e02.jpg
d667af5742f6,0,train_images/train_images,/content/raw/train_images/train_images/d667af5742f6.png,No DR,/content/processed/images_320/d667af5742f6.jpg
530d78467615,2,train_images/train_images,/content/raw/train_images/train_images/530d78467615.png,Moderate,/content/processed/images_320/530d78467615.jpg
18b7e34eab8f,0,val_images/val_images,/content/raw/val_images/val_images/18b7e34eab8f.png,No DR,/content/processed/images_320/18b7e34eab8f.jpg
42b08dca9b2f,2,train_images/train_images,/content/raw/train_images/train_images/42b08dca9b2f.png,Moderate,/content/processed/images_320/42b08dca9b2f.jpg
dfc7ec7db0e0,0,train_images/train_images,/content/raw/train_images/train_images/dfc7ec7db0e0.png,No DR,/content/processed/images_320/dfc7ec7db0e0.jpg
ad570b850a4f,2,train_images/train_images,/content/raw/train_images/train_images/ad570b850a4f.png,Moderate,/content/processed/images_320/ad570b850a4f.jpg
59928f999ae7,0,train_images/train_images,/content/raw/train_images/train_images/59928f999ae7.png,No DR,/content/processed/images_320/59928f999ae7.jpg
1caba2fb38f6,0,train_images/train_images,/content/raw/train_images/train_images/1caba2fb38f6.png,No DR,/content/processed/images_320/1caba2fb38f6.jpg
9095d43fb132,0,train_images/train_images,/content/raw/train_images/train_images/9095d43fb132.png,No DR,/content/processed/images_320/9095d43fb132.jpg
248139c423c4,1,train_images/train_images,/content/raw/train_images/train_images/248139c423c4.png,Mild,/content/processed/images_320/248139c423c4.jpg
09237bf783a4,0,val_images/val_images,/content/raw/val_images/val_images/09237bf783a4.png,No DR,/content/processed/images_320/09237bf783a4.jpg
a3802934bad7,2,train_images/train_images,/content/raw/train_images/train_images/a3802934bad7.png,Moderate,/content/processed/images_320/a3802934bad7.jpg
bec0acd539b2,3,train_images/train_images,/content/raw/train_images/train_images/bec0acd539b2.png,Severe,/content/processed/images_320/bec0acd539b2.jpg
c446985355f1,0,train_images/train_images,/content/raw/train_images/train_images/c446985355f1.png,No DR,/content/processed/images_320/c446985355f1.jpg
06024377d573,2,val_images/val_images,/content/raw/val_images/val_images/06024377d573.png,Moderate,/content/processed/images_320/06024377d573.jpg
224c14366e11,0,train_images/train_images,/content/raw/train_images/train_images/224c14366e11.png,No DR,/content/processed/images_320/224c14366e11.jpg
266fbefa58fb,0,train_images/train_images,/content/raw/train_images/train_images/266fbefa58fb.png,No DR,/content/processed/images_320/266fbefa58fb.jpg
b6d9974443ce,0,train_images/train_images,/content/raw/train_images/train_images/b6d9974443ce.png,No DR,/content/processed/images_320/b6d9974443ce.jpg
141735b57ec0,2,val_images/val_images,/content/raw/val_images/val_images/141735b57ec0.png,Moderate,/content/processed/images_320/141735b57ec0.jpg
d93b61dc8f64,0,train_images/train_images,/content/raw/train_images/train_images/d93b61dc8f64.png,No DR,/content/processed/images_320/d93b61dc8f64.jpg
a8e88d4891c4,3,train_images/train_images,/content/raw/train_images/train_images/a8e88d4891c4.png,Severe,/content/processed/images_320/a8e88d4891c4.jpg
b6304c545f95,2,train_images/train_images,/content/raw/train_images/train_images/b6304c545f95.png,Moderate,/content/processed/images_320/b6304c545f95.jpg
7131bf4c9e6f,0,train_images/train_images,/content/raw/train_images/train_images/7131bf4c9e6f.png,No DR,/content/processed/images_320/7131bf4c9e6f.jpg
454a944eb557,0,train_images/train_images,/content/raw/train_images/train_images/454a944eb557.png,No DR,/content/processed/images_320/454a944eb557.jpg
9785805af1b8,2,train_images/train_images,/content/raw/train_images/train_images/9785805af1b8.png,Moderate,/content/processed/images_320/9785805af1b8.jpg
46923eea9a4e,2,train_images/train_images,/content/raw/train_images/train_images/46923eea9a4e.png,Moderate,/content/processed/images_320/46923eea9a4e.jpg
7ccb267fd394,1,train_images/train_images,/content/raw/train_images/train_images/7ccb267fd394.png,Mild,/content/processed/images_320/7ccb267fd394.jpg
fa573163dd8b,0,test_images/test_images,/content/raw/test_images/test_images/fa573163dd8b.png,No DR,/content/processed/images_320/fa573163dd8b.jpg
3dbc90c7ee7d,1,train_images/train_images,/content/raw/train_images/train_images/3dbc90c7ee7d.png,Mild,/content/processed/images_320/3dbc90c7ee7d.jpg
cb602182cde3,2,train_images/train_images,/content/raw/train_images/train_images/cb602182cde3.png,Moderate,/content/processed/images_320/cb602182cde3.jpg
b310bd564329,3,train_images/train_images,/content/raw/train_images/train_images/b310bd564329.png,Severe,/content/processed/images_320/b310bd564329.jpg
1ca62b3e4fd3,0,train_images/train_images,/content/raw/train_images/train_images/1ca62b3e4fd3.png,No DR,/content/processed/images_320/1ca62b3e4fd3.jpg
96b5474ae604,0,train_images/train_images,/content/raw/train_images/train_images/96b5474ae604.png,No DR,/content/processed/images_320/96b5474ae604.jpg
916ec976ff30,3,train_images/train_images,/content/raw/train_images/train_images/916ec976ff30.png,Severe,/content/processed/images_320/916ec976ff30.jpg
d7ac4a0c9760,0,train_images/train_images,/content/raw/train_images/train_images/d7ac4a0c9760.png,No DR,/content/processed/images_320/d7ac4a0c9760.jpg
8fc09fecd22f,1,train_images/train_images,/content/raw/train_images/train_images/8fc09fecd22f.png,Mild,/content/processed/images_320/8fc09fecd22f.jpg
fb6b8200b7f8,1,test_images/test_images,/content/raw/test_images/test_images/fb6b8200b7f8.png,Mild,/content/processed/images_320/fb6b8200b7f8.jpg
784d6d302f98,0,train_images/train_images,/content/raw/train_images/train_images/784d6d302f98.png,No DR,/content/processed/images_320/784d6d302f98.jpg
1a7e3356b39c,4,val_images/val_images,/content/raw/val_images/val_images/1a7e3356b39c.png,Proliferative DR,/content/processed/images_320/1a7e3356b39c.jpg
dec5595e6154,0,train_images/train_images,/content/raw/train_images/train_images/dec5595e6154.png,No DR,/content/processed/images_320/dec5595e6154.jpg
0c43c79e8cfb,0,val_images/val_images,/content/raw/val_images/val_images/0c43c79e8cfb.png,No DR,/content/processed/images_320/0c43c79e8cfb.jpg
d3dfd0a2dee6,0,train_images/train_images,/content/raw/train_images/train_images/d3dfd0a2dee6.png,No DR,/content/processed/images_320/d3dfd0a2dee6.jpg
5a27b9b2a9c1,0,train_images/train_images,/content/raw/train_images/train_images/5a27b9b2a9c1.png,No DR,/content/processed/images_320/5a27b9b2a9c1.jpg
da9574d35b82,0,train_images/train_images,/content/raw/train_images/train_images/da9574d35b82.png,No DR,/content/processed/images_320/da9574d35b82.jpg
4246ed634f25,2,train_images/train_images,/content/raw/train_images/train_images/4246ed634f25.png,Moderate,/content/processed/images_320/4246ed634f25.jpg
07a3be30563b,2,val_images/val_images,/content/raw/val_images/val_images/07a3be30563b.png,Moderate,/content/processed/images_320/07a3be30563b.jpg
4c3c1ed09771,1,train_images/train_images,/content/raw/train_images/train_images/4c3c1ed09771.png,Mild,/content/processed/images_320/4c3c1ed09771.jpg
1d674e2e32e0,1,train_images/train_images,/content/raw/train_images/train_images/1d674e2e32e0.png,Mild,/content/processed/images_320/1d674e2e32e0.jpg
5b5b80a3edee,4,train_images/train_images,/content/raw/train_images/train_images/5b5b80a3edee.png,Proliferative DR,/content/processed/images_320/5b5b80a3edee.jpg
5cde55f745af,2,train_images/train_images,/content/raw/train_images/train_images/5cde55f745af.png,Moderate,/content/processed/images_320/5cde55f745af.jpg
52ae917fcea4,1,train_images/train_images,/content/raw/train_images/train_images/52ae917fcea4.png,Mild,/content/processed/images_320/52ae917fcea4.jpg
4350a1b2f3cb,0,train_images/train_images,/content/raw/train_images/train_images/4350a1b2f3cb.png,No DR,/content/processed/images_320/4350a1b2f3cb.jpg
d271d3a2b552,4,train_images/train_images,/content/raw/train_images/train_images/d271d3a2b552.png,Proliferative DR,/content/processed/images_320/d271d3a2b552.jpg
252305189b3a,0,train_images/train_images,/content/raw/train_images/train_images/252305189b3a.png,No DR,/content/processed/images_320/252305189b3a.jpg
b1f4122fd36a,2,train_images/train_images,/content/raw/train_images/train_images/b1f4122fd36a.png,Moderate,/content/processed/images_320/b1f4122fd36a.jpg
1c5ad36fb799,2,train_images/train_images,/content/raw/train_images/train_images/1c5ad36fb799.png,Moderate,/content/processed/images_320/1c5ad36fb799.jpg
525d0dd8dc45,0,train_images/train_images,/content/raw/train_images/train_images/525d0dd8dc45.png,No DR,/content/processed/images_320/525d0dd8dc45.jpg
1c578b72d7b3,2,train_images/train_images,/content/raw/train_images/train_images/1c578b72d7b3.png,Moderate,/content/processed/images_320/1c578b72d7b3.jpg
bdf47b9f10c4,0,train_images/train_images,/content/raw/train_images/train_images/bdf47b9f10c4.png,No DR,/content/processed/images_320/bdf47b9f10c4.jpg
80b5697f2a5e,0,train_images/train_images,/content/raw/train_images/train_images/80b5697f2a5e.png,No DR,/content/processed/images_320/80b5697f2a5e.jpg
43f22d1be8dd,0,train_images/train_images,/content/raw/train_images/train_images/43f22d1be8dd.png,No DR,/content/processed/images_320/43f22d1be8dd.jpg
aba3063c5413,3,train_images/train_images,/content/raw/train_images/train_images/aba3063c5413.png,Severe,/content/processed/images_320/aba3063c5413.jpg
6733544ae7a6,2,train_images/train_images,/content/raw/train_images/train_images/6733544ae7a6.png,Moderate,/content/processed/images_320/6733544ae7a6.jpg
ca360bec5851,2,train_images/train_images,/content/raw/train_images/train_images/ca360bec5851.png,Moderate,/content/processed/images_320/ca360bec5851.jpg
8958a4d17b7e,3,train_images/train_images,/content/raw/train_images/train_images/8958a4d17b7e.png,Severe,/content/processed/images_320/8958a4d17b7e.jpg
d0ffa0425ef1,3,train_images/train_images,/content/raw/train_images/train_images/d0ffa0425ef1.png,Severe,/content/processed/images_320/d0ffa0425ef1.jpg
e07045d7c5f7,1,train_images/train_images,/content/raw/train_images/train_images/e07045d7c5f7.png,Mild,/content/processed/images_320/e07045d7c5f7.jpg
4ffa38550c95,0,train_images/train_images,/content/raw/train_images/train_images/4ffa38550c95.png,No DR,/content/processed/images_320/4ffa38550c95.jpg
11d8e5eaee5b,0,val_images/val_images,/content/raw/val_images/val_images/11d8e5eaee5b.png,No DR,/content/processed/images_320/11d8e5eaee5b.jpg
b99794a0beed,2,train_images/train_images,/content/raw/train_images/train_images/b99794a0beed.png,Moderate,/content/processed/images_320/b99794a0beed.jpg
8f14bca04b47,0,train_images/train_images,/content/raw/train_images/train_images/8f14bca04b47.png,No DR,/content/processed/images_320/8f14bca04b47.jpg
75a7bc945b7d,2,train_images/train_images,/content/raw/train_images/train_images/75a7bc945b7d.png,Moderate,/content/processed/images_320/75a7bc945b7d.jpg
7214fc7cbe03,0,train_images/train_images,/content/raw/train_images/train_images/7214fc7cbe03.png,No DR,/content/processed/images_320/7214fc7cbe03.jpg
76cab26493f1,0,train_images/train_images,/content/raw/train_images/train_images/76cab26493f1.png,No DR,/content/processed/images_320/76cab26493f1.jpg
0fb560f9adb2,2,val_images/val_images,/content/raw/val_images/val_images/0fb560f9adb2.png,Moderate,/content/processed/images_320/0fb560f9adb2.jpg
ff344e5c9341,2,test_images/test_images,/content/raw/test_images/test_images/ff344e5c9341.png,Moderate,/content/processed/images_320/ff344e5c9341.jpg
b8ebedd382de,1,train_images/train_images,/content/raw/train_images/train_images/b8ebedd382de.png,Mild,/content/processed/images_320/b8ebedd382de.jpg
855f0a5442b6,2,train_images/train_images,/content/raw/train_images/train_images/855f0a5442b6.png,Moderate,/content/processed/images_320/855f0a5442b6.jpg
f9d52509c571,0,test_images/test_images,/content/raw/test_images/test_images/f9d52509c571.png,No DR,/content/processed/images_320/f9d52509c571.jpg
d2901144070c,4,train_images/train_images,/content/raw/train_images/train_images/d2901144070c.png,Proliferative DR,/content/processed/images_320/d2901144070c.jpg
59bd19c1c5bb,0,train_images/train_images,/content/raw/train_images/train_images/59bd19c1c5bb.png,No DR,/content/processed/images_320/59bd19c1c5bb.jpg
28f98cfe3858,1,train_images/train_images,/content/raw/train_images/train_images/28f98cfe3858.png,Mild,/content/processed/images_320/28f98cfe3858.jpg
354b8911d6ed,2,train_images/train_images,/content/raw/train_images/train_images/354b8911d6ed.png,Moderate,/content/processed/images_320/354b8911d6ed.jpg
4205e9deb058,0,train_images/train_images,/content/raw/train_images/train_images/4205e9deb058.png,No DR,/content/processed/images_320/4205e9deb058.jpg
6bb30ec3231a,0,train_images/train_images,/content/raw/train_images/train_images/6bb30ec3231a.png,No DR,/content/processed/images_320/6bb30ec3231a.jpg
bc92a61a1f9c,0,train_images/train_images,/content/raw/train_images/train_images/bc92a61a1f9c.png,No DR,/content/processed/images_320/bc92a61a1f9c.jpg
e7d2c2c3b30f,4,test_images/test_images,/content/raw/test_images/test_images/e7d2c2c3b30f.png,Proliferative DR,/content/processed/images_320/e7d2c2c3b30f.jpg
86410aa13b3e,0,train_images/train_images,/content/raw/train_images/train_images/86410aa13b3e.png,No DR,/content/processed/images_320/86410aa13b3e.jpg
b6fd109b1bc9,0,train_images/train_images,/content/raw/train_images/train_images/b6fd109b1bc9.png,No DR,/content/processed/images_320/b6fd109b1bc9.jpg
7ad0c4975890,0,train_images/train_images,/content/raw/train_images/train_images/7ad0c4975890.png,No DR,/content/processed/images_320/7ad0c4975890.jpg
c76664770c07,3,train_images/train_images,/content/raw/train_images/train_images/c76664770c07.png,Severe,/content/processed/images_320/c76664770c07.jpg
bebfbd907cac,0,train_images/train_images,/content/raw/train_images/train_images/bebfbd907cac.png,No DR,/content/processed/images_320/bebfbd907cac.jpg
77543f66a84a,2,train_images/train_images,/content/raw/train_images/train_images/77543f66a84a.png,Moderate,/content/processed/images_320/77543f66a84a.jpg
529906ff9dfa,0,train_images/train_images,/content/raw/train_images/train_images/529906ff9dfa.png,No DR,/content/processed/images_320/529906ff9dfa.jpg
91b6ebaa3678,3,train_images/train_images,/content/raw/train_images/train_images/91b6ebaa3678.png,Severe,/content/processed/images_320/91b6ebaa3678.jpg
71e4130bf5c8,2,train_images/train_images,/content/raw/train_images/train_images/71e4130bf5c8.png,Moderate,/content/processed/images_320/71e4130bf5c8.jpg
2f284b6a1940,4,train_images/train_images,/content/raw/train_images/train_images/2f284b6a1940.png,Proliferative DR,/content/processed/images_320/2f284b6a1940.jpg
4036471a1bb7,0,train_images/train_images,/content/raw/train_images/train_images/4036471a1bb7.png,No DR,/content/processed/images_320/4036471a1bb7.jpg
3254e48c8aa0,0,train_images/train_images,/content/raw/train_images/train_images/3254e48c8aa0.png,No DR,/content/processed/images_320/3254e48c8aa0.jpg
54f57cf26126,0,train_images/train_images,/content/raw/train_images/train_images/54f57cf26126.png,No DR,/content/processed/images_320/54f57cf26126.jpg
378963f9df22,4,train_images/train_images,/content/raw/train_images/train_images/378963f9df22.png,Proliferative DR,/content/processed/images_320/378963f9df22.jpg
44a86263117b,0,train_images/train_images,/content/raw/train_images/train_images/44a86263117b.png,No DR,/content/processed/images_320/44a86263117b.jpg
7c629b491d1a,4,train_images/train_images,/content/raw/train_images/train_images/7c629b491d1a.png,Proliferative DR,/content/processed/images_320/7c629b491d1a.jpg
ad20080452de,0,train_images/train_images,/content/raw/train_images/train_images/ad20080452de.png,No DR,/content/processed/images_320/ad20080452de.jpg
4393c5bc576a,1,train_images/train_images,/content/raw/train_images/train_images/4393c5bc576a.png,Mild,/content/processed/images_320/4393c5bc576a.jpg
50ddd7d976df,0,train_images/train_images,/content/raw/train_images/train_images/50ddd7d976df.png,No DR,/content/processed/images_320/50ddd7d976df.jpg
03c85870824c,3,val_images/val_images,/content/raw/val_images/val_images/03c85870824c.png,Severe,/content/processed/images_320/03c85870824c.jpg
f09fd9433dff,0,test_images/test_images,/content/raw/test_images/test_images/f09fd9433dff.png,No DR,/content/processed/images_320/f09fd9433dff.jpg
a790a3b36390,2,train_images/train_images,/content/raw/train_images/train_images/a790a3b36390.png,Moderate,/content/processed/images_320/a790a3b36390.jpg
ddb222ff7c1d,0,train_images/train_images,/content/raw/train_images/train_images/ddb222ff7c1d.png,No DR,/content/processed/images_320/ddb222ff7c1d.jpg
21abd36095a1,4,train_images/train_images,/content/raw/train_images/train_images/21abd36095a1.png,Proliferative DR,/content/processed/images_320/21abd36095a1.jpg
1e143fa3de57,2,train_images/train_images,/content/raw/train_images/train_images/1e143fa3de57.png,Moderate,/content/processed/images_320/1e143fa3de57.jpg
a0adbe677508,0,train_images/train_images,/content/raw/train_images/train_images/a0adbe677508.png,No DR,/content/processed/images_320/a0adbe677508.jpg
e540d2e35d15,2,test_images/test_images,/content/raw/test_images/test_images/e540d2e35d15.png,Moderate,/content/processed/images_320/e540d2e35d15.jpg
b7983cb3f270,0,train_images/train_images,/content/raw/train_images/train_images/b7983cb3f270.png,No DR,/content/processed/images_320/b7983cb3f270.jpg
98d41bce73a8,0,train_images/train_images,/content/raw/train_images/train_images/98d41bce73a8.png,No DR,/content/processed/images_320/98d41bce73a8.jpg
76fe19ff64fb,2,train_images/train_images,/content/raw/train_images/train_images/76fe19ff64fb.png,Moderate,/content/processed/images_320/76fe19ff64fb.jpg
65f5d2a6eb7e,0,train_images/train_images,/content/raw/train_images/train_images/65f5d2a6eb7e.png,No DR,/content/processed/images_320/65f5d2a6eb7e.jpg
65cf00be6fb4,0,train_images/train_images,/content/raw/train_images/train_images/65cf00be6fb4.png,No DR,/content/processed/images_320/65cf00be6fb4.jpg
db4ed1e07aa3,1,train_images/train_images,/content/raw/train_images/train_images/db4ed1e07aa3.png,Mild,/content/processed/images_320/db4ed1e07aa3.jpg
c9ea9d5eab65,3,train_images/train_images,/content/raw/train_images/train_images/c9ea9d5eab65.png,Severe,/content/processed/images_320/c9ea9d5eab65.jpg
a8854768549f,0,train_images/train_images,/content/raw/train_images/train_images/a8854768549f.png,No DR,/content/processed/images_320/a8854768549f.jpg
1efa5d443707,4,train_images/train_images,/content/raw/train_images/train_images/1efa5d443707.png,Proliferative DR,/content/processed/images_320/1efa5d443707.jpg
799214e8b07c,0,train_images/train_images,/content/raw/train_images/train_images/799214e8b07c.png,No DR,/content/processed/images_320/799214e8b07c.jpg
01eb826f6467,2,val_images/val_images,/content/raw/val_images/val_images/01eb826f6467.png,Moderate,/content/processed/images_320/01eb826f6467.jpg
77ab222bf85c,0,train_images/train_images,/content/raw/train_images/train_images/77ab222bf85c.png,No DR,/content/processed/images_320/77ab222bf85c.jpg
1fd5d860d4d7,4,train_images/train_images,/content/raw/train_images/train_images/1fd5d860d4d7.png,Proliferative DR,/content/processed/images_320/1fd5d860d4d7.jpg
f2c0b41acd05,0,test_images/test_images,/content/raw/test_images/test_images/f2c0b41acd05.png,No DR,/content/processed/images_320/f2c0b41acd05.jpg
3f49f8d100e9,3,train_images/train_images,/content/raw/train_images/train_images/3f49f8d100e9.png,Severe,/content/processed/images_320/3f49f8d100e9.jpg
03a7f4a5786f,4,val_images/val_images,/content/raw/val_images/val_images/03a7f4a5786f.png,Proliferative DR,/content/processed/images_320/03a7f4a5786f.jpg
f8372e80f731,2,test_images/test_images,/content/raw/test_images/test_images/f8372e80f731.png,Moderate,/content/processed/images_320/f8372e80f731.jpg
02358b47ea89,0,val_images/val_images,/content/raw/val_images/val_images/02358b47ea89.png,No DR,/content/processed/images_320/02358b47ea89.jpg
f431f2e119d7,0,test_images/test_images,/content/raw/test_images/test_images/f431f2e119d7.png,No DR,/content/processed/images_320/f431f2e119d7.jpg
5e7630f8438e,2,train_images/train_images,/content/raw/train_images/train_images/5e7630f8438e.png,Moderate,/content/processed/images_320/5e7630f8438e.jpg
89fc080f7e83,2,train_images/train_images,/content/raw/train_images/train_images/89fc080f7e83.png,Moderate,/content/processed/images_320/89fc080f7e83.jpg
08a3875063c3,4,val_images/val_images,/content/raw/val_images/val_images/08a3875063c3.png,Proliferative DR,/content/processed/images_320/08a3875063c3.jpg
4c60f6fcea75,0,train_images/train_images,/content/raw/train_images/train_images/4c60f6fcea75.png,No DR,/content/processed/images_320/4c60f6fcea75.jpg
e663c6627a95,2,test_images/test_images,/content/raw/test_images/test_images/e663c6627a95.png,Moderate,/content/processed/images_320/e663c6627a95.jpg
be197b663520,0,train_images/train_images,/content/raw/train_images/train_images/be197b663520.png,No DR,/content/processed/images_320/be197b663520.jpg
f64b6e85f1c9,0,test_images/test_images,/content/raw/test_images/test_images/f64b6e85f1c9.png,No DR,/content/processed/images_320/f64b6e85f1c9.jpg
6c2555a9cae4,2,train_images/train_images,/content/raw/train_images/train_images/6c2555a9cae4.png,Moderate,/content/processed/images_320/6c2555a9cae4.jpg
1ab8d3431ffc,0,val_images/val_images,/content/raw/val_images/val_images/1ab8d3431ffc.png,No DR,/content/processed/images_320/1ab8d3431ffc.jpg
f002ce614c59,0,test_images/test_images,/content/raw/test_images/test_images/f002ce614c59.png,No DR,/content/processed/images_320/f002ce614c59.jpg
8b079e79035f,0,train_images/train_images,/content/raw/train_images/train_images/8b079e79035f.png,No DR,/content/processed/images_320/8b079e79035f.jpg
4fd5ec0dca09,0,train_images/train_images,/content/raw/train_images/train_images/4fd5ec0dca09.png,No DR,/content/processed/images_320/4fd5ec0dca09.jpg
975252e325e3,2,train_images/train_images,/content/raw/train_images/train_images/975252e325e3.png,Moderate,/content/processed/images_320/975252e325e3.jpg
338326891d84,0,train_images/train_images,/content/raw/train_images/train_images/338326891d84.png,No DR,/content/processed/images_320/338326891d84.jpg
99e8bf998285,2,train_images/train_images,/content/raw/train_images/train_images/99e8bf998285.png,Moderate,/content/processed/images_320/99e8bf998285.jpg
a6b6d27c1b32,0,train_images/train_images,/content/raw/train_images/train_images/a6b6d27c1b32.png,No DR,/content/processed/images_320/a6b6d27c1b32.jpg
314862758acf,2,train_images/train_images,/content/raw/train_images/train_images/314862758acf.png,Moderate,/content/processed/images_320/314862758acf.jpg
5056fa7d505f,0,train_images/train_images,/content/raw/train_images/train_images/5056fa7d505f.png,No DR,/content/processed/images_320/5056fa7d505f.jpg
3b2b91590590,0,train_images/train_images,/content/raw/train_images/train_images/3b2b91590590.png,No DR,/content/processed/images_320/3b2b91590590.jpg
175dd560810a,2,val_images/val_images,/content/raw/val_images/val_images/175dd560810a.png,Moderate,/content/processed/images_320/175dd560810a.jpg
a4012932e18d,0,train_images/train_images,/content/raw/train_images/train_images/a4012932e18d.png,No DR,/content/processed/images_320/a4012932e18d.jpg
b9bc81fcb075,0,train_images/train_images,/content/raw/train_images/train_images/b9bc81fcb075.png,No DR,/content/processed/images_320/b9bc81fcb075.jpg
d7bc62d60e8c,0,train_images/train_images,/content/raw/train_images/train_images/d7bc62d60e8c.png,No DR,/content/processed/images_320/d7bc62d60e8c.jpg
d1fa0f744620,0,train_images/train_images,/content/raw/train_images/train_images/d1fa0f744620.png,No DR,/content/processed/images_320/d1fa0f744620.jpg
4f7755e74a9e,1,train_images/train_images,/content/raw/train_images/train_images/4f7755e74a9e.png,Mild,/content/processed/images_320/4f7755e74a9e.jpg
8c0d05233238,3,train_images/train_images,/content/raw/train_images/train_images/8c0d05233238.png,Severe,/content/processed/images_320/8c0d05233238.jpg
aa31bc6b8f4d,2,train_images/train_images,/content/raw/train_images/train_images/aa31bc6b8f4d.png,Moderate,/content/processed/images_320/aa31bc6b8f4d.jpg
add1d681d712,2,train_images/train_images,/content/raw/train_images/train_images/add1d681d712.png,Moderate,/content/processed/images_320/add1d681d712.jpg
253e96488cfb,0,train_images/train_images,/content/raw/train_images/train_images/253e96488cfb.png,No DR,/content/processed/images_320/253e96488cfb.jpg
3c78bfca247b,4,train_images/train_images,/content/raw/train_images/train_images/3c78bfca247b.png,Proliferative DR,/content/processed/images_320/3c78bfca247b.jpg
b4e15102cd7a,0,train_images/train_images,/content/raw/train_images/train_images/b4e15102cd7a.png,No DR,/content/processed/images_320/b4e15102cd7a.jpg
6f4e0538d1e4,2,train_images/train_images,/content/raw/train_images/train_images/6f4e0538d1e4.png,Moderate,/content/processed/images_320/6f4e0538d1e4.jpg
4ce74e5eb51d,2,train_images/train_images,/content/raw/train_images/train_images/4ce74e5eb51d.png,Moderate,/content/processed/images_320/4ce74e5eb51d.jpg
7bc2e0fa3f72,2,train_images/train_images,/content/raw/train_images/train_images/7bc2e0fa3f72.png,Moderate,/content/processed/images_320/7bc2e0fa3f72.jpg
e499434242cc,2,train_images/train_images,/content/raw/train_images/train_images/e499434242cc.png,Moderate,/content/processed/images_320/e499434242cc.jpg
66b88a4bc474,0,train_images/train_images,/content/raw/train_images/train_images/66b88a4bc474.png,No DR,/content/processed/images_320/66b88a4bc474.jpg
80a02014b418,1,train_images/train_images,/content/raw/train_images/train_images/80a02014b418.png,Mild,/content/processed/images_320/80a02014b418.jpg
735836b1ffa6,0,train_images/train_images,/content/raw/train_images/train_images/735836b1ffa6.png,No DR,/content/processed/images_320/735836b1ffa6.jpg
07a0be6b347f,0,val_images/val_images,/content/raw/val_images/val_images/07a0be6b347f.png,No DR,/content/processed/images_320/07a0be6b347f.jpg
1cb814ed6332,2,train_images/train_images,/content/raw/train_images/train_images/1cb814ed6332.png,Moderate,/content/processed/images_320/1cb814ed6332.jpg
eae70f527755,0,test_images/test_images,/content/raw/test_images/test_images/eae70f527755.png,No DR,/content/processed/images_320/eae70f527755.jpg
ccd34029493d,2,train_images/train_images,/content/raw/train_images/train_images/ccd34029493d.png,Moderate,/content/processed/images_320/ccd34029493d.jpg
50a2aef380c8,3,train_images/train_images,/content/raw/train_images/train_images/50a2aef380c8.png,Severe,/content/processed/images_320/50a2aef380c8.jpg
12b57dac703e,0,val_images/val_images,/content/raw/val_images/val_images/12b57dac703e.png,No DR,/content/processed/images_320/12b57dac703e.jpg
d264396d8d1a,2,train_images/train_images,/content/raw/train_images/train_images/d264396d8d1a.png,Moderate,/content/processed/images_320/d264396d8d1a.jpg
88e4399d207c,0,train_images/train_images,/content/raw/train_images/train_images/88e4399d207c.png,No DR,/content/processed/images_320/88e4399d207c.jpg
1ca91751be4d,0,train_images/train_images,/content/raw/train_images/train_images/1ca91751be4d.png,No DR,/content/processed/images_320/1ca91751be4d.jpg
c739ff9580d3,1,train_images/train_images,/content/raw/train_images/train_images/c739ff9580d3.png,Mild,/content/processed/images_320/c739ff9580d3.jpg
d9bbdc33db83,2,train_images/train_images,/content/raw/train_images/train_images/d9bbdc33db83.png,Moderate,/content/processed/images_320/d9bbdc33db83.jpg
b376def52ccc,2,train_images/train_images,/content/raw/train_images/train_images/b376def52ccc.png,Moderate,/content/processed/images_320/b376def52ccc.jpg
f4d3777f2710,2,test_images/test_images,/content/raw/test_images/test_images/f4d3777f2710.png,Moderate,/content/processed/images_320/f4d3777f2710.jpg
fe3b0e50be78,0,test_images/test_images,/content/raw/test_images/test_images/fe3b0e50be78.png,No DR,/content/processed/images_320/fe3b0e50be78.jpg
e246cd89e1cc,0,train_images/train_images,/content/raw/train_images/train_images/e246cd89e1cc.png,No DR,/content/processed/images_320/e246cd89e1cc.jpg
a62e995f167c,0,train_images/train_images,/content/raw/train_images/train_images/a62e995f167c.png,No DR,/content/processed/images_320/a62e995f167c.jpg
9d62478042b6,0,train_images/train_images,/content/raw/train_images/train_images/9d62478042b6.png,No DR,/content/processed/images_320/9d62478042b6.jpg
711d1480d2e3,2,train_images/train_images,/content/raw/train_images/train_images/711d1480d2e3.png,Moderate,/content/processed/images_320/711d1480d2e3.jpg
7f2cce721e19,0,train_images/train_images,/content/raw/train_images/train_images/7f2cce721e19.png,No DR,/content/processed/images_320/7f2cce721e19.jpg
d7a01fca9838,0,train_images/train_images,/content/raw/train_images/train_images/d7a01fca9838.png,No DR,/content/processed/images_320/d7a01fca9838.jpg
bd5013540a13,4,train_images/train_images,/content/raw/train_images/train_images/bd5013540a13.png,Proliferative DR,/content/processed/images_320/bd5013540a13.jpg
9b4fc15df3c8,0,train_images/train_images,/content/raw/train_images/train_images/9b4fc15df3c8.png,No DR,/content/processed/images_320/9b4fc15df3c8.jpg
63a03880939c,1,train_images/train_images,/content/raw/train_images/train_images/63a03880939c.png,Mild,/content/processed/images_320/63a03880939c.jpg
382752f6694a,1,train_images/train_images,/content/raw/train_images/train_images/382752f6694a.png,Mild,/content/processed/images_320/382752f6694a.jpg
b033ab4fb723,2,train_images/train_images,/content/raw/train_images/train_images/b033ab4fb723.png,Moderate,/content/processed/images_320/b033ab4fb723.jpg
a7c10ca6c117,0,train_images/train_images,/content/raw/train_images/train_images/a7c10ca6c117.png,No DR,/content/processed/images_320/a7c10ca6c117.jpg
ca6842bfcbc9,1,train_images/train_images,/content/raw/train_images/train_images/ca6842bfcbc9.png,Mild,/content/processed/images_320/ca6842bfcbc9.jpg
df0886f1e76b,0,train_images/train_images,/content/raw/train_images/train_images/df0886f1e76b.png,No DR,/content/processed/images_320/df0886f1e76b.jpg
143db89c11c8,0,val_images/val_images,/content/raw/val_images/val_images/143db89c11c8.png,No DR,/content/processed/images_320/143db89c11c8.jpg
423abbaa5fad,2,train_images/train_images,/content/raw/train_images/train_images/423abbaa5fad.png,Moderate,/content/processed/images_320/423abbaa5fad.jpg
6089fa333013,3,train_images/train_images,/content/raw/train_images/train_images/6089fa333013.png,Severe,/content/processed/images_320/6089fa333013.jpg
0daddc45d832,0,val_images/val_images,/content/raw/val_images/val_images/0daddc45d832.png,No DR,/content/processed/images_320/0daddc45d832.jpg
33105f9b3a04,1,train_images/train_images,/content/raw/train_images/train_images/33105f9b3a04.png,Mild,/content/processed/images_320/33105f9b3a04.jpg
7d261f986bef,2,train_images/train_images,/content/raw/train_images/train_images/7d261f986bef.png,Moderate,/content/processed/images_320/7d261f986bef.jpg
e10190a9d52f,2,train_images/train_images,/content/raw/train_images/train_images/e10190a9d52f.png,Moderate,/content/processed/images_320/e10190a9d52f.jpg
48c72dec46e5,2,train_images/train_images,/content/raw/train_images/train_images/48c72dec46e5.png,Moderate,/content/processed/images_320/48c72dec46e5.jpg
0db1d8dcf219,0,val_images/val_images,/content/raw/val_images/val_images/0db1d8dcf219.png,No DR,/content/processed/images_320/0db1d8dcf219.jpg
7435e9a3e36e,0,train_images/train_images,/content/raw/train_images/train_images/7435e9a3e36e.png,No DR,/content/processed/images_320/7435e9a3e36e.jpg
db3cd58aa315,0,train_images/train_images,/content/raw/train_images/train_images/db3cd58aa315.png,No DR,/content/processed/images_320/db3cd58aa315.jpg
1ab3f1c71a5f,3,val_images/val_images,/content/raw/val_images/val_images/1ab3f1c71a5f.png,Severe,/content/processed/images_320/1ab3f1c71a5f.jpg
66bae1ba227f,2,train_images/train_images,/content/raw/train_images/train_images/66bae1ba227f.png,Moderate,/content/processed/images_320/66bae1ba227f.jpg
0eced86c9db8,0,val_images/val_images,/content/raw/val_images/val_images/0eced86c9db8.png,No DR,/content/processed/images_320/0eced86c9db8.jpg
fc1b1841eadf,2,test_images/test_images,/content/raw/test_images/test_images/fc1b1841eadf.png,Moderate,/content/processed/images_320/fc1b1841eadf.jpg
a0e635689259,0,train_images/train_images,/content/raw/train_images/train_images/a0e635689259.png,No DR,/content/processed/images_320/a0e635689259.jpg
c48ae5da188e,2,train_images/train_images,/content/raw/train_images/train_images/c48ae5da188e.png,Moderate,/content/processed/images_320/c48ae5da188e.jpg
c1896142a20a,4,train_images/train_images,/content/raw/train_images/train_images/c1896142a20a.png,Proliferative DR,/content/processed/images_320/c1896142a20a.jpg
753b14c27c83,4,train_images/train_images,/content/raw/train_images/train_images/753b14c27c83.png,Proliferative DR,/content/processed/images_320/753b14c27c83.jpg
1dbdc32c17db,2,train_images/train_images,/content/raw/train_images/train_images/1dbdc32c17db.png,Moderate,/content/processed/images_320/1dbdc32c17db.jpg
61da799bf0aa,0,train_images/train_images,/content/raw/train_images/train_images/61da799bf0aa.png,No DR,/content/processed/images_320/61da799bf0aa.jpg
d16e39b9d6f0,0,train_images/train_images,/content/raw/train_images/train_images/d16e39b9d6f0.png,No DR,/content/processed/images_320/d16e39b9d6f0.jpg
5bf6f2958e53,0,train_images/train_images,/content/raw/train_images/train_images/5bf6f2958e53.png,No DR,/content/processed/images_320/5bf6f2958e53.jpg
246e4506824a,2,train_images/train_images,/content/raw/train_images/train_images/246e4506824a.png,Moderate,/content/processed/images_320/246e4506824a.jpg
12025b34deb8,2,val_images/val_images,/content/raw/val_images/val_images/12025b34deb8.png,Moderate,/content/processed/images_320/12025b34deb8.jpg
6efa36d59ada,3,train_images/train_images,/content/raw/train_images/train_images/6efa36d59ada.png,Severe,/content/processed/images_320/6efa36d59ada.jpg
2b074afdf626,2,train_images/train_images,/content/raw/train_images/train_images/2b074afdf626.png,Moderate,/content/processed/images_320/2b074afdf626.jpg
5445255635f0,0,train_images/train_images,/content/raw/train_images/train_images/5445255635f0.png,No DR,/content/processed/images_320/5445255635f0.jpg
bde1063a5dd7,0,train_images/train_images,/content/raw/train_images/train_images/bde1063a5dd7.png,No DR,/content/processed/images_320/bde1063a5dd7.jpg
b98f77098b9d,2,train_images/train_images,/content/raw/train_images/train_images/b98f77098b9d.png,Moderate,/content/processed/images_320/b98f77098b9d.jpg
0212dd31f623,0,val_images/val_images,/content/raw/val_images/val_images/0212dd31f623.png,No DR,/content/processed/images_320/0212dd31f623.jpg
51a078d6d43a,0,train_images/train_images,/content/raw/train_images/train_images/51a078d6d43a.png,No DR,/content/processed/images_320/51a078d6d43a.jpg
521d3e264d71,2,train_images/train_images,/content/raw/train_images/train_images/521d3e264d71.png,Moderate,/content/processed/images_320/521d3e264d71.jpg
e251bdf05b85,0,train_images/train_images,/content/raw/train_images/train_images/e251bdf05b85.png,No DR,/content/processed/images_320/e251bdf05b85.jpg
71f6a6e4620a,1,train_images/train_images,/content/raw/train_images/train_images/71f6a6e4620a.png,Mild,/content/processed/images_320/71f6a6e4620a.jpg
50840c36f0b4,1,train_images/train_images,/content/raw/train_images/train_images/50840c36f0b4.png,Mild,/content/processed/images_320/50840c36f0b4.jpg
44e951e45dca,2,train_images/train_images,/content/raw/train_images/train_images/44e951e45dca.png,Moderate,/content/processed/images_320/44e951e45dca.jpg
62ecdc90dd42,2,train_images/train_images,/content/raw/train_images/train_images/62ecdc90dd42.png,Moderate,/content/processed/images_320/62ecdc90dd42.jpg
f0267c42907c,0,test_images/test_images,/content/raw/test_images/test_images/f0267c42907c.png,No DR,/content/processed/images_320/f0267c42907c.jpg
b70cb31b9abb,4,train_images/train_images,/content/raw/train_images/train_images/b70cb31b9abb.png,Proliferative DR,/content/processed/images_320/b70cb31b9abb.jpg
3ee17aa12e46,1,train_images/train_images,/content/raw/train_images/train_images/3ee17aa12e46.png,Mild,/content/processed/images_320/3ee17aa12e46.jpg
a5bb85afc6e8,0,train_images/train_images,/content/raw/train_images/train_images/a5bb85afc6e8.png,No DR,/content/processed/images_320/a5bb85afc6e8.jpg
9eaf735cf01f,1,train_images/train_images,/content/raw/train_images/train_images/9eaf735cf01f.png,Mild,/content/processed/images_320/9eaf735cf01f.jpg
ff8a0b45c789,4,test_images/test_images,/content/raw/test_images/test_images/ff8a0b45c789.png,Proliferative DR,/content/processed/images_320/ff8a0b45c789.jpg
a6731dd737af,0,train_images/train_images,/content/raw/train_images/train_images/a6731dd737af.png,No DR,/content/processed/images_320/a6731dd737af.jpg
9d98a0b585f2,2,train_images/train_images,/content/raw/train_images/train_images/9d98a0b585f2.png,Moderate,/content/processed/images_320/9d98a0b585f2.jpg
187f6ccda87a,4,val_images/val_images,/content/raw/val_images/val_images/187f6ccda87a.png,Proliferative DR,/content/processed/images_320/187f6ccda87a.jpg
cae33655ca00,0,train_images/train_images,/content/raw/train_images/train_images/cae33655ca00.png,No DR,/content/processed/images_320/cae33655ca00.jpg
96a9706b8534,1,train_images/train_images,/content/raw/train_images/train_images/96a9706b8534.png,Mild,/content/processed/images_320/96a9706b8534.jpg
bebb3f167654,1,train_images/train_images,/content/raw/train_images/train_images/bebb3f167654.png,Mild,/content/processed/images_320/bebb3f167654.jpg
8676427e4625,1,train_images/train_images,/content/raw/train_images/train_images/8676427e4625.png,Mild,/content/processed/images_320/8676427e4625.jpg
b82d5f1f1145,2,train_images/train_images,/content/raw/train_images/train_images/b82d5f1f1145.png,Moderate,/content/processed/images_320/b82d5f1f1145.jpg
675de69373f8,0,train_images/train_images,/content/raw/train_images/train_images/675de69373f8.png,No DR,/content/processed/images_320/675de69373f8.jpg
7f84284598f5,2,train_images/train_images,/content/raw/train_images/train_images/7f84284598f5.png,Moderate,/content/processed/images_320/7f84284598f5.jpg
d1ca85af57c9,0,train_images/train_images,/content/raw/train_images/train_images/d1ca85af57c9.png,No DR,/content/processed/images_320/d1ca85af57c9.jpg
0519b934f6b1,2,val_images/val_images,/content/raw/val_images/val_images/0519b934f6b1.png,Moderate,/content/processed/images_320/0519b934f6b1.jpg
92587e494d51,0,train_images/train_images,/content/raw/train_images/train_images/92587e494d51.png,No DR,/content/processed/images_320/92587e494d51.jpg
152db3de8120,0,val_images/val_images,/content/raw/val_images/val_images/152db3de8120.png,No DR,/content/processed/images_320/152db3de8120.jpg
d88806d9ece9,2,train_images/train_images,/content/raw/train_images/train_images/d88806d9ece9.png,Moderate,/content/processed/images_320/d88806d9ece9.jpg
d5b4705ac2ee,1,train_images/train_images,/content/raw/train_images/train_images/d5b4705ac2ee.png,Mild,/content/processed/images_320/d5b4705ac2ee.jpg
64a13949e879,2,train_images/train_images,/content/raw/train_images/train_images/64a13949e879.png,Moderate,/content/processed/images_320/64a13949e879.jpg
2209daf71aab,0,train_images/train_images,/content/raw/train_images/train_images/2209daf71aab.png,No DR,/content/processed/images_320/2209daf71aab.jpg
ceaa5803d780,2,train_images/train_images,/content/raw/train_images/train_images/ceaa5803d780.png,Moderate,/content/processed/images_320/ceaa5803d780.jpg
1c9c583c10bf,0,train_images/train_images,/content/raw/train_images/train_images/1c9c583c10bf.png,No DR,/content/processed/images_320/1c9c583c10bf.jpg
92d8a7c8e718,2,train_images/train_images,/content/raw/train_images/train_images/92d8a7c8e718.png,Moderate,/content/processed/images_320/92d8a7c8e718.jpg
0da632ca45e0,0,val_images/val_images,/content/raw/val_images/val_images/0da632ca45e0.png,No DR,/content/processed/images_320/0da632ca45e0.jpg
b7ce561a7328,0,train_images/train_images,/content/raw/train_images/train_images/b7ce561a7328.png,No DR,/content/processed/images_320/b7ce561a7328.jpg
39aa3cd93c50,3,train_images/train_images,/content/raw/train_images/train_images/39aa3cd93c50.png,Severe,/content/processed/images_320/39aa3cd93c50.jpg
587146a55885,1,train_images/train_images,/content/raw/train_images/train_images/587146a55885.png,Mild,/content/processed/images_320/587146a55885.jpg
38e111cac46f,2,train_images/train_images,/content/raw/train_images/train_images/38e111cac46f.png,Moderate,/content/processed/images_320/38e111cac46f.jpg
e265c870f9b3,2,train_images/train_images,/content/raw/train_images/train_images/e265c870f9b3.png,Moderate,/content/processed/images_320/e265c870f9b3.jpg
cd01672507c9,0,train_images/train_images,/content/raw/train_images/train_images/cd01672507c9.png,No DR,/content/processed/images_320/cd01672507c9.jpg
a0d04a19cf40,2,train_images/train_images,/content/raw/train_images/train_images/a0d04a19cf40.png,Moderate,/content/processed/images_320/a0d04a19cf40.jpg
efff2f1a35f5,2,test_images/test_images,/content/raw/test_images/test_images/efff2f1a35f5.png,Moderate,/content/processed/images_320/efff2f1a35f5.jpg
dfea19863428,0,train_images/train_images,/content/raw/train_images/train_images/dfea19863428.png,No DR,/content/processed/images_320/dfea19863428.jpg
0318598cfd16,4,val_images/val_images,/content/raw/val_images/val_images/0318598cfd16.png,Proliferative DR,/content/processed/images_320/0318598cfd16.jpg
757e39293591,0,train_images/train_images,/content/raw/train_images/train_images/757e39293591.png,No DR,/content/processed/images_320/757e39293591.jpg
0dce95217626,1,val_images/val_images,/content/raw/val_images/val_images/0dce95217626.png,Mild,/content/processed/images_320/0dce95217626.jpg
0104b032c141,3,val_images/val_images,/content/raw/val_images/val_images/0104b032c141.png,Severe,/content/processed/images_320/0104b032c141.jpg
e2a47a74e6e1,2,train_images/train_images,/content/raw/train_images/train_images/e2a47a74e6e1.png,Moderate,/content/processed/images_320/e2a47a74e6e1.jpg
9041eb43456e,2,train_images/train_images,/content/raw/train_images/train_images/9041eb43456e.png,Moderate,/content/processed/images_320/9041eb43456e.jpg
83e529e95b0e,1,train_images/train_images,/content/raw/train_images/train_images/83e529e95b0e.png,Mild,/content/processed/images_320/83e529e95b0e.jpg
276b14f72328,0,train_images/train_images,/content/raw/train_images/train_images/276b14f72328.png,No DR,/content/processed/images_320/276b14f72328.jpg
fc8fce67fbf8,0,test_images/test_images,/content/raw/test_images/test_images/fc8fce67fbf8.png,No DR,/content/processed/images_320/fc8fce67fbf8.jpg
50916d67bb51,0,train_images/train_images,/content/raw/train_images/train_images/50916d67bb51.png,No DR,/content/processed/images_320/50916d67bb51.jpg
495106ae3b68,0,train_images/train_images,/content/raw/train_images/train_images/495106ae3b68.png,No DR,/content/processed/images_320/495106ae3b68.jpg
27f82ada84ac,0,train_images/train_images,/content/raw/train_images/train_images/27f82ada84ac.png,No DR,/content/processed/images_320/27f82ada84ac.jpg
30cab14951ac,1,train_images/train_images,/content/raw/train_images/train_images/30cab14951ac.png,Mild,/content/processed/images_320/30cab14951ac.jpg
57760be09c03,2,train_images/train_images,/content/raw/train_images/train_images/57760be09c03.png,Moderate,/content/processed/images_320/57760be09c03.jpg
2a47e5b21791,2,train_images/train_images,/content/raw/train_images/train_images/2a47e5b21791.png,Moderate,/content/processed/images_320/2a47e5b21791.jpg
aea59ebec445,3,train_images/train_images,/content/raw/train_images/train_images/aea59ebec445.png,Severe,/content/processed/images_320/aea59ebec445.jpg
306c841af3fc,0,train_images/train_images,/content/raw/train_images/train_images/306c841af3fc.png,No DR,/content/processed/images_320/306c841af3fc.jpg
fca1a8738b8a,0,test_images/test_images,/content/raw/test_images/test_images/fca1a8738b8a.png,No DR,/content/processed/images_320/fca1a8738b8a.jpg
ad2f0b9d059c,3,train_images/train_images,/content/raw/train_images/train_images/ad2f0b9d059c.png,Severe,/content/processed/images_320/ad2f0b9d059c.jpg
9bf060db8376,3,train_images/train_images,/content/raw/train_images/train_images/9bf060db8376.png,Severe,/content/processed/images_320/9bf060db8376.jpg
63d217b059b6,2,train_images/train_images,/content/raw/train_images/train_images/63d217b059b6.png,Moderate,/content/processed/images_320/63d217b059b6.jpg
1ec95179cdfe,0,train_images/train_images,/content/raw/train_images/train_images/1ec95179cdfe.png,No DR,/content/processed/images_320/1ec95179cdfe.jpg
47b756014447,2,train_images/train_images,/content/raw/train_images/train_images/47b756014447.png,Moderate,/content/processed/images_320/47b756014447.jpg
09eeafa9656a,2,val_images/val_images,/content/raw/val_images/val_images/09eeafa9656a.png,Moderate,/content/processed/images_320/09eeafa9656a.jpg
4cfd22ae43d4,0,train_images/train_images,/content/raw/train_images/train_images/4cfd22ae43d4.png,No DR,/content/processed/images_320/4cfd22ae43d4.jpg
e7b5dd5bab1f,0,test_images/test_images,/content/raw/test_images/test_images/e7b5dd5bab1f.png,No DR,/content/processed/images_320/e7b5dd5bab1f.jpg
857002ed4e49,2,train_images/train_images,/content/raw/train_images/train_images/857002ed4e49.png,Moderate,/content/processed/images_320/857002ed4e49.jpg
4a1afe4044f4,0,train_images/train_images,/content/raw/train_images/train_images/4a1afe4044f4.png,No DR,/content/processed/images_320/4a1afe4044f4.jpg
210bfe0127c6,0,train_images/train_images,/content/raw/train_images/train_images/210bfe0127c6.png,No DR,/content/processed/images_320/210bfe0127c6.jpg
aa8a1e814811,0,train_images/train_images,/content/raw/train_images/train_images/aa8a1e814811.png,No DR,/content/processed/images_320/aa8a1e814811.jpg
fd62bd0db4f1,1,test_images/test_images,/content/raw/test_images/test_images/fd62bd0db4f1.png,Mild,/content/processed/images_320/fd62bd0db4f1.jpg
ba2624883599,2,train_images/train_images,/content/raw/train_images/train_images/ba2624883599.png,Moderate,/content/processed/images_320/ba2624883599.jpg
0a1076183736,2,val_images/val_images,/content/raw/val_images/val_images/0a1076183736.png,Moderate,/content/processed/images_320/0a1076183736.jpg
d67374d3fa2a,2,train_images/train_images,/content/raw/train_images/train_images/d67374d3fa2a.png,Moderate,/content/processed/images_320/d67374d3fa2a.jpg
e9faf0296643,0,test_images/test_images,/content/raw/test_images/test_images/e9faf0296643.png,No DR,/content/processed/images_320/e9faf0296643.jpg
549381330191,0,train_images/train_images,/content/raw/train_images/train_images/549381330191.png,No DR,/content/processed/images_320/549381330191.jpg
29192375ab1b,0,train_images/train_images,/content/raw/train_images/train_images/29192375ab1b.png,No DR,/content/processed/images_320/29192375ab1b.jpg
1632c4311fc9,2,val_images/val_images,/content/raw/val_images/val_images/1632c4311fc9.png,Moderate,/content/processed/images_320/1632c4311fc9.jpg
86fbac86ed3e,2,train_images/train_images,/content/raw/train_images/train_images/86fbac86ed3e.png,Moderate,/content/processed/images_320/86fbac86ed3e.jpg
691eeb59b4cb,0,train_images/train_images,/content/raw/train_images/train_images/691eeb59b4cb.png,No DR,/content/processed/images_320/691eeb59b4cb.jpg
8c4ceddeb1c6,0,train_images/train_images,/content/raw/train_images/train_images/8c4ceddeb1c6.png,No DR,/content/processed/images_320/8c4ceddeb1c6.jpg
4d167ca69ea8,0,train_images/train_images,/content/raw/train_images/train_images/4d167ca69ea8.png,No DR,/content/processed/images_320/4d167ca69ea8.jpg
ba2ea9182090,0,train_images/train_images,/content/raw/train_images/train_images/ba2ea9182090.png,No DR,/content/processed/images_320/ba2ea9182090.jpg
97da093947e8,4,train_images/train_images,/content/raw/train_images/train_images/97da093947e8.png,Proliferative DR,/content/processed/images_320/97da093947e8.jpg
b402daa0864c,2,train_images/train_images,/content/raw/train_images/train_images/b402daa0864c.png,Moderate,/content/processed/images_320/b402daa0864c.jpg
9ba469af2980,0,train_images/train_images,/content/raw/train_images/train_images/9ba469af2980.png,No DR,/content/processed/images_320/9ba469af2980.jpg
b351ae99413a,0,train_images/train_images,/content/raw/train_images/train_images/b351ae99413a.png,No DR,/content/processed/images_320/b351ae99413a.jpg
f62b8a076833,0,test_images/test_images,/content/raw/test_images/test_images/f62b8a076833.png,No DR,/content/processed/images_320/f62b8a076833.jpg
cf603a9ef2d5,1,train_images/train_images,/content/raw/train_images/train_images/cf603a9ef2d5.png,Mild,/content/processed/images_320/cf603a9ef2d5.jpg
3c53198519f7,2,train_images/train_images,/content/raw/train_images/train_images/3c53198519f7.png,Moderate,/content/processed/images_320/3c53198519f7.jpg
1638404f385c,4,val_images/val_images,/content/raw/val_images/val_images/1638404f385c.png,Proliferative DR,/content/processed/images_320/1638404f385c.jpg
b9b6ee2b9453,2,train_images/train_images,/content/raw/train_images/train_images/b9b6ee2b9453.png,Moderate,/content/processed/images_320/b9b6ee2b9453.jpg
eb050765b323,0,test_images/test_images,/content/raw/test_images/test_images/eb050765b323.png,No DR,/content/processed/images_320/eb050765b323.jpg
873dcc0b468f,4,train_images/train_images,/content/raw/train_images/train_images/873dcc0b468f.png,Proliferative DR,/content/processed/images_320/873dcc0b468f.jpg
677f087cd697,1,train_images/train_images,/content/raw/train_images/train_images/677f087cd697.png,Mild,/content/processed/images_320/677f087cd697.jpg
e135d7ba9a0e,0,train_images/train_images,/content/raw/train_images/train_images/e135d7ba9a0e.png,No DR,/content/processed/images_320/e135d7ba9a0e.jpg
e087bd4b88f2,0,train_images/train_images,/content/raw/train_images/train_images/e087bd4b88f2.png,No DR,/content/processed/images_320/e087bd4b88f2.jpg
976082127e2a,0,train_images/train_images,/content/raw/train_images/train_images/976082127e2a.png,No DR,/content/processed/images_320/976082127e2a.jpg
d8da9de62743,0,train_images/train_images,/content/raw/train_images/train_images/d8da9de62743.png,No DR,/content/processed/images_320/d8da9de62743.jpg
547b37da9223,2,train_images/train_images,/content/raw/train_images/train_images/547b37da9223.png,Moderate,/content/processed/images_320/547b37da9223.jpg
d5a39339ff3d,2,train_images/train_images,/content/raw/train_images/train_images/d5a39339ff3d.png,Moderate,/content/processed/images_320/d5a39339ff3d.jpg
5e7db41b3bee,4,train_images/train_images,/content/raw/train_images/train_images/5e7db41b3bee.png,Proliferative DR,/content/processed/images_320/5e7db41b3bee.jpg
a73c3d516c59,0,train_images/train_images,/content/raw/train_images/train_images/a73c3d516c59.png,No DR,/content/processed/images_320/a73c3d516c59.jpg
1e1fb019710d,2,train_images/train_images,/content/raw/train_images/train_images/1e1fb019710d.png,Moderate,/content/processed/images_320/1e1fb019710d.jpg
35777eb7859d,0,train_images/train_images,/content/raw/train_images/train_images/35777eb7859d.png,No DR,/content/processed/images_320/35777eb7859d.jpg
3286073a976e,0,train_images/train_images,/content/raw/train_images/train_images/3286073a976e.png,No DR,/content/processed/images_320/3286073a976e.jpg
c597ef460944,0,train_images/train_images,/content/raw/train_images/train_images/c597ef460944.png,No DR,/content/processed/images_320/c597ef460944.jpg
8ab3faa3701f,0,train_images/train_images,/content/raw/train_images/train_images/8ab3faa3701f.png,No DR,/content/processed/images_320/8ab3faa3701f.jpg
1f07dae3cadb,2,train_images/train_images,/content/raw/train_images/train_images/1f07dae3cadb.png,Moderate,/content/processed/images_320/1f07dae3cadb.jpg
36677b70b1ef,1,train_images/train_images,/content/raw/train_images/train_images/36677b70b1ef.png,Mild,/content/processed/images_320/36677b70b1ef.jpg
3cd9713c0ecb,0,train_images/train_images,/content/raw/train_images/train_images/3cd9713c0ecb.png,No DR,/content/processed/images_320/3cd9713c0ecb.jpg
d3de0d313d61,1,train_images/train_images,/content/raw/train_images/train_images/d3de0d313d61.png,Mild,/content/processed/images_320/d3de0d313d61.jpg
a2d349f567a6,2,train_images/train_images,/content/raw/train_images/train_images/a2d349f567a6.png,Moderate,/content/processed/images_320/a2d349f567a6.jpg
5b47043942f4,0,train_images/train_images,/content/raw/train_images/train_images/5b47043942f4.png,No DR,/content/processed/images_320/5b47043942f4.jpg
599b89048034,2,train_images/train_images,/content/raw/train_images/train_images/599b89048034.png,Moderate,/content/processed/images_320/599b89048034.jpg
5a179c123fd8,0,train_images/train_images,/content/raw/train_images/train_images/5a179c123fd8.png,No DR,/content/processed/images_320/5a179c123fd8.jpg
5188a8afa879,2,train_images/train_images,/content/raw/train_images/train_images/5188a8afa879.png,Moderate,/content/processed/images_320/5188a8afa879.jpg
9688c6ef5dc5,0,train_images/train_images,/content/raw/train_images/train_images/9688c6ef5dc5.png,No DR,/content/processed/images_320/9688c6ef5dc5.jpg
8d9516ea3587,0,train_images/train_images,/content/raw/train_images/train_images/8d9516ea3587.png,No DR,/content/processed/images_320/8d9516ea3587.jpg
d39752cb6e57,0,train_images/train_images,/content/raw/train_images/train_images/d39752cb6e57.png,No DR,/content/processed/images_320/d39752cb6e57.jpg
000c1434d8d7,2,val_images/val_images,/content/raw/val_images/val_images/000c1434d8d7.png,Moderate,/content/processed/images_320/000c1434d8d7.jpg
a8c950a99107,1,train_images/train_images,/content/raw/train_images/train_images/a8c950a99107.png,Mild,/content/processed/images_320/a8c950a99107.jpg
a64273801bde,2,train_images/train_images,/content/raw/train_images/train_images/a64273801bde.png,Moderate,/content/processed/images_320/a64273801bde.jpg
7b29e3783919,3,train_images/train_images,/content/raw/train_images/train_images/7b29e3783919.png,Severe,/content/processed/images_320/7b29e3783919.jpg
b1b3e7d0a5f3,4,train_images/train_images,/content/raw/train_images/train_images/b1b3e7d0a5f3.png,Proliferative DR,/content/processed/images_320/b1b3e7d0a5f3.jpg
55eac26bd383,1,train_images/train_images,/content/raw/train_images/train_images/55eac26bd383.png,Mild,/content/processed/images_320/55eac26bd383.jpg
511fd66b2df8,0,train_images/train_images,/content/raw/train_images/train_images/511fd66b2df8.png,No DR,/content/processed/images_320/511fd66b2df8.jpg
61c667663f2f,0,train_images/train_images,/content/raw/train_images/train_images/61c667663f2f.png,No DR,/content/processed/images_320/61c667663f2f.jpg
52230bbef30e,2,train_images/train_images,/content/raw/train_images/train_images/52230bbef30e.png,Moderate,/content/processed/images_320/52230bbef30e.jpg
d807c53c1399,0,train_images/train_images,/content/raw/train_images/train_images/d807c53c1399.png,No DR,/content/processed/images_320/d807c53c1399.jpg
1269ab57c2e6,2,val_images/val_images,/content/raw/val_images/val_images/1269ab57c2e6.png,Moderate,/content/processed/images_320/1269ab57c2e6.jpg
05b1bb2bdb81,0,val_images/val_images,/content/raw/val_images/val_images/05b1bb2bdb81.png,No DR,/content/processed/images_320/05b1bb2bdb81.jpg
a1e236fbc863,0,train_images/train_images,/content/raw/train_images/train_images/a1e236fbc863.png,No DR,/content/processed/images_320/a1e236fbc863.jpg
bd375ba756b1,0,train_images/train_images,/content/raw/train_images/train_images/bd375ba756b1.png,No DR,/content/processed/images_320/bd375ba756b1.jpg
d51c2153d151,0,train_images/train_images,/content/raw/train_images/train_images/d51c2153d151.png,No DR,/content/processed/images_320/d51c2153d151.jpg
fdc685055659,0,test_images/test_images,/content/raw/test_images/test_images/fdc685055659.png,No DR,/content/processed/images_320/fdc685055659.jpg
5c817060c0ed,0,train_images/train_images,/content/raw/train_images/train_images/5c817060c0ed.png,No DR,/content/processed/images_320/5c817060c0ed.jpg
fa0c87bd75ce,0,test_images/test_images,/content/raw/test_images/test_images/fa0c87bd75ce.png,No DR,/content/processed/images_320/fa0c87bd75ce.jpg
a443c4fd489c,1,train_images/train_images,/content/raw/train_images/train_images/a443c4fd489c.png,Mild,/content/processed/images_320/a443c4fd489c.jpg
d473f6fafba0,2,train_images/train_images,/content/raw/train_images/train_images/d473f6fafba0.png,Moderate,/content/processed/images_320/d473f6fafba0.jpg
6e44f6d04fc9,0,train_images/train_images,/content/raw/train_images/train_images/6e44f6d04fc9.png,No DR,/content/processed/images_320/6e44f6d04fc9.jpg
9985375d709f,0,train_images/train_images,/content/raw/train_images/train_images/9985375d709f.png,No DR,/content/processed/images_320/9985375d709f.jpg
269f0792f11f,2,train_images/train_images,/content/raw/train_images/train_images/269f0792f11f.png,Moderate,/content/processed/images_320/269f0792f11f.jpg
d6228d951958,2,train_images/train_images,/content/raw/train_images/train_images/d6228d951958.png,Moderate,/content/processed/images_320/d6228d951958.jpg
594f69b503ad,2,train_images/train_images,/content/raw/train_images/train_images/594f69b503ad.png,Moderate,/content/processed/images_320/594f69b503ad.jpg
68332fdcaa70,1,train_images/train_images,/content/raw/train_images/train_images/68332fdcaa70.png,Mild,/content/processed/images_320/68332fdcaa70.jpg
9782c0489eca,1,train_images/train_images,/content/raw/train_images/train_images/9782c0489eca.png,Mild,/content/processed/images_320/9782c0489eca.jpg
e97ecf4355cb,0,test_images/test_images,/content/raw/test_images/test_images/e97ecf4355cb.png,No DR,/content/processed/images_320/e97ecf4355cb.jpg
bb45257258cc,1,train_images/train_images,/content/raw/train_images/train_images/bb45257258cc.png,Mild,/content/processed/images_320/bb45257258cc.jpg
4210809074c1,0,train_images/train_images,/content/raw/train_images/train_images/4210809074c1.png,No DR,/content/processed/images_320/4210809074c1.jpg
f0800723bc63,2,test_images/test_images,/content/raw/test_images/test_images/f0800723bc63.png,Moderate,/content/processed/images_320/f0800723bc63.jpg
5152bf091152,2,train_images/train_images,/content/raw/train_images/train_images/5152bf091152.png,Moderate,/content/processed/images_320/5152bf091152.jpg
